Workbook

Sheet Tawas
A1: LAPORAN PERSEDIAAN BAHAN KIMIA
A2: PDAM KAB SERUYAN TAHUN 2022
A3: TAWAS
A4: BULAN | B4: SALDO AWAL | E4: PENAMBAHAN | H4: PEMAKAIAN | J4: SALDO AKHIR
B5: Volume | C5: Hrg/Kg (Rp) | D5: Jumlah (Rp) | E5: Volume | F5: Hrg/Kg (Rp) | G5: Jumlah | H5: Volume | I5: Jumlah (Rp) | J5: Volume | K5: Jumlahm (Rp)
A7: Januari | B7: 2 | C7: 6100 | D7: =B7*C7 -> 12200 | I7: =H7*C7 -> 0 | J7: =B7+E7-H7 -> 2 | K7: =D7+G7-I7 -> 12200
G8: =E8*F8 -> 0 | J8: =B8+E8-H8 -> 0 | K8: =D8+G8-I8 -> 0 | L8: example
J9: =SUM(J7:J8) -> 2 | K9: =SUM(K7:K8) -> 12200
A11: Februari | I11: =H11*C11 -> 0 | J11: =B11+E11-H11 -> 0 | K11: =D11+G11-I11 -> 0
J12: =B12+E12-H12 -> 0 | K12: =D12+G12-I12 -> 0
B13: =SUM(B11:B12) -> 0 | J13: =SUM(J11:J12) -> 0 | K13: =SUM(K11:K12) -> 0
A15: Maret | I15: =H15*C15 -> 0 | J15: =B15+E15-H15 -> 0 | K15: =D15+G15-I15 -> 0
B16: =J12 -> 0 | J16: =B16+E16-H16 -> 0 | K16: =D16+G16-I16 -> 0
B17: =SUM(B15:B16) -> 0 | J17: =SUM(J15:J16) -> 0 | K17: =SUM(K15:K16) -> 0
A19: April | I19: =H19*C19 -> 0 | J19: =B19+E19-H19 -> 0 | K19: =D19+G19-I19 -> 0
B20: =J16 -> 0 | J20: =B20+E20-H20 -> 0 | K20: =D20+G20-I20 -> 0
B21: =SUM(B19:B20) -> 0 | J21: =SUM(J19:J20) -> 0 | K21: =SUM(K19:K20) -> 0
A23: Mei | I23: =H23*C23 -> 0 | J23: =B23+E23-H23 -> 0 | K23: =D23+G23-I23 -> 0
B24: =J20 -> 0 | I24: =C24*H24 -> 0 | J24: =B24+E24-H24 -> 0 | K24: =D24+G24-I24 -> 0 | L24: =J24*C24 -> 0
B25: =SUM(B23:B24) -> 0 | H25: =SUM(H23:H24) -> 0 | I25: =SUM(I23:I24) -> 0 | J25: =SUM(J23:J24) -> 0 | K25: =SUM(K23:K24) -> 0
A27: JUNI | D27: =K24 -> 0 | I27: =C27*H27 -> 0 | J27: =B27+E27-H27 -> 0 | K27: =D27+G27-I27 -> 0 | L27: =J27*C27 -> 0
L28: ='TAWAS BENAR'!Q25+'TAWAS BENAR'!J16+'TAWAS BENAR'!J21+'TAWAS BENAR'!#REF!+'TAWAS BENAR'!M8 -> #REF!
A29: JULI | D29: =K27 -> 0 | I29: =C29*H29 -> 0 | J29: =B29+E29-H29 -> 0 | K29: =D29+G29-I29 -> 0
A31: AGUSTUS | D31: =K29 -> 0 | G31: =E31*F31 -> 0 | I31: =C31*H31 -> 0 | J31: =B31+E31-H31 -> 0 | K31: =D31+G31-I31 -> 0
A33: SEPTEMBER | D33: =K31 -> 0 | I33: =C33*H33 -> 0 | J33: =B33+E33-H33 -> 0 | K33: =D33+G33-I33 -> 0
A35: OKTOBER | D35: =K33 -> 0 | I35: =C35*H35 -> 0 | J35: =B35+E35-H35 -> 0 | K35: =D35+G35-I35 -> 0
A37: NOVEMBER | D37: =K35 -> 0 | I37: =C37*H37 -> 0 | J37: =B37+E37-H37 -> 0 | K37: =D37+G37-I37 -> 0 | L37: =J37*C37 -> 0
A39: DESEMBER | D39: =K37 -> 0 | I39: =C39*H39 -> 0 | J39: =B39+E39-H39 -> 0 | K39: =D39+G39-I39 -> 0
A41: JUMLAH PEMBELIAN & PEMAKAIAN TAWAS | E41: =SUM(E13:E40) -> 0 | G41: =SUM(G13:G40) -> 0 | H41: =H7+H11+H12+H15+H16+H17+H18+H19+H20+H21+H27+H28 -> 0 | I41: =I7+I11+I12+I15+I16+I17+I18+I19+I20+I21+I27+I28 -> 0 | J41: =J28 -> 0 | K41: =K28 -> 0

Sheet Kaporit
A1: LAPORAN PERSEDIAAN BAHAN KIMIA
A2: PDAM KAB SERUYAN TAHUN 2022
A3: KAPORIT
A5: BULAN | B5: SALDO AWAL | E5: PENAMBAHAN | H5: PEMAKAIAN | J5: SALDO AKHIR
B6: Volume | C6: Hrg/Kg | D6: Jumlah (Rp) | E6: Volume | F6: Hrg/Kg | G6: Jumlah | H6: Volume | I6: Jumlah (Rp) | J6: Volume | K6: Jumlah (Rp)
A8: Januari | D8: =B8*C8 -> 0 | I8: =H8*C8 -> 0 | J8: =B8+E8-H8 -> 0 | K8: =D8+G8-I8 -> 0
G9: =E9*F9 -> 0 | J9: =B9+E9-H9 -> 0 | K9: =D9+G9-I9 -> 0
J10: =SUM(J8:J9) -> 0 | K10: =SUM(K8:K9) -> 0
A12: Februari | D12: =K8 -> 0 | I12: =H12*C12 -> 0 | J12: =B12+E12-H12 -> 0 | K12: =D12+G12-I12 -> 0
D13: =K9 -> 0 | J13: =B13+E13-H13 -> 0 | K13: =D13+G13-I13 -> 0
B14: =SUM(B12:B13) -> 0 | D14: =SUM(D12:D13) -> 0 | J14: =SUM(J12:J13) -> 0 | K14: =SUM(K12:K13) -> 0
A16: Maret | D16: =K12 -> 0 | I16: =H16*C16 -> 0 | J16: =B16+E16-H16 -> 0 | K16: =D16+G16-I16 -> 0
B17: =J13 -> 0 | D17: =K13 -> 0 | J17: =B17+E17-H17 -> 0 | K17: =D17+G17-I17 -> 0
B18: =SUM(B16:B17) -> 0 | D18: =SUM(D16:D17) -> 0 | J18: =SUM(J16:J17) -> 0 | K18: =SUM(K16:K17) -> 0
A20: April | D20: =K16 -> 0 | I20: =H20*C20 -> 0 | J20: =B20+E20-H20 -> 0 | K20: =D20+G20-I20 -> 0
B21: =J17 -> 0 | D21: =K17 -> 0 | J21: =B21+E21-H21 -> 0 | K21: =D21+G21-I21 -> 0
B22: =SUM(B20:B21) -> 0 | D22: =SUM(D20:D21) -> 0 | J22: =SUM(J20:J21) -> 0 | K22: =SUM(K20:K21) -> 0
A24: MEI | D24: =K20 -> 0 | I24: =H24*C24 -> 0 | J24: =B24+E24-H24 -> 0 | K24: =D24+G24-I24 -> 0
B25: =J21 -> 0 | D25: =K21 -> 0 | I25: =H25*C25 -> 0 | J25: =B25+E25-H25 -> 0 | K25: =D25+G25-I25 -> 0
B26: =SUM(B24:B25) -> 0 | D26: =SUM(D24:D25) -> 0 | H26: =SUM(H24:H25) -> 0 | I26: =SUM(I24:I25) -> 0 | J26: =SUM(J24:J25) -> 0 | K26: =SUM(K24:K25) -> 0 | M26: =J25*C25 -> 0
A28: JUNI | D28: =K25 -> 0 | I28: =H28*C28 -> 0 | J28: =B28+E28-H28 -> 0 | K28: =D28+G28-I28 -> 0 | M28: =C28*J28 -> 0
A30: JULI | D30: =K28 -> 0 | I30: =H30*C30 -> 0 | J30: =B30+E30-H30 -> 0 | K30: =D30+G30-I30 -> 0
A32: AGUSTUS | D32: =K30 -> 0 | I32: =H32*C32 -> 0 | J32: =B32+E32-H32 -> 0 | K32: =D32+G32-I32 -> 0
A34: SEPTEMBER | D34: =K32 -> 0 | I34: =H34*C34 -> 0 | J34: =B34+E34-H34 -> 0 | K34: =D34+G34-I34 -> 0
A36: OKTOBER | D36: =K34 -> 0 | I36: =H36*C36 -> 0 | J36: =B36+E36-H36 -> 0 | K36: =D36+G36-I36 -> 0
A38: NOVEMBER | D38: =K36 -> 0 | I38: =H38*C38 -> 0 | J38: =B38+E38-H38 -> 0 | K38: =D38+G38-I38 -> 0 | M38: =J38*C38 -> 0
A39: DESEMBER | D39: =K38 -> 0 | I39: =H39*C39 -> 0 | J39: =B39+E39-H39 -> 0 | K39: =D39+G39-I39 -> 0
A42: JUMLAH PEMAKAIAN & PEMBELIAN KAPORIT | E42: =SUM(E8:E41) -> 0 | G42: =SUM(G8:G41) -> 0 | H42: =SUM(H8:H41) -> 0 | I42: =I8+I16+I17+I18+I19+I20+I21+I22+I23+I24+I32+I40 -> 0 | J42: =J40 -> 0 | K42: =K40 -> 0

Sheet Soda Ash
A1: LAPORAN PERSEDIAAN BAHAN KIMIA
A2: PDAM KAB SERUYAN TAHUN 2022
A4: Soda Ash
A6: BULAN | B6: SALDO AWAL | E6: PENAMBAHAN | H6: PEMAKAIAN | J6: SALDO AKHIR
B7: Volume | C7: Hrg/Kg | D7: Jumlah (Rp) | E7: Volume | F7: Hrg/Kg | G7: Jumlah (Rp) | H7: Volume | I7: Jumlah (Rp) | J7: Volume | K7: Jumlah (Rp)
A9: Januari | D9: =B9*C9 -> 0 | I9: =H9*C9 -> 0 | J9: =B9+E9-H9 -> 0 | K9: =D9+G9-I9 -> 0
D10: =B10*C10 -> 0 | G10: =E10*F10 -> 0 | J10: =B10+E10-H10 -> 0 | K10: =D10+G10-I10 -> 0
B11: =SUM(B9:B10) -> 0 | D11: =SUM(D9:D10) -> 0 | J11: =SUM(J9:J10) -> 0 | K11: =SUM(K9:K10) -> 0
A13: Februari | D13: =K9 -> 0 | I13: =H13*C13 -> 0 | J13: =B13+E13-H13 -> 0 | K13: =D13+G13-I13 -> 0
D14: =K10 -> 0 | J14: =B14+E14-H14 -> 0 | K14: =D14+G14-I14 -> 0
B15: =SUM(B13:B14) -> 0 | D15: =SUM(D13:D14) -> 0 | J15: =SUM(J13:J14) -> 0 | K15: =SUM(K13:K14) -> 0
A17: Maret | D17: =K13 -> 0 | I17: =H17*C17 -> 0 | J17: =B17+E17-H17 -> 0 | K17: =D17+G17-I17 -> 0
B18: =J14 -> 0 | D18: =K14 -> 0 | J18: =B18+E18-H18 -> 0 | K18: =D18+G18-I18 -> 0
B19: =SUM(B17:B18) -> 0 | D19: =SUM(D17:D18) -> 0 | J19: =SUM(J17:J18) -> 0 | K19: =SUM(K17:K18) -> 0
A21: April | D21: =K17 -> 0 | I21: =H21*C21 -> 0 | J21: =B21+E21-H21 -> 0 | K21: =D21+G21-I21 -> 0
B22: =J18 -> 0 | D22: =K18 -> 0 | J22: =B22+E22-H22 -> 0 | K22: =D22+G22-I22 -> 0
B23: =SUM(B21:B22) -> 0 | D23: =SUM(D21:D22) -> 0 | J23: =SUM(J21:J22) -> 0 | K23: =SUM(K21:K22) -> 0
A25: MEI | D25: =K21 -> 0 | I25: =H25*C25 -> 0 | J25: =B25+E25-H25 -> 0 | K25: =D25+G25-I25 -> 0 | L25: =J25*C25 -> 0
B26: =J22 -> 0 | D26: =K22 -> 0 | J26: =B26+E26-H26 -> 0 | K26: =D26+G26-I26 -> 0 | L26: =J26*C26 -> 0
B27: =SUM(B25:B26) -> 0 | D27: =SUM(D25:D26) -> 0 | J27: =SUM(J25:J26) -> 0 | K27: =SUM(K25:K26) -> 0
A29: JUNI | D29: =K25 -> 0 | I29: =H29*C29 -> 0 | J29: =B29+E29-H29 -> 0 | K29: =D29+G29-I29 -> 0 | L29: =J29*C29 -> 0
B30: =J26 -> 0 | D30: =K26 -> 0 | J30: =B30+E30-H30 -> 0 | K30: =D30+G30-I30 -> 0 | L30: =J30*C30 -> 0
B31: =SUM(B29:B30) -> 0 | D31: =SUM(D29:D30) -> 0 | J31: =SUM(J29:J30) -> 0 | K31: =SUM(K29:K30) -> 0 | L31: ='SODA ASH BENAR'!#REF!+'SODA ASH BENAR'!J22 -> #REF!
A33: JULI | D33: =K29 -> 0 | I33: =H33*C33 -> 0 | J33: =B33+E33-H33 -> 0 | K33: =D33+G33-I33 -> 0
B34: =J30 -> 0 | D34: =K30 -> 0 | J34: =B34+E34-H34 -> 0 | K34: =D34+G34-I34 -> 0
B35: =SUM(B33:B34) -> 0 | D35: =SUM(D33:D34) -> 0 | J35: =SUM(J33:J34) -> 0 | K35: =SUM(K33:K34) -> 0
A37: AGUSTUS | D37: =K33 -> 0 | I37: =H37*C37 -> 0 | J37: =B37+E37-H37 -> 0 | K37: =D37+G37-I37 -> 0 | L37: =J37*C37 -> 0
B38: =J34 -> 0 | D38: =K34 -> 0 | J38: =B38+E38-H38 -> 0 | K38: =D38+G38-I38 -> 0 | L38: =J38*C38 -> 0
B39: =SUM(B37:B38) -> 0 | D39: =SUM(D37:D38) -> 0 | J39: =SUM(J37:J38) -> 0 | K39: =SUM(K37:K38) -> 0
A41: SEPTEMBER | D41: =K37 -> 0 | I41: =H41*C41 -> 0 | J41: =B41+E41-H41 -> 0 | K41: =D41+G41-I41 -> 0
B42: =J38 -> 0 | D42: =K38 -> 0 | J42: =B42+E42-H42 -> 0 | K42: =D42+G42-I42 -> 0
B43: =SUM(B41:B42) -> 0 | D43: =SUM(D41:D42) -> 0 | J43: =SUM(J41:J42) -> 0 | K43: =SUM(K41:K42) -> 0
A45: OKTOBER | D45: =K41 -> 0 | I45: =H45*C45 -> 0 | J45: =B45+E45-H45 -> 0 | K45: =D45+G45-I45 -> 0
B46: =J42 -> 0 | D46: =K42 -> 0 | J46: =B46+E46-H46 -> 0 | K46: =D46+G46-I46 -> 0
B47: =SUM(B45:B46) -> 0 | D47: =SUM(D45:D46) -> 0 | J47: =SUM(J45:J46) -> 0 | K47: =SUM(K45:K46) -> 0
A49: NOVEMBER | D49: =K45 -> 0 | I49: =H49*C49 -> 0 | J49: =B49+E49-H49 -> 0 | K49: =D49+G49-I49 -> 0 | L49: =J49*C49 -> 0
B50: =J46 -> 0 | D50: =K46 -> 0 | J50: =B50+E50-H50 -> 0 | K50: =D50+G50-I50 -> 0 | L50: =J50*C50 -> 0
B51: =SUM(B49:B50) -> 0 | D51: =SUM(D49:D50) -> 0 | J51: =SUM(J49:J50) -> 0 | K51: =SUM(K49:K50) -> 0
A53: DESEMBER | D53: =K49 -> 0 | I53: =H53*C53 -> 0 | J53: =B53+E53-H53 -> 0 | K53: =D53+G53-I53 -> 0
B54: =J50 -> 0 | D54: =K50 -> 0 | J54: =B54+E54-H54 -> 0 | K54: =D54+G54-I54 -> 0
B55: =SUM(B53:B54) -> 0 | D55: =SUM(D53:D54) -> 0 | J55: =SUM(J53:J54) -> 0 | K55: =SUM(K53:K54) -> 0
A57: JUMLAH PEMBELIAN & PEMAKAIAN SODA ASH | E57: =SUM(E9:E56) -> 0 | G57: =SUM(G9:G56) -> 0 | H57: =H39+H32+H29+H28+H27+H26+H25+H20+H17+H14+H13+H9 -> 0 | I57: =I39+I32+I29+I28+I27+I26+I25+I20+I17+I14+I13+I9 -> 0 | J57: =J39 -> 0 | K57: =K39 -> 0

Sheet BBM Solar
A1: LAPORAN PERSEDIAAN BAHAN KIMIA
A2: PERUMDAM TIRTA SERUYAN TAHUN 2024
A4: DEXLITE
A6: BULAN | B6: SALDO AWAL | E6: PENAMBAHAN | H6: PEMAKAIAN | J6: SALDO AKHIR
B7: Volume | C7: Hrg/Kg | D7: Jumlah | E7: Volume | F7: Hrg/Kg | G7: Jumlah | H7: Volume | I7: Jumlah | J7: Volume | K7: Hrg/Kg | L7: Jumlah
A9: Januari
A11: Feb
A13: Maret
A15: April
A17: MEI
A22: JUNI
A25: JULI
A27: AGUSTUS
A34: SEPTEMBER
A36: OKTOBER
A38: NOVEMBER
A40: DESEMBER
A42: JUMLAH | E42: =SUM(E9:E41) -> 0 | G42: =SUM(G9:G41) -> 0 | H42: =#REF!+H11 -> #REF! | I42: =#REF!+I11 -> #REF! | J42: =#REF! -> #REF! | K42: =K39 -> 0 | L42: =#REF! -> #REF!

Sheet Tawas Hanau
A1: LAPORAN PERSEDIAAN BAHAN KIMIA
A2: PERUMDAM TIRTA SERUYAN TAHUN 2026
A3: TAWAS
A4: BULAN | B4: SALDO AWAL | E4: PENAMBAHAN | H4: PEMAKAIAN | J4: SALDO AKHIR
B5: Volume | C5: Hrg/Kg (Rp) | D5: Jumlah (Rp) | E5: Volume | F5: Hrg/Kg (Rp) | G5: Jumlah | H5: Volume | I5: Jumlah (Rp) | J5: Volume | K5: Jumlahm (Rp)
A7: Januari | D7: =B7*C7 -> 0 | G7: =E7*F7 -> 0 | I7: =H7*C7 -> 0 | J7: =B7+E7-H7 -> 0 | K7: =D7+G7-I7 -> 0
G8: =E8*F8 -> 0
A9: Februari | D9: =B9*C9 -> 0 | G9: =E9*F9 -> 0 | H9: =B9 -> 0 | I9: =H9*C9 -> 0 | J9: =B9+E9-H9 -> 0 | K9: =J9*C9 -> 0
G10: =E10*F10 -> 0 | I10: =H10*F10 -> 0 | J10: =B10+E10-H10 -> 0 | K10: =J10*F10 -> 0
I11: =SUM(I9:I10) -> 0 | J11: =SUM(J9:J10) -> 0 | K11: =SUM(K9:K10) -> 0
A14: Maret | D14: =C14*B14 -> 0 | F14: =C14 -> 0 | G14: =E14*F14 -> 0 | I14: =H14*C14 -> 0 | J14: =B14+E14-H14 -> 0 | K14: =J14*C14 -> 0
J15: =E15-H15 -> 0 | K15: =J15*F15 -> 0
J16: =J15 -> 0 | K16: =J16*F15 -> 0
D18: =B18*C18 -> 0 | I18: =H18*C18 -> 0 | J18: =B18+E18-H18 -> 0 | K18: =J18*C18 -> 0
A19: April | D19: =B19*C19 -> 0 | I19: =H19*C19 -> 0 | J19: =B19+E19-H19 -> 0 | K19: =J19*C19 -> 0
A21: MEI | D21: =B21*C21 -> 0 | G21: =E21*F21 -> 0 | I21: =H21*C21 -> 0 | J21: =B21+E21-H21 -> 0 | K21: =J21*C21 -> 0
G22: =E22*F22 -> 0
A23: JUNI | D23: =B23*C23 -> 0 | G23: =E23*F23 -> 0 | I23: =H23*C23 -> 0 | J23: =B23+E23-H23 -> 0 | K23: =J23*C23 -> 0
G24: =E24*F24 -> 0 | J24: =B24+E24-H24 -> 0 | K24: =J24*F24 -> 0
A25: JULI | D25: =B25*C25 -> 0 | G25: =E25*F25 -> 0 | I25: =H25*C25 -> 0 | J25: =B25+E25-H25 -> 0 | K25: =J25*C25 -> 0
A27: AGUSTUS | D27: =B27*C27 -> 0 | G27: =E27*F27 -> 0 | I27: =H27*C27 -> 0 | J27: =B27+E27-H27 -> 0 | K27: =J27*C27 -> 0
J28: =B28+E28-H28 -> 0
A29: SEPTEMBER | D29: =B29*C29 -> 0 | I29: =H29*C29 -> 0 | J29: =B29+E29-H29 -> 0 | K29: =J29*C29 -> 0
A31: OKTOBER | D31: =B31*C31 -> 0 | G31: =E31*F31 -> 0 | I31: =H31*C31 -> 0 | J31: =B31+E31-H31 -> 0 | K31: =J31*C31 -> 0
G32: =E32*F32 -> 0 | I32: =H32*F32 -> 0 | J32: =B32+E32-H32 -> 0 | K32: =J32*F32 -> 0
A33: NOVEMBER | D33: =B33*C33 -> 0 | G33: =E33*F33 -> 0 | I33: =H33*C33 -> 0 | J33: =B33+E33-H33 -> 0 | K33: =J33*C33 -> 0 | L33: =J33*C33 -> 0
J34: =B34+E34-H34 -> 0 | K34: =J34*C34 -> 0
A35: DESEMBER | D35: =B35*C35 -> 0 | G35: =E35*F35 -> 0 | I35: =H35*C35 -> 0 | J35: =B35+E35-H35 -> 0 | K35: =J35*C35 -> 0
A37: JUMLAH PEMBELIAN & PEMAKAIAN TAWAS | E37: =SUM(E8:E36) -> 0 | G37: =SUM(G8:G36) -> 0 | J37: =J14 -> 0 | K37: =K14 -> 0

Sheet Kaporit Hanau
A1: LAPORAN PERSEDIAAN BAHAN KIMIA
A2: PERUMDAM TIRTA SERUYAN TAHUN 2026
A3: KAPORIT
A4: BULAN | B4: SALDO AWAL | E4: PENAMBAHAN | H4: PEMAKAIAN | J4: SALDO AKHIR
B5: Volume | C5: Hrg/Kg (Rp) | D5: Jumlah (Rp) | E5: Volume | F5: Hrg/Kg (Rp) | G5: Jumlah | H5: Volume | I5: Jumlah (Rp) | J5: Volume | K5: Jumlah (Rp)
A7: Januari | D7: =B7*C7 -> 0 | H7: 0 | I7: =H7*C7 -> 0 | J7: =B7+E7-H7 -> 0 | K7: =D7+G7-I7 -> 0
A9: Februari | D9: =B9*C9 -> 0 | G9: =E9*F9 -> 0 | I9: =H9*F9 -> 0 | J9: =B9+E9-H9 -> 0 | K9: =J9*C9 -> 0
A11: Maret | D11: =B11*C11 -> 0 | G11: =F11*E11 -> 0 | I11: =H11*C11 -> 0 | J11: =B11+E11-H11 -> 0 | K11: =J11*C11 -> 0
D12: =B12*C12 -> 0 | G12: =E12*F12 -> 0 | J12: =B12+E12-H12 -> 0 | K12: =J12*F12 -> 0
D13: =B13*C13 -> 0 | H13: 0 | I13: =H13*C13 -> 0 | J13: =SUM(J11:J12) -> 0 | K13: =SUM(K11:K12) -> 0
D14: =B14*C14 -> 0 | K14: =J14*C14 -> 0
A15: April | D15: =B15*C15 -> 0 | I15: =H15*C15 -> 0 | J15: =B15+E15-H15 -> 0 | K15: =J15*C15 -> 0
K16: =J16*C16 -> 0
A17: MEI | D17: =B17*C17 -> 0 | I17: =H17*C17 -> 0 | J17: =B17+E17-H17 -> 0 | K17: =J17*C17 -> 0
D18: =B18*C18 -> 0 | J18: =B18+E18-H18 -> 0 | K18: =J18*C18 -> 0
A19: JULI | D19: =B19*C19 -> 0 | I19: =H19*C19 -> 0 | J19: =B19+E19-H19 -> 0 | K19: =J19*C19 -> 0
J20: =B20+E20-H20 -> 0 | K20: =J20*C20 -> 0
A21: AGUSTUS | D21: =B21*C21 -> 0 | I21: =H21*C21 -> 0 | J21: =B21+E21-H21 -> 0 | K21: =J21*C21 -> 0
A23: SEPTEMBER | D23: =B23*C23 -> 0 | I23: =H23*C23 -> 0 | J23: =B23+E23-H23 -> 0 | K23: =J23*C23 -> 0
J24: =B24+E24-H24 -> 0
A25: OKTOBER | D25: =B25*C25 -> 0 | H25: 0 | J25: =B25+E25-H25 -> 0 | K25: =J25*C25 -> 0
J26: =B26+E26-H26 -> 0 | K26: =J26*C26 -> 0
A27: NOIVEMBER | D27: =B27*C27 -> 0 | H27: 0 | J27: =B27+E27-H27 -> 0 | K27: =J27*C27 -> 0 | L27: =J27*C27 -> 0
D28: =B28*C28 -> 0 | J28: =B28+E28-H28 -> 0 | K28: =J28*C28 -> 0
A29: DESEMBER | D29: =B29*C29 -> 0 | I29: =H29*C29 -> 0 | J29: =B29+E29-H29 -> 0 | K29: =J29*C29 -> 0
A31: JUMLAH PEMBELIAN & PEMAKAIAN HAPORIT | E31: =SUM(E8:E30) -> 0 | G31: =SUM(G8:G30) -> 0 | J31: =J15 -> 0 | K31: =K15 -> 0

Sheet Soda Ash Hanau
A1: LAPORAN PERSEDIAAN BAHAN KIMIA
A2: PERUMDAM TIRTA SERUYAN TAHUN 2025
A3: SODA ASH
A4: BULAN | B4: SALDO AWAL | E4: PENAMBAHAN | H4: PEMAKAIAN | J4: SALDO AKHIR
B5: Volume | C5: Hrg/Kg (Rp) | D5: Jumlah (Rp) | E5: Volume | F5: Hrg/Kg (Rp) | G5: Jumlah | H5: Volume | I5: Jumlah (Rp) | J5: Volume | K5: Jumlahm (Rp)
A7: Januari | D7: =B7*C7 -> 0 | G7: =E7*F7 -> 0 | I7: =H7*C7 -> 0 | J7: =B7+E7-H7 -> 0 | K7: =D7+G7-I7 -> 0
J8: =B8+E8-H8 -> 0 | K8: =D8+G8-I8 -> 0
A9: Februari | D9: =B9*C9 -> 0 | G9: =E9*F9 -> 0 | I9: =H9*C9 -> 0 | J9: =B9+E9-H9 -> 0 | K9: =J9*C9 -> 0
J10: =B10+E10-H10 -> 0
A11: Maret | D11: =B11*C11 -> 0 | G11: =F11*E11 -> 0 | I11: =H11*C11 -> 0 | J11: =B11+E11-H11 -> 0 | K11: =J11*C11 -> 0
G12: =E12*F12 -> 0 | I12: =H12*F12 -> 0 | J12: =B12+E12-H12 -> 0 | K12: =J12*F12 -> 0
D13: =B13*C13 -> 0 | I13: =SUM(I11:I12) -> 0 | J13: =SUM(J11:J12) -> 0 | K13: =SUM(K11:K12) -> 0
J14: =B14+E14-H14 -> 0 | K14: =J14*C14 -> 0
A15: April | D15: =B15*C15 -> 0 | G15: =E15*F15 -> 0 | I15: =H15*C15 -> 0 | J15: =B15+E15-H15 -> 0 | K15: =J15*C15 -> 0
A17: MEI | D17: =B17*C17 -> 0 | I17: =H17*C17 -> 0 | J17: =B17+E17-H17 -> 0 | K17: =J17*C17 -> 0
A19: JULI | D19: =B19*C19 -> 0 | G19: =E19*F19 -> 0 | I19: =H19*C19 -> 0 | J19: =B19+E19-H19 -> 0 | K19: =J19*C19 -> 0
A21: AGUSTUS | D21: =B21*C21 -> 0 | G21: =E21*F21 -> 0 | I21: =H21*C21 -> 0 | J21: =B21+E21-H21 -> 0 | K21: =J21*C21 -> 0
A23: SEPTEMBER | D23: =B23*C23 -> 0 | I23: =H23*C23 -> 0 | J23: =B23+E23-H23 -> 0 | K23: =J23*C23 -> 0
J24: =B24+E24-H24 -> 0
A25: OKTOBER | D25: =B25*C25 -> 0 | G25: =E25*F25 -> 0 | I25: =H25*C25 -> 0 | J25: =B25+E25-H25 -> 0 | K25: =J25*C25 -> 0
D26: =B26*C26 -> 0
A27: NOVEMBER | D27: =B27*C27 -> 0 | G27: =E27*F27 -> 0 | I27: =H27*C27 -> 0 | J27: =B27+E27-H27 -> 0 | K27: =J27*C27 -> 0 | L27: =J27*C27 -> 0
D28: =B28*C28 -> 0 | I28: =H28*C28 -> 0 | J28: =B28+E28-H28 -> 0 | K28: =J28*C28 -> 0
A29: DESEMBER | D29: =B29*C29 -> 0 | I29: =H29*C29 -> 0 | J29: =B29+E29-H29 -> 0 | K29: =J29*C29 -> 0
A30: JUMLAH PEMBELIAN & PEMAKAIAN SODA ASH | E30: =SUM(E8:E29) -> 0 | G30: =SUM(G8:G29) -> 0 | K30: =K15 -> 0

Sheet Polimer Hanau
A1: LAPORAN PERSEDIAAN BAHAN KIMIA
A2: PERUMDAM SERUYAN TAHUN 2024
A4: POLIMER
A6: BULAN | B6: SALDO AWAL | E6: PENAMBAHAN | H6: PEMAKAIAN | J6: SALDO AKHIR
B7: Volume | C7: Hrg/Kg | D7: Jumlah (Rp) | E7: Volume | F7: Hrg/Kg | G7: Jumlah (Rp) | H7: Volume | I7: Jumlah (Rp) | J7: Volume | K7: Jumlah (Rp)
A8: Januari | D8: =B8*C8 -> 0 | J8: =B8+E8-H8 -> 0 | K8: =J8*C8 -> 0
A9: Februari | C9: =C8 -> 0 | D9: =B9*C9 -> 0 | G9: =E9*F9 -> 0 | I9: =H9*F9 -> 0 | J9: =B9+E9-H9 -> 0 | K9: =J9*C9 -> 0
A10: Maret | D10: =B10*C10 -> 0 | I10: =H10*C10 -> 0 | J10: =B10+E10-H10 -> 0 | K10: =J10*C10 -> 0
A11: April | D11: =B11*C11 -> 0 | I11: =H11*C11 -> 0 | J11: =B11+E11-H11 -> 0 | K11: =J11*C11 -> 0
A12: Mei | D12: =B12*C12 -> 0 | I12: =H12*C12 -> 0 | J12: =B12+E12-H12 -> 0 | K12: =J12*C12 -> 0
A13: Juni | D13: =B13*C13 -> 0 | I13: =H13*C13 -> 0 | J13: =B13+E13-H13 -> 0 | K13: =J13*C13 -> 0
A14: Juli | D14: =B14*C14 -> 0 | G14: =E14*F14 -> 0 | I14: =H14*C14 -> 0 | J14: =B14+E14-H14 -> 0 | K14: =J14*C14 -> 0
A15: Agustus | D15: =B15*C15 -> 0 | I15: =H15*C15 -> 0 | J15: =B15+E15-H15 -> 0 | K15: =J15*C15 -> 0
A16: September | D16: =B16*C16 -> 0 | I16: =H16*C16 -> 0 | J16: =B16+E16-H16 -> 0 | K16: =J16*C16 -> 0
A17: Oktober | D17: =B17*C17 -> 0 | I17: =H17*C17 -> 0 | J17: =B17+E17-H17 -> 0 | K17: =J17*C17 -> 0
A18: November | D18: =B18*C18 -> 0 | I18: =H18*C18 -> 0 | J18: =B18+E18-H18 -> 0 | K18: =J18*C18 -> 0
A19: Desember | D19: =B19*C19 -> 0 | H19: 10 | I19: =H19*C19 -> 0 | J19: =B19+E19-H19 -> -10 | K19: =J19*C19 -> 0
A20: JUMLAH PEMBELIAN & PEMAKAIAN | E20: =SUM(E8:E19) -> 0 | F20: =SUM(F8:F19) -> 0 | G20: =SUM(G8:G19) -> 0 | H20: =SUM(H8:H19) -> 10 | I20: =SUM(I8:I19) -> 0 | J20: =SUM(J8:J19) -> -10 | K20: =SUM(K8:K19) -> 0

Sheet Tawas K. B
A1: LAPORAN PERSEDIAAN BAHAN KIMIA
A2: PERUMDAM TIRTA SERUYAN TAHUN 2024
A3: TAWAS
A4: BULAN | B4: SALDO AWAL | E4: PENAMBAHAN | H4: PEMAKAIAN | J4: SALDO AKHIR
B5: Volume | C5: Hrg/Kg (Rp) | D5: Jumlah (Rp) | E5: Volume | F5: Hrg/Kg (Rp) | G5: Jumlah | H5: Volume | I5: Jumlah (Rp) | J5: Volume | K5: Jumlahm (Rp)
A7: Januari | D7: =B7*C7 -> 0 | G7: =E7*F7 -> 0 | I7: =H7*C7 -> 0 | J7: =B7+E7-H7 -> 0 | K7: =D7+G7-I7 -> 0
J8: =B8+E8-H8 -> 0 | K8: =D8+G8-I8 -> 0
A9: Februari | D9: =B9*C9 -> 0 | F9: =C9 -> 0 | G9: =E9*F9 -> 0 | I9: =H9*C9 -> 0 | J9: =B9+E9-H9 -> 0 | K9: =D9+G9-I9 -> 0
G10: =E10*F10 -> 0 | I10: =H10*F10 -> 0 | K10: =D10+G10-I10 -> 0
E11: =SUM(E9:E10) -> 0 | G11: =SUM(G9:G10) -> 0 | H11: =SUM(H9:H10) -> 0 | I11: =SUM(I9:I10) -> 0 | J11: =SUM(J9:J10) -> 0 | K11: =SUM(K9:K10) -> 0
J13: =B13+E13-H13 -> 0
A14: Maret | D14: =B14*C14 -> 0 | F14: =C14 -> 0 | G14: =E14*F14 -> 0 | I14: =H14*C14 -> 0 | K14: =J14*C14 -> 0
G18: =E18*F18 -> 0 | I18: =H18*F18 -> 0 | J18: =B18+E18-H18 -> 0 | K18: =J18*F18 -> 0
A19: April | D19: =B19*C19 -> 0 | G19: =E19*F19 -> 0 | I19: =H19*C19 -> 0 | J19: =B19+E19-H19 -> 0 | K19: =J19*C19 -> 0
A21: MEI | D21: =B21*C21 -> 0 | G21: =E21*F21 -> 0 | I21: =H21*C21 -> 0 | J21: =B21+E21-H21 -> 0 | K21: =J21*C21 -> 0 | L21: =J21*C21 -> 0
D22: =B22*C22 -> 0 | I22: =H22*C22 -> 0 | J22: =B22+E22-H22 -> 0 | K22: =J22*C22 -> 0
A23: JUNI | D23: =B23*C23 -> 0 | G23: =E23*F23 -> 0 | I23: =H23*C23 -> 0 | J23: =B23+E23-H23 -> 0 | K23: =J23*C23 -> 0
G24: =E24*F24 -> 0 | I24: =H24*F24 -> 0 | J24: =B24+E24-H24 -> 0 | K24: =J24*F24 -> 0
A25: JULI | D25: =B25*C25 -> 0 | G25: =E25*F25 -> 0 | I25: =H25*C25 -> 0 | J25: =B25+E25-H25 -> 0 | K25: =J25*C25 -> 0 | L25: =J25*C25 -> 0
A27: AGUSTUS | D27: =B27*C27 -> 0 | G27: =E27*F27 -> 0 | I27: =H27*C27 -> 0 | J27: =B27+E27-H27 -> 0 | K27: =J27*C27 -> 0 | L27: =J27*C27 -> 0
J28: =B28+E28-H28 -> 0 | K28: =J28*F28 -> 0
A29: SEPTEMBER | D29: =B29*C29 -> 0 | G29: =E29*F29 -> 0 | I29: =H29*C29 -> 0 | J29: =B29+E29-H29 -> 0 | K29: =J29*C29 -> 0
G30: =E30*F30 -> 0 | I30: =H30*F30 -> 0 | J30: =B30+E30-H30 -> 0 | K30: =J30*F30 -> 0
A31: OKTOBER | D31: =B31*C31 -> 0 | G31: =E31*F31 -> 0 | I31: =H31*C31 -> 0 | J31: =B31+E31-H31 -> 0 | K31: =J31*C31 -> 0
A33: NOVEMBER | D33: =B33*C33 -> 0 | G33: =E33*F33 -> 0 | I33: =H33*C33 -> 0 | J33: =B33+E33-H33 -> 0 | K33: =J33*C33 -> 0 | L33: =C33*J33 -> 0
G34: =E34*F34 -> 0 | I34: =H34*F34 -> 0 | J34: =B34+E34-H34 -> 0 | K34: =J34*F34 -> 0
A35: DESEMBER | D35: =B35*C35 -> 0 | G35: =E35*F35 -> 0 | I35: =H35*C35 -> 0 | J35: =B35+E35-H35 -> 0 | K35: =J35*C35 -> 0
A38: JUMLAH PEMBELIAN & PEMAKAIAN TAWAS | E38: =SUM(E8:E37) -> 0 | G38: =SUM(G8:G37) -> 0 | J38: =#REF! -> #REF! | K38: =#REF! -> #REF!

Sheet Kaporit K. B
A1: LAPORAN PERSEDIAAN BAHAN KIMIA
A2: PERUMDAM TIRTA SERUYAN TAHUN 2024
A3: KAPORIT
A4: BULAN | B4: SALDO AWAL | E4: PENAMBAHAN | H4: PEMAKAIAN | J4: SALDO AKHIR
B5: Volume | C5: Hrg/Kg (Rp) | D5: Jumlah (Rp) | E5: Volume | F5: Hrg/Kg (Rp) | G5: Jumlah | H5: Volume | I5: Jumlah (Rp) | J5: Volume | K5: Jumlahm (Rp)
A7: Januari | D7: =B7*C7 -> 0 | G7: =E7*F7 -> 0 | J7: =B7+E7-H7 -> 0 | K7: =D7+G7-I7 -> 0
D8: =B8*C8 -> 0 | G8: =E8*F8 -> 0 | I8: =H8*F8 -> 0 | J8: =B8+E8-H8 -> 0 | K8: =D8+G8-I8 -> 0
B9: =SUM(B7:B8) -> 0 | D9: =SUM(D7:D8) -> 0 | J9: =SUM(J7:J8) -> 0 | K9: =SUM(K7:K8) -> 0
A11: Februari | C11: =C7 -> 0 | D11: =B11*C11 -> 0 | G11: =E11*F11 -> 0 | I11: =H11*C11 -> 0 | J11: =B11+E11-H11 -> 0 | K11: =J11*C11 -> 0
C12: =C8 -> 0 | D12: =B12*C12 -> 0 | I12: =C12 -> 0 | J12: =B12+E12-H12 -> 0 | K12: =J12*C12 -> 0
B13: =SUM(B11:B12) -> 0 | D13: =SUM(D11:D12) -> 0 | H13: =SUM(H11:H12) -> 0 | I13: =SUM(I11:I12) -> 0 | J13: =SUM(J11:J12) -> 0 | K13: =SUM(K11:K12) -> 0
A16: Maret | C16: =C12 -> 0 | D16: =B16*C16 -> 0 | I16: =H16*C16 -> 0 | J16: =B16+E16-H16 -> 0 | K16: =J16*C16 -> 0
D17: =B17*C17 -> 0 | G17: =E17*F17 -> 0 | I17: =H17*C17 -> 0 | J17: =B17+E17-H17 -> 0 | K17: =J17*F17 -> 0
A18: April | C18: =C16 -> 0 | D18: =B18*C18 -> 0 | G18: =E18*F18 -> 0 | I18: =H18*C18 -> 0 | J18: =B18+E18-H18 -> 0 | K18: =J18*C18 -> 0
J19: =B19+E19-H19 -> 0
A20: MEI | D20: =B20*C20 -> 0 | G20: 0 | I20: =H20*C20 -> 0 | J20: =B20+E20-H20 -> 0 | K20: =J20*C20 -> 0 | L20: =J20*C20 -> 0
A22: JUNI | D22: =B22*C22 -> 0 | G22: =E22*F22 -> 0 | I22: =H22*C22 -> 0 | J22: =B22+E22-H22 -> 0 | K22: =J22*C22 -> 0
A24: JULI | D24: =B24*C24 -> 0 | G24: =E24*F24 -> 0 | I24: =H24*C24 -> 0 | J24: =B24+E24-H24 -> 0 | K24: =J24*C24 -> 0 | L24: =J24*C24 -> 0
A26: AGUSTUS | D26: =B26*C26 -> 0 | G26: =E26*F26 -> 0 | I26: =H26*C26 -> 0 | J26: =B26+E26-H26 -> 0 | K26: =J26*C26 -> 0 | L26: =J26*C26 -> 0
J27: =B27+E27-H27 -> 0
A28: SEPTEMBER | D28: =B28*C28 -> 0 | I28: =H28*C28 -> 0 | J28: =B28+E28-H28 -> 0 | K28: =J28*C28 -> 0
J29: =B29+E29-H29 -> 0
A30: OKTOBER | D30: =B30*C30 -> 0 | I30: =H30*C30 -> 0 | J30: =B30+E30-H30 -> 0 | K30: =J30*C30 -> 0
L31: =C31*J31 -> 0
A32: NOVEMBER | D32: =B32*C32 -> 0 | G32: =E32*F32 -> 0 | I32: =H32*C32 -> 0 | J32: =B32+E32-H32 -> 0 | K32: =J32*C32 -> 0
J33: =B33+E33-H33 -> 0
A34: DESEMBER | D34: =B34*C34 -> 0 | I34: =H34*C34 -> 0 | J34: =B34+E34-H34 -> 0 | K34: =J34*C34 -> 0
D35: =B35*C35 -> 0 | G35: =E35*F35 -> 0 | J35: =B35+E35-H35 -> 0 | K35: =J35*C35 -> 0
A36: JUMLAH PEMBELIAN & PEMAKAIAN KAPORIT | E36: =SUM(E8:E35) -> 0 | G36: =SUM(G8:G35) -> 0 | J36: =J18 -> 0 | K36: =K18 -> 0

Sheet Soda Ash K. B
A1: LAPORAN PERSEDIAAN BAHAN KIMIA
A2: PERUMDAM TIRTA SERUYAN TAHUN 2026
A3: SODA ASH
A4: BULAN | B4: SALDO AWAL | E4: PENAMBAHAN | H4: PEMAKAIAN | J4: SALDO AKHIR
B5: Volume | C5: Hrg/Kg (Rp) | D5: Jumlah (Rp) | E5: Volume | F5: Hrg/Kg (Rp) | G5: Jumlah | H5: Volume | I5: Jumlah (Rp) | J5: Volume | K5: Jumlahm (Rp)
A7: Januari | D7: =B7*C7 -> 0 | G7: =E7*F7 -> 0 | I7: =H7*C7 -> 0 | J7: =B7+E7-H7 -> 0 | K7: =D7+G7-I7 -> 0
D8: =B8*C8 -> 0 | I8: =H8*C8 -> 0 | J8: =B8+E8-H8 -> 0 | K8: =D8+G8-I8 -> 0
A9: Februari | D9: =B9*C9 -> 0 | G9: =E9*F9 -> 0 | I9: =H9*C9 -> 0 | J9: =B9+E9-H9 -> 0 | K9: =J9*C9 -> 0
G10: =E10*F10 -> 0 | J10: =B10+E10-H10 -> 0 | K10: =J10*F10 -> 0
A11: Maret | D11: =B11*C11 -> 0 | I11: =H11*C11 -> 0 | J11: =B11+E11-H11 -> 0 | K11: =J11*C11 -> 0
G12: =E12*F12 -> 0 | J12: =B12+E12-H12 -> 0 | K12: =J12*F12 -> 0
J13: =SUM(J11:J12) -> 0 | K13: =SUM(K11:K12) -> 0
J17: =B17+E17-H17 -> 0
A18: April | D18: =B18*C18 -> 0 | G18: =E18*F18 -> 0 | I18: =H18*C18 -> 0 | J18: =B18+E18-H18 -> 0 | K18: =J18*C18 -> 0
D19: =B19*C19 -> 0 | G19: 0 | I19: 0 | J19: =B19+E19-H19 -> 0 | K19: =J19*C19 -> 0 | L19: =J19*C19 -> 0
D20: =B20*C20 -> 0 | G20: =E20*F20 -> 0 | I20: =H20*C20:C20 -> 0 | J20: =SUM(J18:J19) -> 0 | K20: =SUM(K18:K19) -> 0 | L20: =J20*C20 -> 0
A22: MEI | D22: =B22*C22 -> 0 | I22: =H22*C22 -> 0 | J22: =B22-H22 -> 0 | K22: =J22*C22 -> 0
D23: =B23*C23 -> 0 | I23: =H23*C23 -> 0 | J23: =B23-H23 -> 0 | K23: =J23*C23 -> 0
J24: =SUM(J22:J23) -> 0 | K24: =SUM(K22:K23) -> 0 | L24: =J24*C24 -> 0
D25: =B25*C25 -> 0 | G25: =E25*F25 -> 0 | I25: =H25*C25 -> 0 | J25: =B25-H25 -> 0 | K25: =J25*C25 -> 0
A26: AGUSTUS | D26: =B26*C26 -> 0 | G26: =E26*F26 -> 0 | I26: =H26*C26 -> 0 | J26: =B26-H26 -> 0 | K26: =J26*C26 -> 0 | L26: =J26*F26 -> 0
D27: =B27*C27 -> 0 | G27: =E27*F27 -> 0 | I27: =H27*C27 -> 0 | J27: =B27-H27 -> 0 | K27: =J27*C27 -> 0
A28: SEPTEMBER | D28: =B28*C28 -> 0 | G28: =E28*F28 -> 0 | I28: =H28*C28 -> 0 | J28: =B28-H28 -> 0 | K28: =J28*C28 -> 0
D29: =B29*C29 -> 0 | G29: =E29*F29 -> 0 | I29: =H29*C29 -> 0 | K29: =J29*C29 -> 0
A30: OKTOBER | D30: =B30*C30 -> 0 | G30: =E30*F30 -> 0 | I30: =H30*C30 -> 0 | J30: =B30+E30-H30 -> 0 | K30: =J30*C30 -> 0
D31: =B31*C31 -> 0 | G31: =E31*F31 -> 0 | I31: =H31*C31 -> 0
A32: NOVEMBER | D32: =B32*C32 -> 0 | G32: =E32*F32 -> 0 | I32: =H32*F32 -> 0 | J32: =B32+E32-H32 -> 0 | K32: =J32*F32 -> 0 | L32: =J32*C32 -> 0
D33: =B33*C33 -> 0 | G33: =E33*F33 -> 0 | J33: =B33+E33-H33 -> 0 | K33: =J33*F33 -> 0
A34: DESEMBER | D34: =B34*C34 -> 0 | G34: =E34*F34 -> 0 | I34: =H34*C34 -> 0 | J34: =B34+E34-H34 -> 0 | K34: =J34*C34 -> 0
D35: =B35*C35 -> 0 | G35: =E35*F35 -> 0 | J35: =B35+E35-H35 -> 0 | K35: =J35*C35 -> 0
A36: JUMLAH PEMBELIAN & PEMAKAIAN SODA ASH | E36: =SUM(E8:E35) -> 0 | G36: =SUM(G8:G35) -> 0 | J36: =J18 -> 0 | K36: =K18 -> 0

Sheet POLIMER K.B
A1: LAPORAN PERSEDIAAN BAHAN KIMIA
A2: PERUMDAM SERUYAN TAHUN 2024
A4: POLIMER
A6: BULAN | B6: SALDO AWAL | E6: PENAMBAHAN | H6: PEMAKAIAN | J6: SALDO AKHIR
B7: Volume | C7: Hrg/Kg | D7: Jumlah (Rp) | E7: Volume | F7: Hrg/Kg | G7: Jumlah (Rp) | H7: Volume | I7: Jumlah (Rp) | J7: Volume | K7: Jumlah (Rp)
A8: Januari | D8: =B8*C8 -> 0 | I8: =H8*C8 -> 0 | J8: =B8+E8-H8 -> 0 | K8: =J8*C8 -> 0
A9: Februari | D9: =B9*C9 -> 0 | G9: =E9*F9 -> 0 | I9: =H9*F9 -> 0 | J9: =B9+E9-H9 -> 0 | K9: =J9*C9 -> 0
A10: Maret | D10: =B10*C10 -> 0 | I10: =H10*C10 -> 0 | J10: =B10+E10-H10 -> 0 | K10: =J10*C10 -> 0
A11: April | D11: =B11*C11 -> 0 | G11: =E11*F11 -> 0 | I11: =H11*C11 -> 0 | J11: =B11+E11-H11 -> 0 | K11: =J11*C11 -> 0
A12: Mei | D12: =B12*C12 -> 0 | G12: =E12*F12 -> 0 | I12: =H12*C12 -> 0 | J12: =B12+E12-H12 -> 0 | K12: =J12*C12 -> 0
A13: Juni | D13: =B13*C13 -> 0 | I13: =H13*C13 -> 0 | J13: =B13+E13-H13 -> 0 | K13: =J13*C13 -> 0
A14: Juli | D14: =B14*C14 -> 0 | I14: =H14*C14 -> 0 | J14: =B14-H14 -> 0 | K14: =J14*C14 -> 0
A15: Agustus | D15: =B15*C15 -> 0 | G15: =E15*F15 -> 0 | I15: =H15*C15 -> 0 | J15: =B15+E15-H15 -> 0 | K15: =J15*C15 -> 0
A16: September | D16: =B16*C16 -> 0 | I16: =H16*C16 -> 0 | J16: =B16-H16 -> 0 | K16: =J16*C16 -> 0
A17: Oktober | D17: =B17*C17 -> 0 | G17: =E17*F17 -> 0 | I17: =H17*C17 -> 0 | J17: =B17+E17-H17 -> 0 | K17: =J17*C17 -> 0
A18: November | D18: =B18*C18 -> 0 | G18: =E18*F18 -> 0 | I18: =H18*F18 -> 0 | J18: =B18+E18-H18 -> 0 | K18: =J18*C18 -> 0
A19: Desember | D19: =B19*C19 -> 0 | G19: =E19*F19 -> 0 | I19: =H19*C19 -> 0 | J19: =B19+E19-H19 -> 0 | K19: =J19*C19 -> 0
A20: JUMLAH PEMBELIAN & PEMAKAIAN | E20: =SUM(E8:E19) -> 0 | F20: =SUM(F8:F19) -> 0 | G20: =SUM(G8:G19) -> 0 | H20: =SUM(H8:H19) -> 0 | I20: =SUM(I8:I19) -> 0 | J20: =SUM(J8:J19) -> 0 | K20: =SUM(K8:K19) -> 0

Sheet TAWAS BENAR
A1: LAPORAN PERSEDIAAN BAHAN KIMIA
A2: PERUMDAM TIRTA SERUYAN TAHUN 2026
A3: TAWAS
A4: BULAN | B4: SALDO AWAL | E4: PENAMBAHAN | H4: MUTASI KARTIKA BHAKTI | K4: MUTASI HANAU | N4: PEMAKAIAN | P4: SALDO AKHIR
B5: Volume | C5: Hrg/Kg (Rp) | D5: Jumlah (Rp) | E5: Volume | F5: Hrg/Kg (Rp) | G5: Jumlah | H5: Volume | I5: Hrg/Kg | J5: Jumlah (Rp) | K5: Volume | L5: Hrg/Kg | M5: Jumlah (Rp) | N5: Volume | O5: Jumlah (Rp) | P5: Volume | Q5: Jumlahm (Rp)
A7: Januari | D7: =B7*C7 -> 0 | J7: =H7*I7 -> 0 | M7: =K7*L7 -> 0 | O7: =N7*C7 -> 0 | P7: =B7+E7-N7-H7-K7 -> 0 | Q7: =D7+G7-O7-J7-M7 -> 0
D8: =B8*C8 -> 0 | P8: =B8+E8-N8-H8-K8 -> 0 | Q8: =D8+G8-O8-J8-M8 -> 0
D9: =SUM(D7:D8) -> 0 | P9: =SUM(P7:P8) -> 0 | Q9: =SUM(Q7:Q8) -> 0
A11: Februari | D11: =B11*C11 -> 0 | I11: =C11 -> 0 | J11: =H11*I11 -> 0 | M11: =K11*L11 -> 0 | O11: =N11*C11 -> 0 | P11: =B11+E11-N11-H11-K11 -> 0 | Q11: =P11*C11 -> 0
D12: =B12*C12 -> 0 | I12: =C12 -> 0 | J12: =H12*I12 -> 0 | L12: =C12 -> 0 | M12: =K12*L12 -> 0 | O12: =N12*C12 -> 0 | P12: =B12+E12-N12-H12-K12 -> 0 | Q12: =P12*C12 -> 0
D13: =SUM(D11:D12) -> 0 | J13: =SUM(J11:J12) -> 0 | P13: =SUM(P11:P12) -> 0 | Q13: =SUM(Q11:Q12) -> 0
A16: Maret | D16: =B16*C16 -> 0 | I16: =C16 -> 0 | J16: =H16*I16 -> 0 | L16: =C16 -> 0 | M16: =K16*L16 -> 0 | O16: =N16*C16 -> 0 | P16: =B16+E16-H16-K16-N16 -> 0 | Q16: =P16*C16 -> 0
G17: =E17*F17 -> 0 | O17: =N17*F17 -> 0 | P17: =B17+E17-H17-K17-N17 -> 0 | Q17: =P17*F17 -> 0
O18: =SUM(O16:O17) -> 0 | P18: =SUM(P16:P17) -> 0 | Q18: =SUM(Q16:Q17) -> 0
G20: =E20*F20 -> 0 | O20: =N20*F20 -> 0 | P20: =B20+E20-H20-K20-N20 -> 0 | Q20: =P20*C20 -> 0
A21: April | D21: =B21*C21 -> 0 | G21: =E21*F21 -> 0 | J21: =H21*I21 -> 0 | M21: =K21*L21 -> 0 | O21: =N21*C21 -> 0 | P21: =B21+E21-H21-K21-N21 -> 0 | Q21: =P21*C21 -> 0
R22: =Q22+'Tawas Hanau'!K19+'Tawas K. B'!#REF! -> #REF!
A23: Mei | D23: =B23*C23 -> 0 | J23: =H23*I23 -> 0 | M23: =K23*L23 -> 0 | O23: =N23*C23 -> 0 | P23: =B23+E23-H23-K23-N23 -> 0 | Q23: =P23*C23 -> 0
A25: JUNI | D25: =B25*C25 -> 0 | J25: =H25*I25 -> 0 | M25: =K25*L25 -> 0 | O25: =N25*C25 -> 0 | P25: =B25+E25-H25-K25-N25 -> 0 | Q25: =P25*C25 -> 0 | R25: =P25*C25 -> 0
G26: =E26*F26 -> 0 | J26: =H26*I26 -> 0 | M26: =K26*L26 -> 0 | O26: =N26*F26 -> 0 | P26: =B26+E26-H26-K26-N26 -> 0 | Q26: =P26*F26 -> 0
A27: JULI | D27: =B27*C27 -> 0 | G27: =E27*F27 -> 0 | J27: =H27*I27 -> 0 | M27: =K27*L27 -> 0 | O27: =N27*C27 -> 0 | P27: =B27+E27-H27-K27-N27 -> 0 | Q27: =P27*C27 -> 0 | R27: =P27*C27 -> 0
D28: =B28*C28 -> 0 | P28: =B28+E28-H28-N28 -> 0 | Q28: =P28*C28 -> 0
A29: AGUSTUS | D29: =B29*C29 -> 0 | J29: =H29*I29 -> 0 | M29: =K29*L29 -> 0 | O29: =N29*C29 -> 0 | P29: =B29+E29-H29-K29-N29 -> 0 | Q29: =P29*C29 -> 0 | R29: =P29*C29 -> 0
D30: =B30*C30 -> 0 | G30: =E30*F30 -> 0 | O30: =N30*F30 -> 0 | P30: =B30+E30-H30-K30-N30 -> 0 | Q30: =P30*C30 -> 0
A31: SEPTEMBER | D31: =B31*C31 -> 0 | J31: =H31*I31 -> 0 | O31: =N31*C31 -> 0 | P31: =B31+E31-H31-K31-N31 -> 0 | Q31: =P31*C31 -> 0 | R31: =P31*C31 -> 0
D32: =B32*C32 -> 0 | O32: =N32*C32 -> 0 | P32: =B32+E32-H32-K32-N32 -> 0 | Q32: =P32*C32 -> 0
A33: OKTOBER | D33: =B33*C33 -> 0 | G33: =E33*F33 -> 0 | J33: =H33*I33 -> 0 | M33: =K33*L33 -> 0 | O33: =N33*C33 -> 0 | P33: =B33+E33-H33-K33-N33 -> 0 | Q33: =P33*C33 -> 0 | R33: =P33*C33 -> 0
A35: NOVEMBER | D35: =B35*C35 -> 0 | J35: =H35*I35 -> 0 | M35: =K35*L35 -> 0 | O35: =N35*C35 -> 0 | P35: =B35+E35-H35-K35-N35 -> 0 | Q35: =P35*C35 -> 0
P36: =B36+E36-H36-K36-N36 -> 0
A37: DESEMBER | D37: =B37*C37 -> 0 | G37: =E37*F37 -> 0 | J37: =H37*I37 -> 0 | M37: =K37*L37 -> 0 | O37: =N37*C37 -> 0 | P37: =B37+E37-H37-K37-N37 -> 0 | Q37: =P37*C37 -> 0
A38: JUMLAH PEMBELIAN & PEMAKAIAN TAWAS | E38: =SUM(E7:E37) -> 0 | G38: =SUM(G15:G37) -> 0 | H38: =SUM(H8:H37) -> 0 | K38: =SUM(K8:K37) -> 0 | N38: =N7+N11+#REF!+N16+N20+#REF!+#REF!+N21+#REF!+N22+N24+N25 -> #REF! | O38: =O7+O11+#REF!+O16+O20+#REF!+#REF!+O21+#REF!+O22+O24+O25 -> #REF! | P38: =P25 -> 0 | Q38: =Q25 -> 0

Sheet Kaporit BENAR
A1: LAPORAN PERSEDIAAN BAHAN KIMIA
A2: PERUMDAM TIRTA SERUYAN TAHUN 2026
A3: KAPORIT
A5: BULAN | B5: SALDO AWAL | E5: PENAMBAHAN | H5: MUTASI KARTIKA BHAKTI | K5: MUTASI HANAU | N5: PEMAKAIAN | P5: SALDO AKHIR
B6: Volume | C6: Hrg/Kg | D6: Jumlah (Rp) | E6: Volume | F6: Hrg/Kg | G6: Jumlah | H6: Volume | I6: Hrg/Kg | J6: Jumlah (Rp) | K6: Volume | L6: Hrg/Kg | M6: Jumlah (Rp) | N6: Volume | O6: Jumlah (Rp) | P6: Volume | Q6: Jumlah (Rp)
A8: Januari | D8: =B8*C8 -> 0 | J8: =H8*I8 -> 0 | O8: =N8*C8 -> 0 | P8: =B8+E8-N8-H8-K8 -> 0 | Q8: =D8+G8-O8-J8-M8 -> 0
P9: =B9+E9-N9-H9-K9 -> 0 | Q9: =D9+G9-O9-J9-M9 -> 0
A10: Februari | D10: =B10*C10 -> 0 | G10: =E10*F10 -> 0 | M10: =K10*L10 -> 0 | O10: =N10*C10 -> 0 | P10: =B10+E10-N10-H10-K10 -> 0 | Q10: =D10+G10-O10-J10-M10 -> 0
A12: Maret | D12: =B12*C12 -> 0 | J12: =H12*I12 -> 0 | L12: =C12 -> 0 | M12: =K12*L12 -> 0 | O12: =N12*C12 -> 0 | P12: =B12+E12-H12-K12-N12 -> 0 | Q12: =P12*C12 -> 0
G13: =E13*F13 -> 0 | O13: =N13*F13 -> 0 | P13: =B13+E13-H13-K13-N13 -> 0 | Q13: =P13*F13 -> 0
D14: =B14*C14 -> 0 | G14: =E14*F14 -> 0 | O14: =SUM(O12:O13) -> 0 | P14: =SUM(P12:P13) -> 0 | Q14: =SUM(Q12:Q13) -> 0
D15: =B15*C15 -> 0 | G15: =E15*F15 -> 0 | P15: =B15+E15-H15-K15-N15 -> 0
A16: April | D16: =B16*C16 -> 0 | O16: =N16*C16 -> 0 | P16: =B16+E16-H16-K16-N16 -> 0 | Q16: =P16*C16 -> 0
D17: =B17*C17 -> 0 | P17: =B17+E17-H17-K17-M17 -> 0 | Q17: =P17*C17 -> 0
A18: MEI | D18: =B18*C18 -> 0 | G18: =E18*F18 -> 0 | O18: =N18*C18 -> 0 | P18: =B18+E18-H18-N18 -> 0 | Q18: =P18*C18 -> 0
A20: JULI | D20: =B20*C20 -> 0 | O20: =N20*C20 -> 0 | P20: =B20+E20-H20-N20 -> 0 | Q20: =P20*C20 -> 0 | S20: =P20*C20 -> 0
A22: AGUSTUS | D22: =B22*C22 -> 0 | G22: =E22*F22 -> 0 | O22: =N22*C22 -> 0 | P22: =B22+E22-H22-K22-N22 -> 0 | Q22: =P22*C22 -> 0
A24: SEPTEMBER | D24: =B24*C24 -> 0 | O24: =N24*C24 -> 0 | P24: =B24+E24-H24-K24-N24 -> 0 | S24: =P24*C24 -> 0
P25: =B25+E25-H25-K25-N25 -> 0 | Q25: =P25*C25 -> 0
A26: OKTOBER | D26: =B26*C26 -> 0 | G26: =E26*F26 -> 0 | O26: =N26*F26 -> 0 | P26: =B26+E26-H26-K26-N26 -> 0 | Q26: =P26*F26 -> 0
A28: NOVEMBER | D28: =B28*C28 -> 0 | O28: =N28*C28 -> 0 | P28: =B28+E28-H28-K28-N28 -> 0 | Q28: =P28*C28 -> 0
D29: =B29*C29 -> 0 | O29: =N29*C29 -> 0 | P29: =B29+E29-H29-K29-N29 -> 0 | Q29: =P29*C29 -> 0
A30: DESEMBER | D30: =B30*C30 -> 0 | G30: =E30*F30 -> 0 | O30: =N30*C30 -> 0 | P30: =B30+E30-H30-K30-N30 -> 0 | Q30: =P30*C30 -> 0
A32: JUMLAH PEMAKAIAN & PEMBELIAN KAPORIT | E32: =SUM(E8:E31) -> 0 | G32: =SUM(G8:G31) -> 0

Sheet SODA ASH BENAR
A1: LAPORAN PERSEDIAAN BAHAN KIMIA
A2: PERUMDAM SERUYAN TAHUN 2026
A4: Soda Ash
A6: BULAN | B6: SALDO AWAL | E6: PENAMBAHAN | H6: MUTASI KARTIKA BHAKTI | K6: MUTASI HANAU | N6: PEMAKAIAN | P6: SALDO AKHIR
B7: Volume | C7: Hrg/Kg | D7: Jumlah (Rp) | E7: Volume | F7: Hrg/Kg | G7: Jumlah (Rp) | H7: Volume | I7: Hrg/Kg | J7: Jumlah (Rp) | K7: Volume | L7: Hrg/Kg | M7: Jumlah (Rp) | N7: Volume | O7: Jumlah (Rp) | P7: Volume | Q7: Jumlah (Rp)
A9: Januari | D9: =B9*C9 -> 0 | G9: =E9*F9 -> 0 | J9: =H9*I9 -> 0 | L9: =C9 -> 0 | M9: =K9*L9 -> 0 | O9: =N9*C9 -> 0 | P9: =B9+E9-N9-H9-K9 -> 0 | Q9: =D9+G9-O9-J9-M9 -> 0
D10: =B10*C10 -> 0 | O10: =N10*C10 -> 0 | P10: =B10+E10-N10-H10-K10 -> 0 | Q10: =D10+G10-O10-J10-M10 -> 0
D11: =SUM(D9:D10) -> 0 | P11: =SUM(P9:P10) -> 0 | Q11: =SUM(Q9:Q10) -> 0
A14: Februari | D14: =B14*C14 -> 0 | J14: =H14*I14 -> 0 | M14: =K14*L14 -> 0 | O14: =N14*C14 -> 0 | P14: =B14+E14-H14-K14-N14 -> 0 | Q14: =P14*C14 -> 0
D15: =B15*C15 -> 0 | G15: =E15*F15 -> 0 | O15: =N15*C15 -> 0 | P15: =B15+E15-H15-K15-N15 -> 0 | Q15: =P15*C15 -> 0
D16: =SUM(D14:D15) -> 0 | O16: =SUM(O14:O15) -> 0 | P16: =SUM(P14:P15) -> 0 | Q16: =SUM(Q14:Q15) -> 0
A19: Maret | D19: =B19*C19 -> 0 | I19: =C19 -> 0 | J19: =H19*I19 -> 0 | L19: =C19 -> 0 | M19: =K19*L19 -> 0 | O19: =N19*C19 -> 0 | P19: =B19+E19-H19-K19-N19 -> 0 | Q19: =P19*C19 -> 0
G20: =E20*F20 -> 0 | O20: =N20*F20 -> 0 | P20: =B20+E20-H20-K20-N20 -> 0 | Q20: =P20*F20 -> 0
O21: =SUM(O19:O20) -> 0 | P21: =SUM(P19:P20) -> 0 | Q21: =SUM(Q19:Q20) -> 0
R22: ='Soda Ash'!L26 -> 0
A23: April | D23: =B23*C23 -> 0 | G23: =E23*F23 -> 0 | J23: =H23*I23 -> 0 | O23: =N23*C23 -> 0 | P23: =B23+E23-H23-K23-N23 -> 0 | Q23: =P23*C23 -> 0
G24: =E24*F24 -> 0 | J24: =H24*I24 -> 0 | O24: =N24*F24 -> 0 | P24: =B24+E24-H24-K24-N24 -> 0 | Q24: =P24*F24 -> 0
J25: =SUM(J23:J24) -> 0 | P25: =SUM(P23:P24) -> 0 | Q25: =SUM(Q23:Q24) -> 0
A27: MEI | D27: =B27*C27 -> 0 | G27: =E27*F27 -> 0 | J27: =H27*I27 -> 0 | M27: =K27*L27 -> 0 | O27: =N27*C27 -> 0 | P27: =B27+E27-H27-K27-N27 -> 0 | Q27: =P27*C27 -> 0 | R27: =P27*C27 -> 0
R28: =P28*C28 -> 0
A30: JUNI | D30: =B30*C30 -> 0 | J30: =H30*I30 -> 0 | M30: =K30*L30 -> 0 | O30: =N30*C30 -> 0 | P30: =B30+E30-H30-K30-N30 -> 0 | Q30: =P30*C30 -> 0
G31: =E31*F31 -> 0 | J31: =H31*I31 -> 0 | O31: =N31*F31 -> 0 | P31: =B31+E31-H31-K31-N31 -> 0 | Q31: =P31*F31 -> 0
A32: JULI | D32: =B32*C32 -> 0 | M32: =K32*L32 -> 0 | O32: =N32*C32 -> 0 | P32: =B32+E32-H32-K32-N32 -> 0 | Q32: =P32*C32 -> 0 | R32: =P32*C32 -> 0
D33: =B33*C33 -> 0 | G33: =E33*F33 -> 0 | O33: =N33*C33 -> 0 | P33: =B33+E33-H33-K33-N33 -> 0 | Q33: =P33*F33 -> 0 | R33: =P33*C33 -> 0
D34: =B34*C34 -> 0 | J34: =H34*I34 -> 0 | O34: =N34*C34 -> 0 | P34: =SUM(P32:P33) -> 0 | Q34: =SUM(Q32:Q33) -> 0
A36: AGUSTUS | D36: =B36*C36 -> 0 | J36: =H36*I36 -> 0 | M36: =K36*L36 -> 0 | O36: =N36*C36 -> 0 | P36: =B36-H36-K36-N36 -> 0 | Q36: =P36*C36 -> 0
D37: =B37*C37 -> 0 | O37: =N37*C37 -> 0 | P37: =B37-H37-K37-N37 -> 0 | Q37: =P37*C37 -> 0
D38: =SUM(D36:D37) -> 0 | O38: =SUM(O36:O37) -> 0 | P38: =SUM(P36:P37) -> 0 | Q38: =SUM(Q36:Q37) -> 0
G39: =E39*F39 -> 0
A40: SEPTEMBER | D40: =B40*C40 -> 0 | J40: =H40*I40 -> 0 | O40: =N40*C40 -> 0 | P40: =B40+E40-H40-K40-N40 -> 0 | Q40: =P40*C40 -> 0 | R40: =P40*C40 -> 0
D41: =B41*C41 -> 0 | O41: =N41*C41 -> 0 | P41: =B41+E41-H41-K41-N41 -> 0 | Q41: =P41*C41 -> 0
A42: OKTOBER | D42: =B42*C42 -> 0 | G42: =E42*F42 -> 0 | J42: =H42*I42 -> 0 | M42: =K42*L42 -> 0 | O42: =N42*C42 -> 0 | P42: =B42+E42-H42-K42-N42 -> 0 | Q42: =P42*C42 -> 0
G43: =E43*F43 -> 0 | P43: =B43+E43-H43-K43-N43 -> 0 | Q43: =P43*F43 -> 0
D44: =B44*C44 -> 0 | J44: =H44*I44 -> 0 | M44: =K44*L44 -> 0 | O44: =N44*C44 -> 0 | P44: =SUM(P42:P43) -> 0 | Q44: =SUM(Q42:Q43) -> 0
A46: NOVEMBER | D46: =B46*C46 -> 0 | J46: =H46*I46 -> 0 | P46: =B46+E46-H46-K46-N46 -> 0 | Q46: =P46*C46 -> 0
D47: =B47*C47 -> 0 | J47: =H47*I47 -> 0 | M47: =K47*L47 -> 0 | O47: =N47*C47 -> 0 | P47: =B47+E47-H47-K47-N47 -> 0 | Q47: =P47*C47 -> 0
D48: =SUM(D46:D47) -> 0 | J48: =SUM(J46:J47) -> 0 | O48: =N48*C48 -> 0 | P48: =SUM(P46:P47) -> 0 | Q48: =SUM(Q46:Q47) -> 0
A50: DESEMBER | D50: =B50*C50 -> 0 | G50: =E50*F50 -> 0 | J50: =H50*I50 -> 0 | M50: =K50*L50 -> 0 | O50: =N50*C50 -> 0 | P50: =B50+E50-H50-K50-N50 -> 0 | Q50: =P50*C50 -> 0
G51: =E51*F51 -> 0 | P51: =B51+E51-H51-K51-N51 -> 0 | Q51: =P51*F51 -> 0
P52: =SUM(P50:P51) -> 0 | Q52: =SUM(Q50:Q51) -> 0
A57: JUMLAH PEMBELIAN & PEMAKAIAN SODA ASH | E57: =SUM(E9:E56) -> 0 | G57: =SUM(G9:G56) -> 0 | N57: =#REF!+#REF!+N30+N29+#REF!+N28+N27+#REF!+N19+N15+N14+N9 -> #REF! | O57: =#REF!+#REF!+O30+O29+#REF!+O28+O27+#REF!+O19+O15+O14+O9 -> #REF! | P57: =#REF! -> #REF! | Q57: =#REF! -> #REF!

Sheet POLIMER
A1: LAPORAN PERSEDIAAN BAHAN KIMIA
A2: PERUMDAM SERUYAN TAHUN 2026
A4: POLIMER
A6: BULAN | B6: SALDO AWAL | E6: PENAMBAHAN | H6: MUTASI KARTIKA BHAKTI | K6: MUTASI HANAU | N6: PEMAKAIAN | P6: SALDO AKHIR
B7: Volume | C7: Hrg/Kg | D7: Jumlah (Rp) | E7: Volume | F7: Hrg/Kg | G7: Jumlah (Rp) | H7: Volume | I7: Hrg/Kg | J7: Jumlah (Rp) | K7: Volume | L7: Hrg/Kg | M7: Jumlah (Rp) | N7: Volume | O7: Jumlah (Rp) | P7: Volume | Q7: Jumlah (Rp)
A8: Januari | D8: =B8*C8 -> 0 | O8: =N8*C8 -> 0 | P8: =B8+E8-H8-K8-N8 -> 0 | Q8: =P8*C8 -> 0
A9: Februari | C9: =C8 -> 0 | D9: =B9*C9 -> 0 | G9: =E9*F9 -> 0 | J9: =H9*I9 -> 0 | M9: =K9*L9 -> 0 | O9: =N9*C9 -> 0 | P9: =B9+E9-H9-K9-N9 -> 0 | Q9: =P9*C9 -> 0
A10: Maret | C10: =C9 -> 0 | D10: =B10*C10 -> 0 | O10: =N10*C10 -> 0 | P10: =B10+E10-H10-K10-N10 -> 0 | Q10: =P10*C10 -> 0
A11: April | C11: =C10 -> 0 | D11: =B11*C11 -> 0 | G11: =E11*F11 -> 0 | J11: =H11*I11 -> 0 | O11: =N11*C11 -> 0 | P11: =B11+E11-H11-K11-N11 -> 0 | Q11: =P11*C11 -> 0
A12: Mei | C12: =C11 -> 0 | D12: =B12*C12 -> 0 | J12: =H12*I12 -> 0 | O12: =N12*C12 -> 0 | P12: =B12+E12-H12-K12-N12 -> 0 | Q12: =P12*C12 -> 0
A13: Juni | D13: =B13*C13 -> 0 | J13: =H13*I13 -> 0 | O13: =N13*C13 -> 0 | P13: =B13+E13-H13-K13-N13 -> 0 | Q13: =P13*C13 -> 0
A14: Juli | D14: =B14*C14 -> 0 | G14: =E14*F14 -> 0 | M14: =K14*L14 -> 0 | O14: =N14*C14 -> 0 | P14: =B14+E14-H14-K14-N14 -> 0 | Q14: =P14*C14 -> 0
A15: Agustus | D15: =B15*C15 -> 0 | J15: =H15*I15 -> 0 | O15: =N15*C15 -> 0 | P15: =B15+E15-H15-K15-N15 -> 0 | Q15: =P15*C15 -> 0
A16: September | D16: =B16*C16 -> 0 | O16: =N16*C16 -> 0 | P16: =B16+E16-H16-N16 -> 0 | Q16: =P16*C16 -> 0
A17: Oktober | D17: =B17*C17 -> 0 | J17: =H17*I17 -> 0 | O17: =N17*C17 -> 0 | P17: =B17+E17-H17-N17 -> 0 | Q17: =P17*C17 -> 0
A18: November | D18: =B18*C18 -> 0 | G18: =E18*F18 -> 0 | J18: =H18*I18 -> 0 | O18: =N18*C18 -> 0 | P18: =B18+E18-H18-K18-N18 -> 0 | Q18: =P18*C18 -> 0
A19: Desenber | D19: =B19*C19 -> 0 | O19: =N19*C19 -> 0 | P19: =B19+H19-N19 -> 0 | Q19: =P19*C19 -> 0
A20: JUMLAH PEMBELIAN & PEMAKAIAN | E20: =SUM(E8:E18) -> 0 | F20: =SUM(F8:F18) -> 0 | G20: =SUM(G8:G18) -> 0 | H20: =SUM(H8:H18) -> 0 | I20: =SUM(I8:I18) -> 0 | J20: =SUM(J8:J18) -> 0 | K20: =SUM(K8:K18) -> 0 | L20: =SUM(L8:L18) -> 0 | M20: =SUM(M8:M18) -> 0 | N20: =SUM(N8:N19) -> 0 | O20: =SUM(O8:O19) -> 0 | P20: =SUM(P8:P18) -> 0 | Q20: =SUM(Q8:Q18) -> 0

Sheet REKAP TAWAS
A1: JANUARI 2026
A3: TAWAS PUSAT
A4: BULAN | B4: SALDO AWAL | E4: PENAMBAHAN | H4: MUTASI KARTIKA BHAKTI | K4: MUTASI HANAU | N4: PEMAKAIAN | P4: SALDO AKHIR
B5: Volume | C5: Hrg/Kg (Rp) | D5: Jumlah (Rp) | E5: Volume | F5: Hrg/Kg (Rp) | G5: Jumlah | H5: Volume | I5: Hrg/Kg | J5: Jumlah (Rp) | K5: Volume | L5: Hrg/Kg | M5: Jumlah (Rp) | N5: Volume | O5: Jumlah (Rp) | P5: Volume | Q5: Jumlah (Rp)
A7: Januari | B7: ='TAWAS BENAR'!B7 -> 0 | C7: ='TAWAS BENAR'!C7 -> 0 | D7: ='TAWAS BENAR'!D7 -> 0 | E7: ='TAWAS BENAR'!E7 -> 0 | F7: ='TAWAS BENAR'!F7 -> 0 | G7: ='TAWAS BENAR'!G7 -> 0 | H7: ='TAWAS BENAR'!H7 -> 0 | I7: ='TAWAS BENAR'!I7 -> 0 | ... Q7: ='TAWAS BENAR'!Q7 -> 0
B8: ='TAWAS BENAR'!B8 -> 0 | C8: ='TAWAS BENAR'!C8 -> 0 | D8: ='TAWAS BENAR'!D8 -> 0 | E8: ='TAWAS BENAR'!E8 -> 0 | F8: ='TAWAS BENAR'!F8 -> 0 | G8: ='TAWAS BENAR'!G8 -> 0 | H8: ='TAWAS BENAR'!H8 -> 0 | I8: ='TAWAS BENAR'!I8 -> 0 | ... Q8: ='TAWAS BENAR'!Q8 -> 0
B9: ='TAWAS BENAR'!B9 -> 0 | C9: ='TAWAS BENAR'!C9 -> 0 | D9: ='TAWAS BENAR'!D9 -> 0 | E9: ='TAWAS BENAR'!E9 -> 0 | F9: ='TAWAS BENAR'!F9 -> 0 | G9: ='TAWAS BENAR'!G9 -> 0 | H9: ='TAWAS BENAR'!H9 -> 0 | I9: ='TAWAS BENAR'!I9 -> 0 | ... Q9: ='TAWAS BENAR'!Q9 -> 0
O10: =N10*C10 -> 0
A13: TAWAS KARTIKA BHAKTI
A14: BULAN | B14: SALDO AWAL | E14: PENAMBAHAN | H14: PEMAKAIAN | J14: SALDO AKHIR
B15: Volume | C15: Hrg/Kg (Rp) | D15: Jumlah (Rp) | E15: Volume | F15: Hrg/Kg (Rp) | G15: Jumlah | H15: Volume | I15: Jumlah (Rp) | J15: Volume | K15: Jumlah (Rp)
A17: Januari | B17: ='Tawas K. B'!B7 -> 0 | C17: ='Tawas K. B'!C7 -> 0 | D17: ='Tawas K. B'!D7 -> 0 | E17: ='Tawas K. B'!E7 -> 0 | F17: ='Tawas K. B'!F7 -> 0 | G17: ='Tawas K. B'!G7 -> 0 | H17: ='Tawas K. B'!H7 -> 0 | I17: ='Tawas K. B'!I7 -> 0 | ... K17: ='Tawas K. B'!K7 -> 0
A22: TAWAS HANAU
A23: BULAN | B23: SALDO AWAL | E23: PENAMBAHAN | H23: PEMAKAIAN | J23: SALDO AKHIR
B24: Volume | C24: Hrg/Kg (Rp) | D24: Jumlah (Rp) | E24: Volume | F24: Hrg/Kg (Rp) | G24: Jumlah | H24: Volume | I24: Jumlah (Rp) | J24: Volume | K24: Jumlah (Rp)
A26: Januari | B26: ='Tawas Hanau'!B7 -> 0 | C26: ='Tawas Hanau'!C7 -> 0 | D26: ='Tawas Hanau'!D7 -> 0 | E26: ='Tawas Hanau'!E7 -> 0 | F26: ='Tawas Hanau'!F7 -> 0 | G26: ='Tawas Hanau'!G7 -> 0 | H26: ='Tawas Hanau'!H7 -> 0 | I26: ='Tawas Hanau'!I7 -> 0 | ... K26: ='Tawas Hanau'!K7 -> 0
A31: FEBRUARI 2026
A32: TAWAS PUSAT
A33: BULAN | B33: SALDO AWAL | E33: PENAMBAHAN | H33: MUTASI KARTIKA BHAKTI | K33: MUTASI HANAU | N33: PEMAKAIAN | P33: SALDO AKHIR
B34: Volume | C34: Hrg/Kg (Rp) | D34: Jumlah (Rp) | E34: Volume | F34: Hrg/Kg (Rp) | G34: Jumlah | H34: Volume | I34: Hrg/Kg | J34: Jumlah (Rp) | K34: Volume | L34: Hrg/Kg | M34: Jumlah (Rp) | N34: Volume | O34: Jumlah (Rp) | P34: Volume | Q34: Jumlah (Rp)
A36: Februari | B36: ='TAWAS BENAR'!B11 -> 0 | C36: ='TAWAS BENAR'!C11 -> 0 | D36: ='TAWAS BENAR'!D11 -> 0 | E36: ='TAWAS BENAR'!E11 -> 0 | F36: ='TAWAS BENAR'!F11 -> 0 | G36: ='TAWAS BENAR'!G11 -> 0 | H36: ='TAWAS BENAR'!H11 -> 0 | I36: ='TAWAS BENAR'!I11 -> 0 | ... Q36: ='TAWAS BENAR'!Q11 -> 0
B37: ='TAWAS BENAR'!B12 -> 0 | C37: ='TAWAS BENAR'!C12 -> 0 | D37: ='TAWAS BENAR'!D12 -> 0 | E37: ='TAWAS BENAR'!E12 -> 0 | F37: ='TAWAS BENAR'!F12 -> 0 | G37: ='TAWAS BENAR'!G12 -> 0 | H37: ='TAWAS BENAR'!H12 -> 0 | I37: ='TAWAS BENAR'!I12 -> 0 | ... Q37: ='TAWAS BENAR'!Q12 -> 0
B38: ='TAWAS BENAR'!B13 -> 0 | C38: ='TAWAS BENAR'!C13 -> 0 | D38: ='TAWAS BENAR'!D13 -> 0 | E38: ='TAWAS BENAR'!E13 -> 0 | F38: ='TAWAS BENAR'!F13 -> 0 | G38: ='TAWAS BENAR'!G13 -> 0 | H38: ='TAWAS BENAR'!H13 -> 0 | I38: ='TAWAS BENAR'!I13 -> 0 | ... Q38: ='TAWAS BENAR'!Q13 -> 0
A42: TAWAS KARTIKA BHAKTI
A43: BULAN | B43: SALDO AWAL | E43: PENAMBAHAN | H43: PEMAKAIAN | J43: SALDO AKHIR
B44: Volume | C44: Hrg/Kg (Rp) | D44: Jumlah (Rp) | E44: Volume | F44: Hrg/Kg (Rp) | G44: Jumlah | H44: Volume | I44: Jumlah (Rp) | J44: Volume | K44: Jumlah (Rp)
A46: Februari | B46: ='Tawas K. B'!B9 -> 0 | C46: ='Tawas K. B'!C9 -> 0 | D46: ='Tawas K. B'!D9 -> 0 | E46: ='Tawas K. B'!E9 -> 0 | F46: ='Tawas K. B'!F9 -> 0 | G46: ='Tawas K. B'!G9 -> 0 | H46: ='Tawas K. B'!H9 -> 0 | I46: ='Tawas K. B'!I9 -> 0 | ... K46: ='Tawas K. B'!K9 -> 0
B47: ='Tawas K. B'!B10 -> 0 | C47: ='Tawas K. B'!C10 -> 0 | D47: ='Tawas K. B'!D10 -> 0 | E47: ='Tawas K. B'!E10 -> 0 | F47: ='Tawas K. B'!F10 -> 0 | G47: ='Tawas K. B'!G10 -> 0 | H47: ='Tawas K. B'!H10 -> 0 | I47: ='Tawas K. B'!I10 -> 0 | ... K47: ='Tawas K. B'!K10 -> 0
B48: ='Tawas K. B'!B11 -> 0 | C48: ='Tawas K. B'!C11 -> 0 | D48: ='Tawas K. B'!D11 -> 0 | E48: ='Tawas K. B'!E11 -> 0 | F48: ='Tawas K. B'!F11 -> 0 | G48: ='Tawas K. B'!G11 -> 0 | H48: ='Tawas K. B'!H11 -> 0 | I48: ='Tawas K. B'!I11 -> 0 | ... K48: ='Tawas K. B'!K11 -> 0
A53: TAWAS HANAU
A54: BULAN | B54: SALDO AWAL | E54: PENAMBAHAN | H54: PEMAKAIAN | J54: SALDO AKHIR
B55: Volume | C55: Hrg/Kg (Rp) | D55: Jumlah (Rp) | E55: Volume | F55: Hrg/Kg (Rp) | G55: Jumlah | H55: Volume | I55: Jumlah (Rp) | J55: Volume | K55: Jumlah (Rp)
A57: Februari | B57: ='Tawas Hanau'!B9 -> 0 | C57: ='Tawas Hanau'!C9 -> 0 | D57: ='Tawas Hanau'!D9 -> 0 | E57: ='Tawas Hanau'!E9 -> 0 | F57: ='Tawas Hanau'!F9 -> 0 | G57: ='Tawas Hanau'!G9 -> 0 | H57: ='Tawas Hanau'!H9 -> 0 | I57: ='Tawas Hanau'!I9 -> 0 | ... K57: ='Tawas Hanau'!K9 -> 0
B58: ='Tawas Hanau'!B10 -> 0 | C58: ='Tawas Hanau'!C10 -> 0 | D58: ='Tawas Hanau'!D10 -> 0 | E58: ='Tawas Hanau'!E10 -> 0 | F58: ='Tawas Hanau'!F10 -> 0 | G58: ='Tawas Hanau'!G10 -> 0 | H58: ='Tawas Hanau'!H10 -> 0 | I58: ='Tawas Hanau'!I10 -> 0 | ... K58: ='Tawas Hanau'!K10 -> 0
B59: ='Tawas Hanau'!B11 -> 0 | C59: ='Tawas Hanau'!C11 -> 0 | D59: ='Tawas Hanau'!D11 -> 0 | E59: ='Tawas Hanau'!E11 -> 0 | F59: ='Tawas Hanau'!F11 -> 0 | G59: ='Tawas Hanau'!G11 -> 0 | H59: ='Tawas Hanau'!H11 -> 0 | I59: ='Tawas Hanau'!I11 -> 0 | ... K59: ='Tawas Hanau'!K11 -> 0
A64: MARET 2026
A65: TAWAS PUSAT
A66: BULAN | B66: SALDO AWAL | E66: PENAMBAHAN | H66: MUTASI KARTIKA BHAKTI | K66: MUTASI HANAU | N66: PEMAKAIAN | P66: SALDO AKHIR
B67: Volume | C67: Hrg/Kg (Rp) | D67: Jumlah (Rp) | E67: Volume | F67: Hrg/Kg (Rp) | G67: Jumlah | H67: Volume | I67: Hrg/Kg | J67: Jumlah (Rp) | K67: Volume | L67: Hrg/Kg | M67: Jumlah (Rp) | N67: Volume | O67: Jumlah (Rp) | P67: Volume | Q67: Jumlah (Rp)
A69: Maret | B69: ='TAWAS BENAR'!B16 -> 0 | C69: ='TAWAS BENAR'!C16 -> 0 | D69: ='TAWAS BENAR'!D16 -> 0 | E69: ='TAWAS BENAR'!E16 -> 0 | F69: ='TAWAS BENAR'!F16 -> 0 | G69: ='TAWAS BENAR'!G16 -> 0 | H69: ='TAWAS BENAR'!H16 -> 0 | I69: ='TAWAS BENAR'!I16 -> 0 | ... Q69: ='TAWAS BENAR'!Q16 -> 0
B70: ='TAWAS BENAR'!B17 -> 0 | C70: ='TAWAS BENAR'!C17 -> 0 | D70: ='TAWAS BENAR'!D17 -> 0 | E70: ='TAWAS BENAR'!E17 -> 0 | F70: ='TAWAS BENAR'!F17 -> 0 | G70: ='TAWAS BENAR'!G17 -> 0 | H70: ='TAWAS BENAR'!H17 -> 0 | I70: ='TAWAS BENAR'!I17 -> 0 | ... Q70: ='TAWAS BENAR'!Q17 -> 0
B71: ='TAWAS BENAR'!B18 -> 0 | C71: ='TAWAS BENAR'!C18 -> 0 | D71: ='TAWAS BENAR'!D18 -> 0 | E71: ='TAWAS BENAR'!E18 -> 0 | F71: ='TAWAS BENAR'!F18 -> 0 | G71: ='TAWAS BENAR'!G18 -> 0 | H71: ='TAWAS BENAR'!H18 -> 0 | I71: ='TAWAS BENAR'!I18 -> 0 | ... Q71: ='TAWAS BENAR'!Q18 -> 0
A75: TAWAS KARTIKA BHAKTI
A76: BULAN | B76: SALDO AWAL | E76: PENAMBAHAN | H76: PEMAKAIAN | J76: SALDO AKHIR
B77: Volume | C77: Hrg/Kg (Rp) | D77: Jumlah (Rp) | E77: Volume | F77: Hrg/Kg (Rp) | G77: Jumlah | H77: Volume | I77: Jumlah (Rp) | J77: Volume | K77: Jumlah (Rp)
A79: Maret | B79: ='Tawas K. B'!B14 -> 0 | C79: ='Tawas K. B'!C14 -> 0 | D79: ='Tawas K. B'!D14 -> 0 | E79: ='Tawas K. B'!E14 -> 0 | F79: ='Tawas K. B'!F14 -> 0 | G79: ='Tawas K. B'!G14 -> 0 | H79: ='Tawas K. B'!H14 -> 0 | I79: ='Tawas K. B'!I14 -> 0 | ... K79: ='Tawas K. B'!K14 -> 0
B80: ='Tawas K. B'!B18 -> 0 | C80: ='Tawas K. B'!C18 -> 0 | D80: ='Tawas K. B'!D18 -> 0 | E80: ='Tawas K. B'!E18 -> 0 | F80: ='Tawas K. B'!F18 -> 0 | G80: ='Tawas K. B'!G18 -> 0 | H80: ='Tawas K. B'!H18 -> 0 | I80: ='Tawas K. B'!I18 -> 0 | ... K80: ='Tawas K. B'!K18 -> 0
A85: TAWAS HANAU
A86: BULAN | B86: SALDO AWAL | E86: PENAMBAHAN | H86: PEMAKAIAN | J86: SALDO AKHIR
B87: Volume | C87: Hrg/Kg (Rp) | D87: Jumlah (Rp) | E87: Volume | F87: Hrg/Kg (Rp) | G87: Jumlah | H87: Volume | I87: Jumlah (Rp) | J87: Volume | K87: Jumlah (Rp)
A89: Maret | B89: ='Tawas Hanau'!B14 -> 0 | C89: ='Tawas Hanau'!C14 -> 0 | D89: ='Tawas Hanau'!D14 -> 0 | E89: ='Tawas Hanau'!E14 -> 0 | F89: ='Tawas Hanau'!F14 -> 0 | G89: ='Tawas Hanau'!G14 -> 0 | H89: ='Tawas Hanau'!H14 -> 0 | I89: ='Tawas Hanau'!I14 -> 0 | ... K89: ='Tawas Hanau'!K14 -> 0
G90: =E90*F90 -> 0 | H90: =1300-H89 -> 1300 | K90: =J90*F90 -> 0
K91: =K90 -> 0
A97: 45748
A98: TAWAS PUSAT
A99: BULAN | B99: SALDO AWAL | E99: PENAMBAHAN | H99: MUTASI KARTIKA BHAKTI | K99: MUTASI HANAU | N99: PEMAKAIAN | P99: SALDO AKHIR
B100: Volume | C100: Hrg/Kg (Rp) | D100: Jumlah (Rp) | E100: Volume | F100: Hrg/Kg (Rp) | G100: Jumlah | H100: Volume | I100: Hrg/Kg | J100: Jumlah (Rp) | K100: Volume | L100: Hrg/Kg | M100: Jumlah (Rp) | N100: Volume | O100: Jumlah (Rp) | P100: Volume | Q100: Jumlah (Rp)
A102: April
B104: ='TAWAS BENAR'!B22 -> 0 | C104: ='TAWAS BENAR'!C22 -> 0 | D104: ='TAWAS BENAR'!D22 -> 0 | E104: ='TAWAS BENAR'!E22 -> 0 | F104: ='TAWAS BENAR'!F22 -> 0 | G104: ='TAWAS BENAR'!G22 -> 0 | H104: ='TAWAS BENAR'!H22 -> 0 | I104: ='TAWAS BENAR'!I22 -> 0 | ... Q104: ='TAWAS BENAR'!Q22 -> 0
A107: TAWAS KARTIKA BHAKTI
A108: BULAN | B108: SALDO AWAL | E108: PENAMBAHAN | H108: PEMAKAIAN | J108: SALDO AKHIR
B109: Volume | C109: Hrg/Kg (Rp) | D109: Jumlah (Rp) | E109: Volume | F109: Hrg/Kg (Rp) | G109: Jumlah | H109: Volume | I109: Jumlah (Rp) | J109: Volume | K109: Jumlah (Rp)
A111: April | B111: ='Tawas K. B'!B19 -> 0 | C111: ='Tawas K. B'!C19 -> 0 | D111: ='Tawas K. B'!D19 -> 0 | E111: ='Tawas K. B'!E19 -> 0 | F111: ='Tawas K. B'!F19 -> 0 | G111: ='Tawas K. B'!G19 -> 0 | H111: ='Tawas K. B'!H19 -> 0 | I111: ='Tawas K. B'!I19 -> 0 | ... K111: ='Tawas K. B'!K19 -> 0
G112: =E112*F112 -> 0 | J112: =B112+E112-H112 -> 0 | K112: =D112+G112-I112 -> 0
A118: TAWAS HANAU
A119: BULAN | B119: SALDO AWAL | E119: PENAMBAHAN | H119: PEMAKAIAN | J119: SALDO AKHIR
B120: Volume | C120: Hrg/Kg (Rp) | D120: Jumlah (Rp) | E120: Volume | F120: Hrg/Kg (Rp) | G120: Jumlah | H120: Volume | I120: Jumlah (Rp) | J120: Volume | K120: Jumlah (Rp)
A122: April | B122: ='Tawas Hanau'!B19 -> 0 | C122: ='Tawas Hanau'!C19 -> 0 | D122: ='Tawas Hanau'!D19 -> 0 | E122: ='Tawas Hanau'!E19 -> 0 | F122: ='Tawas Hanau'!F19 -> 0 | G122: ='Tawas Hanau'!G19 -> 0 | H122: ='Tawas Hanau'!H19 -> 0 | I122: ='Tawas Hanau'!I19 -> 0 | ... K122: ='Tawas Hanau'!K19 -> 0
A128: MEI 2025
A129: TAWAS PUSAT
A130: BULAN | B130: SALDO AWAL | E130: PENAMBAHAN | H130: MUTASI KARTIKA BHAKTI | K130: MUTASI HANAU | N130: PEMAKAIAN | P130: SALDO AKHIR
B131: Volume | C131: Hrg/Kg (Rp) | D131: Jumlah (Rp) | E131: Volume | F131: Hrg/Kg (Rp) | G131: Jumlah | H131: Volume | I131: Hrg/Kg | J131: Jumlah (Rp) | K131: Volume | L131: Hrg/Kg | M131: Jumlah (Rp) | N131: Volume | O131: Jumlah (Rp) | P131: Volume | Q131: Jumlah (Rp)
A133: Mei | B133: ='TAWAS BENAR'!B23 -> 0 | C133: ='TAWAS BENAR'!C23 -> 0 | D133: ='TAWAS BENAR'!D23 -> 0 | E133: ='TAWAS BENAR'!E23 -> 0 | F133: ='TAWAS BENAR'!F23 -> 0 | G133: ='TAWAS BENAR'!G23 -> 0 | H133: ='TAWAS BENAR'!H23 -> 0 | I133: ='TAWAS BENAR'!I23 -> 0 | ... Q133: ='TAWAS BENAR'!Q23 -> 0
J135: =H135*I135 -> 0
A139: TAWAS KARTIKA BHAKTI
A140: BULAN | B140: SALDO AWAL | E140: PENAMBAHAN | H140: PEMAKAIAN | J140: SALDO AKHIR
B141: Volume | C141: Hrg/Kg (Rp) | D141: Jumlah (Rp) | E141: Volume | F141: Hrg/Kg (Rp) | G141: Jumlah | H141: Volume | I141: Jumlah (Rp) | J141: Volume | K141: Jumlah (Rp)
A143: Mei | B143: ='Tawas K. B'!B21 -> 0 | C143: ='Tawas K. B'!C21 -> 0 | D143: ='Tawas K. B'!D21 -> 0 | E143: ='Tawas K. B'!E21 -> 0 | F143: ='Tawas K. B'!F21 -> 0 | G143: ='Tawas K. B'!G21 -> 0 | H143: ='Tawas K. B'!H21 -> 0 | I143: ='Tawas K. B'!I21 -> 0 | ... K143: ='Tawas K. B'!K21 -> 0
A150: BULAN | B150: SALDO AWAL | E150: PENAMBAHAN | H150: PEMAKAIAN | J150: SALDO AKHIR
B151: Volume | C151: Hrg/Kg (Rp) | D151: Jumlah (Rp) | E151: Volume | F151: Hrg/Kg (Rp) | G151: Jumlah | H151: Volume | I151: Jumlah (Rp) | J151: Volume | K151: Jumlah (Rp)
A153: Mei | B153: ='Tawas Hanau'!B21 -> 0 | C153: ='Tawas Hanau'!C21 -> 0 | D153: ='Tawas Hanau'!D21 -> 0 | E153: ='Tawas Hanau'!E21 -> 0 | F153: ='Tawas Hanau'!F21 -> 0 | G153: ='Tawas Hanau'!G21 -> 0 | H153: ='Tawas Hanau'!H21 -> 0 | I153: ='Tawas Hanau'!I21 -> 0 | ... K153: ='Tawas Hanau'!K21 -> 0
G154: =E154*F154 -> 0 | I154: =H154*F154 -> 0 | J154: =B154+E154-H154 -> 0 | K154: =D154+G154-I154 -> 0
A159: JUNI 2025
A160: TAWAS PUSAT
A161: BULAN | B161: SALDO AWAL | E161: PENAMBAHAN | H161: MUTASI KARTIKA BHAKTI | K161: MUTASI HANAU | N161: PEMAKAIAN | P161: SALDO AKHIR
B162: Volume | C162: Hrg/Kg (Rp) | D162: Jumlah (Rp) | E162: Volume | F162: Hrg/Kg (Rp) | G162: Jumlah | H162: Volume | I162: Hrg/Kg | J162: Jumlah (Rp) | K162: Volume | L162: Hrg/Kg | M162: Jumlah (Rp) | N162: Volume | O162: Jumlah (Rp) | P162: Volume | Q162: Jumlah (Rp)
A164: Juni | B164: ='TAWAS BENAR'!B25 -> 0 | C164: ='TAWAS BENAR'!C25 -> 0 | D164: ='TAWAS BENAR'!D25 -> 0 | E164: ='TAWAS BENAR'!E25 -> 0 | F164: ='TAWAS BENAR'!F25 -> 0 | G164: ='TAWAS BENAR'!G25 -> 0 | H164: ='TAWAS BENAR'!H25 -> 0 | I164: ='TAWAS BENAR'!I25 -> 0 | ... Q164: ='TAWAS BENAR'!Q25 -> 0
E165: ='TAWAS BENAR'!E26 -> 0 | F165: ='TAWAS BENAR'!F26 -> 0 | G165: ='TAWAS BENAR'!G26 -> 0 | K165: ='TAWAS BENAR'!K26 -> 0 | L165: ='TAWAS BENAR'!L26 -> 0 | M165: ='TAWAS BENAR'!M26 -> 0 | N165: ='TAWAS BENAR'!N26 -> 0 | O165: ='TAWAS BENAR'!O26 -> 0 | P165: ='TAWAS BENAR'!P26 -> 0 | Q165: ='TAWAS BENAR'!Q26 -> 0
A169: TAWAS KARTIKA BHAKTI
A170: BULAN | B170: SALDO AWAL | E170: PENAMBAHAN | H170: PEMAKAIAN | J170: SALDO AKHIR
B171: Volume | C171: Hrg/Kg (Rp) | D171: Jumlah (Rp) | E171: Volume | F171: Hrg/Kg (Rp) | G171: Jumlah | H171: Volume | I171: Jumlah (Rp) | J171: Volume | K171: Jumlah (Rp)
A173: Juni | B173: ='Tawas K. B'!B23 -> 0 | C173: ='Tawas K. B'!C23 -> 0 | D173: ='Tawas K. B'!D23 -> 0 | E173: ='Tawas K. B'!E23 -> 0 | F173: ='Tawas K. B'!F23 -> 0 | G173: ='Tawas K. B'!G23 -> 0 | H173: ='Tawas K. B'!H23 -> 0 | I173: ='Tawas K. B'!I23 -> 0 | ... K173: ='Tawas K. B'!K23 -> 0
A178: TAWAS HANAU
A179: BULAN | B179: SALDO AWAL | E179: PENAMBAHAN | H179: PEMAKAIAN | J179: SALDO AKHIR
B180: Volume | C180: Hrg/Kg (Rp) | D180: Jumlah (Rp) | E180: Volume | F180: Hrg/Kg (Rp) | G180: Jumlah | H180: Volume | I180: Jumlah (Rp) | J180: Volume | K180: Jumlah (Rp)
A182: Juni | B182: ='Tawas Hanau'!B23 -> 0 | C182: ='Tawas Hanau'!C23 -> 0 | D182: ='Tawas Hanau'!D23 -> 0 | E182: ='Tawas Hanau'!E23 -> 0 | F182: ='Tawas Hanau'!F23 -> 0 | G182: ='Tawas Hanau'!G23 -> 0 | H182: ='Tawas Hanau'!H23 -> 0 | I182: ='Tawas Hanau'!I23 -> 0 | ... K182: ='Tawas Hanau'!K23 -> 0
G183: =E183*F183 -> 0 | J183: =B183+E183-H183 -> 0 | K183: =D183+G183-I183 -> 0
G184: =E184*F184 -> 0 | I184: =H184*F184 -> 0 | J184: =B184+E184-H184 -> 0 | K184: =D184+G184-I184 -> 0
A186: JULI 2025
A187: TAWAS PUSAT
...

Sheet REKAP KAPORIT
A1: JANUARI 2026
A3: KAPORIT PUSAT
A5: BULAN | B5: SALDO AWAL | E5: PENAMBAHAN | H5: MUTASI KARTIKA BHAKTI | K5: MUTASI HANAU | N5: PEMAKAIAN | P5: SALDO AKHIR
B6: Volume | C6: Hrg/Kg | D6: Jumlah (Rp) | E6: Volume | F6: Hrg/Kg | G6: Jumlah | H6: Volume | I6: Hrg/Kg | J6: Jumlah (Rp) | K6: Volume | L6: Hrg/Kg | M6: Jumlah (Rp) | N6: Volume | O6: Jumlah (Rp) | P6: Volume | Q6: Jumlah (Rp)
A8: Januari | E8: ='Kaporit BENAR'!E8 -> 0 | F8: ='Kaporit BENAR'!F8 -> 0 | G8: ='Kaporit BENAR'!G8 -> 0 | H8: ='Kaporit BENAR'!H8 -> 0 | I8: ='Kaporit BENAR'!I8 -> 0 | J8: ='Kaporit BENAR'!J8 -> 0 | K8: ='Kaporit BENAR'!K8 -> 0 | L8: ='Kaporit BENAR'!L8 -> 0 | M8: ='Kaporit BENAR'!M8 -> 0
G9: =E9*F9 -> 0 | P9: =B9+E9-N9-H9-K9 -> 0 | Q9: =D9+G9-O9-J9-M9 -> 0
A14: KAPORIT KARTIKA BHAKTI
A15: BULAN | B15: SALDO AWAL | E15: PENAMBAHAN | H15: PEMAKAIAN | J15: SALDO AKHIR
B16: Volume | C16: Hrg/Kg (Rp) | D16: Jumlah (Rp) | E16: Volume | F16: Hrg/Kg (Rp) | G16: Jumlah | H16: Volume | I16: Jumlah (Rp) | J16: Volume | K16: Jumlah (Rp)
A18: Januari | B18: ='Kaporit K. B'!B7 -> 0 | C18: ='Kaporit K. B'!C7 -> 0 | D18: ='Kaporit K. B'!D7 -> 0 | E18: ='Kaporit K. B'!E7 -> 0 | F18: ='Kaporit K. B'!F7 -> 0 | G18: ='Kaporit K. B'!G7 -> 0 | H18: ='Kaporit K. B'!H7 -> 0 | I18: ='Kaporit K. B'!I7 -> 0 | ... K18: ='Kaporit K. B'!K7 -> 0
B19: ='Kaporit K. B'!B8 -> 0 | C19: ='Kaporit K. B'!C8 -> 0 | D19: ='Kaporit K. B'!D8 -> 0 | E19: ='Kaporit K. B'!E8 -> 0 | F19: ='Kaporit K. B'!F8 -> 0 | G19: ='Kaporit K. B'!G8 -> 0 | H19: ='Kaporit K. B'!H8 -> 0 | I19: ='Kaporit K. B'!I8 -> 0 | ... K19: ='Kaporit K. B'!K8 -> 0 | L19: ='Soda Ash K. B'!L8 -> 0
B20: ='Kaporit K. B'!B9 -> 0 | C20: ='Kaporit K. B'!C9 -> 0 | D20: ='Kaporit K. B'!D9 -> 0 | E20: ='Kaporit K. B'!E9 -> 0 | F20: ='Kaporit K. B'!F9 -> 0 | G20: ='Kaporit K. B'!G9 -> 0 | H20: ='Kaporit K. B'!H9 -> 0 | I20: ='Kaporit K. B'!I9 -> 0 | ... K20: ='Kaporit K. B'!K9 -> 0
A24: KAPOIT HANAU
A25: BULAN | B25: SALDO AWAL | E25: PENAMBAHAN | H25: PEMAKAIAN | J25: SALDO AKHIR
B26: Volume | C26: Hrg/Kg (Rp) | D26: Jumlah (Rp) | E26: Volume | F26: Hrg/Kg (Rp) | G26: Jumlah | H26: Volume | I26: Jumlah (Rp) | J26: Volume | K26: Jumlah (Rp)
A28: Januari | B28: ='Kaporit Hanau'!B7 -> 0 | C28: ='Kaporit Hanau'!C7 -> 0 | D28: ='Kaporit Hanau'!D7 -> 0 | E28: ='Kaporit Hanau'!E7 -> 0 | F28: ='Kaporit Hanau'!F7 -> 0 | G28: ='Kaporit Hanau'!G7 -> 0 | H28: ='Kaporit Hanau'!H7 -> 0 | I28: ='Kaporit Hanau'!I7 -> 0 | ... K28: ='Kaporit Hanau'!K7 -> 0
A33: FEBRUARI 2026
A34: KAPORIT PUSAT
A36: BULAN | B36: SALDO AWAL | E36: PENAMBAHAN | H36: MUTASI KARTIKA BHAKTI | K36: MUTASI HANAU | N36: PEMAKAIAN | P36: SALDO AKHIR
B37: Volume | C37: Hrg/Kg | D37: Jumlah (Rp) | E37: Volume | F37: Hrg/Kg | G37: Jumlah | H37: Volume | I37: Hrg/Kg | J37: Jumlah (Rp) | K37: Volume | L37: Hrg/Kg | M37: Jumlah (Rp) | N37: Volume | O37: Jumlah (Rp) | P37: Volume | Q37: Jumlah (Rp)
A39: Februari | B39: ='Kaporit BENAR'!B10 -> 0 | C39: ='Kaporit BENAR'!C10 -> 0 | D39: ='Kaporit BENAR'!D10 -> 0 | E39: ='Kaporit BENAR'!E10 -> 0 | F39: ='Kaporit BENAR'!F10 -> 0 | G39: ='Kaporit BENAR'!G10 -> 0 | H39: ='Kaporit BENAR'!H10 -> 0 | I39: ='Kaporit BENAR'!I10 -> 0 | ... Q39: ='Kaporit BENAR'!Q10 -> 0
B40: ='Kaporit BENAR'!B11 -> 0 | C40: ='Kaporit BENAR'!C11 -> 0 | D40: ='Kaporit BENAR'!D11 -> 0 | E40: ='Kaporit BENAR'!E11 -> 0 | F40: ='Kaporit BENAR'!F11 -> 0 | G40: ='Kaporit BENAR'!G11 -> 0 | H40: ='Kaporit BENAR'!H11 -> 0 | I40: ='Kaporit BENAR'!I11 -> 0 | ... Q40: ='Kaporit BENAR'!Q11 -> 0
A45: KAPORIT KARTIKA BHAKTI
A46: BULAN | B46: SALDO AWAL | E46: PENAMBAHAN | H46: PEMAKAIAN | J46: SALDO AKHIR
B47: Volume | C47: Hrg/Kg (Rp) | D47: Jumlah (Rp) | E47: Volume | F47: Hrg/Kg (Rp) | G47: Jumlah | H47: Volume | I47: Jumlah (Rp) | J47: Volume | K47: Jumlah (Rp)
A49: Februari | B49: ='Kaporit K. B'!B11 -> 0 | C49: ='Kaporit K. B'!C11 -> 0 | D49: ='Kaporit K. B'!D11 -> 0 | E49: ='Kaporit K. B'!E11 -> 0 | F49: ='Kaporit K. B'!F11 -> 0 | G49: ='Kaporit K. B'!G11 -> 0 | H49: ='Kaporit K. B'!H11 -> 0 | I49: ='Kaporit K. B'!I11 -> 0 | ... K49: ='Kaporit K. B'!K11 -> 0
B50: ='Kaporit K. B'!B12 -> 0 | C50: ='Kaporit K. B'!C12 -> 0 | D50: ='Kaporit K. B'!D12 -> 0 | E50: ='Kaporit K. B'!E12 -> 0 | F50: ='Kaporit K. B'!F12 -> 0 | G50: ='Kaporit K. B'!G12 -> 0 | H50: ='Kaporit K. B'!H12 -> 0 | I50: ='Kaporit K. B'!I12 -> 0 | ... K50: ='Kaporit K. B'!K12 -> 0
B51: ='Kaporit K. B'!B13 -> 0 | C51: ='Kaporit K. B'!C13 -> 0 | D51: ='Kaporit K. B'!D13 -> 0 | E51: ='Kaporit K. B'!E13 -> 0 | F51: ='Kaporit K. B'!F13 -> 0 | G51: ='Kaporit K. B'!G13 -> 0 | H51: ='Kaporit K. B'!H13 -> 0 | I51: ='Kaporit K. B'!I13 -> 0 | ... K51: ='Kaporit K. B'!K13 -> 0
A57: KAPORIT HANAU
A58: BULAN | B58: SALDO AWAL | E58: PENAMBAHAN | H58: PEMAKAIAN | J58: SALDO AKHIR
B59: Volume | C59: Hrg/Kg (Rp) | D59: Jumlah (Rp) | E59: Volume | F59: Hrg/Kg (Rp) | G59: Jumlah | H59: Volume | I59: Jumlah (Rp) | J59: Volume | K59: Jumlah (Rp)
A61: Februari | B61: ='Kaporit Hanau'!B9 -> 0 | C61: ='Kaporit Hanau'!C9 -> 0 | D61: ='Kaporit Hanau'!D9 -> 0 | E61: ='Kaporit Hanau'!E9 -> 0 | F61: ='Kaporit Hanau'!F9 -> 0 | G61: ='Kaporit Hanau'!G9 -> 0 | H61: ='Kaporit Hanau'!H9 -> 0 | I61: ='Kaporit Hanau'!I9 -> 0 | ... K61: ='Kaporit Hanau'!K9 -> 0
B62: ='Kaporit Hanau'!B10 -> 0 | C62: ='Kaporit Hanau'!C10 -> 0 | D62: ='Kaporit Hanau'!D10 -> 0 | E62: ='Kaporit Hanau'!E10 -> 0 | F62: ='Kaporit Hanau'!F10 -> 0 | G62: ='Kaporit Hanau'!G10 -> 0 | H62: ='Kaporit Hanau'!H10 -> 0 | I62: ='Kaporit Hanau'!I10 -> 0 | ... K62: ='Kaporit Hanau'!K10 -> 0
A67: MARET 2026
A68: KAPORIT PUSAT
A70: BULAN | B70: SALDO AWAL | E70: PENAMBAHAN | H70: MUTASI KARTIKA BHAKTI | K70: MUTASI HANAU | N70: PEMAKAIAN | P70: SALDO AKHIR
B71: Volume | C71: Hrg/Kg | D71: Jumlah (Rp) | E71: Volume | F71: Hrg/Kg | G71: Jumlah | H71: Volume | I71: Hrg/Kg | J71: Jumlah (Rp) | K71: Volume | L71: Hrg/Kg | M71: Jumlah (Rp) | N71: Volume | O71: Jumlah (Rp) | P71: Volume | Q71: Jumlah (Rp)
A73: Maret | B73: ='Kaporit BENAR'!B12 -> 0 | C73: ='Kaporit BENAR'!C12 -> 0 | D73: ='Kaporit BENAR'!D12 -> 0 | E73: ='Kaporit BENAR'!E12 -> 0 | F73: ='Kaporit BENAR'!F12 -> 0 | G73: ='Kaporit BENAR'!G12 -> 0 | H73: ='Kaporit BENAR'!H12 -> 0 | I73: ='Kaporit BENAR'!I12 -> 0 | ... Q73: ='Kaporit BENAR'!Q12 -> 0
B74: ='Kaporit BENAR'!B13 -> 0 | C74: ='Kaporit BENAR'!C13 -> 0 | D74: ='Kaporit BENAR'!D13 -> 0 | E74: ='Kaporit BENAR'!E13 -> 0 | F74: ='Kaporit BENAR'!F13 -> 0 | G74: ='Kaporit BENAR'!G13 -> 0 | H74: ='Kaporit BENAR'!H13 -> 0 | I74: ='Kaporit BENAR'!I13 -> 0 | ... Q74: ='Kaporit BENAR'!Q13 -> 0
B75: ='Kaporit BENAR'!B14 -> 0 | C75: ='Kaporit BENAR'!C14 -> 0 | D75: ='Kaporit BENAR'!D14 -> 0 | E75: ='Kaporit BENAR'!E14 -> 0 | F75: ='Kaporit BENAR'!F14 -> 0 | G75: ='Kaporit BENAR'!G14 -> 0 | H75: ='Kaporit BENAR'!H14 -> 0 | I75: ='Kaporit BENAR'!I14 -> 0 | ... Q75: ='Kaporit BENAR'!Q14 -> 0
A79: KAPORIT KARTIKA BHAKTI
A80: BULAN | B80: SALDO AWAL | E80: PENAMBAHAN | H80: PEMAKAIAN | J80: SALDO AKHIR
B81: Volume | C81: Hrg/Kg (Rp) | D81: Jumlah (Rp) | E81: Volume | F81: Hrg/Kg (Rp) | G81: Jumlah | H81: Volume | I81: Jumlah (Rp) | J81: Volume | K81: Jumlah (Rp)
A83: Maret | B83: ='Kaporit K. B'!B16 -> 0 | C83: ='Kaporit K. B'!C16 -> 0 | D83: ='Kaporit K. B'!D16 -> 0 | E83: ='Kaporit K. B'!E16 -> 0 | F83: ='Kaporit K. B'!F16 -> 0 | G83: ='Kaporit K. B'!G16 -> 0 | H83: ='Kaporit K. B'!H16 -> 0 | I83: ='Kaporit K. B'!I16 -> 0 | ... K83: ='Kaporit K. B'!K16 -> 0
B84: ='Kaporit K. B'!B17 -> 0 | C84: ='Kaporit K. B'!C17 -> 0 | D84: ='Kaporit K. B'!D17 -> 0 | E84: ='Kaporit K. B'!E17 -> 0 | F84: ='Kaporit K. B'!F17 -> 0 | G84: ='Kaporit K. B'!G17 -> 0 | H84: ='Kaporit K. B'!H17 -> 0 | I84: ='Kaporit K. B'!I17 -> 0 | ... K84: ='Kaporit K. B'!K17 -> 0
A91: KAPORIT HANAU
A92: BULAN | B92: SALDO AWAL | E92: PENAMBAHAN | H92: PEMAKAIAN | J92: SALDO AKHIR
B93: Volume | C93: Hrg/Kg (Rp) | D93: Jumlah (Rp) | E93: Volume | F93: Hrg/Kg (Rp) | G93: Jumlah | H93: Volume | I93: Jumlah (Rp) | J93: Volume | K93: Jumlah (Rp)
A95: Maret | B95: ='Kaporit Hanau'!B11 -> 0 | C95: ='Kaporit Hanau'!C11 -> 0 | D95: ='Kaporit Hanau'!D11 -> 0 | E95: ='Kaporit Hanau'!E11 -> 0 | F95: ='Kaporit Hanau'!F11 -> 0 | G95: ='Kaporit Hanau'!G11 -> 0 | H95: ='Kaporit Hanau'!H11 -> 0 | I95: ='Kaporit Hanau'!I11 -> 0 | ... K95: ='Kaporit Hanau'!K11 -> 0
B96: ='Kaporit Hanau'!B12 -> 0 | C96: ='Kaporit Hanau'!C12 -> 0 | D96: ='Kaporit Hanau'!D12 -> 0 | E96: ='Kaporit Hanau'!E12 -> 0 | F96: ='Kaporit Hanau'!F12 -> 0 | G96: ='Kaporit Hanau'!G12 -> 0 | H96: ='Kaporit Hanau'!H12 -> 0 | I96: ='Kaporit Hanau'!I12 -> 0 | ... K96: ='Kaporit Hanau'!K12 -> 0
B97: ='Kaporit Hanau'!B13 -> 0 | C97: ='Kaporit Hanau'!C13 -> 0 | D97: ='Kaporit Hanau'!D13 -> 0 | E97: ='Kaporit Hanau'!E13 -> 0 | F97: ='Kaporit Hanau'!F13 -> 0 | G97: ='Kaporit Hanau'!G13 -> 0 | H97: ='Kaporit Hanau'!H13 -> 0 | I97: ='Kaporit Hanau'!I13 -> 0 | ... K97: ='Kaporit Hanau'!K13 -> 0
A101: 45748
A102: KAPORIT PUSAT
A104: BULAN | B104: SALDO AWAL | E104: PENAMBAHAN | H104: MUTASI KARTIKA BHAKTI | K104: MUTASI HANAU | N104: PEMAKAIAN | P104: SALDO AKHIR
B105: Volume | C105: Hrg/Kg | D105: Jumlah (Rp) | E105: Volume | F105: Hrg/Kg | G105: Jumlah | H105: Volume | I105: Hrg/Kg | J105: Jumlah (Rp) | K105: Volume | L105: Hrg/Kg | M105: Jumlah (Rp) | N105: Volume | O105: Jumlah (Rp) | P105: Volume | Q105: Jumlah (Rp)
A107: April | B107: ='Kaporit BENAR'!B14 -> 0 | C107: ='Kaporit BENAR'!C14 -> 0 | D107: ='Kaporit BENAR'!D14 -> 0 | E107: ='Kaporit BENAR'!E14 -> 0 | F107: ='Kaporit BENAR'!F14 -> 0 | G107: ='Kaporit BENAR'!G14 -> 0 | H107: ='Kaporit BENAR'!H14 -> 0 | I107: ='Kaporit BENAR'!I14 -> 0 | ... Q107: ='Kaporit BENAR'!Q14 -> 0
B108: ='Kaporit BENAR'!B15 -> 0 | C108: ='Kaporit BENAR'!C15 -> 0 | D108: ='Kaporit BENAR'!D15 -> 0 | E108: ='Kaporit BENAR'!E15 -> 0 | F108: ='Kaporit BENAR'!F15 -> 0 | G108: ='Kaporit BENAR'!G15 -> 0 | H108: ='Kaporit BENAR'!H15 -> 0 | I108: ='Kaporit BENAR'!I15 -> 0 | ... Q108: ='Kaporit BENAR'!Q15 -> 0
B109: ='Kaporit BENAR'!#REF! -> #REF! | C109: ='Kaporit BENAR'!#REF! -> #REF! | D109: ='Kaporit BENAR'!#REF! -> #REF! | E109: ='Kaporit BENAR'!#REF! -> #REF! | F109: ='Kaporit BENAR'!#REF! -> #REF! | G109: ='Kaporit BENAR'!#REF! -> #REF! | H109: ='Kaporit BENAR'!#REF! -> #REF! | I109: ='Kaporit BENAR'!#REF! -> #REF! | ... Q109: ='Kaporit BENAR'!#REF! -> #REF!
A114: KAPORIT KARTIKA BHAKTI
A115: BULAN | B115: SALDO AWAL | E115: PENAMBAHAN | H115: PEMAKAIAN | J115: SALDO AKHIR
B116: Volume | C116: Hrg/Kg (Rp) | D116: Jumlah (Rp) | E116: Volume | F116: Hrg/Kg (Rp) | G116: Jumlah | H116: Volume | I116: Jumlah (Rp) | J116: Volume | K116: Jumlah (Rp)
A118: April | B118: ='Kaporit K. B'!B18 -> 0 | C118: ='Kaporit K. B'!C18 -> 0 | D118: ='Kaporit K. B'!D18 -> 0 | E118: ='Kaporit K. B'!E18 -> 0 | F118: ='Kaporit K. B'!F18 -> 0 | G118: ='Kaporit K. B'!G18 -> 0 | H118: ='Kaporit K. B'!H18 -> 0 | I118: ='Kaporit K. B'!I18 -> 0 | ... K118: ='Kaporit K. B'!K18 -> 0
B119: ='Kaporit K. B'!#REF! -> #REF! | C119: ='Kaporit K. B'!#REF! -> #REF! | D119: ='Kaporit K. B'!#REF! -> #REF! | E119: ='Kaporit K. B'!#REF! -> #REF! | F119: ='Kaporit K. B'!#REF! -> #REF! | G119: ='Kaporit K. B'!#REF! -> #REF! | H119: ='Kaporit K. B'!#REF! -> #REF! | I119: ='Kaporit K. B'!#REF! -> #REF! | ... K119: ='Kaporit K. B'!#REF! -> #REF!
B120: ='Kaporit K. B'!#REF! -> #REF! | C120: ='Kaporit K. B'!#REF! -> #REF! | D120: ='Kaporit K. B'!#REF! -> #REF! | E120: ='Kaporit K. B'!#REF! -> #REF! | F120: ='Kaporit K. B'!#REF! -> #REF! | G120: ='Kaporit K. B'!#REF! -> #REF! | H120: ='Kaporit K. B'!#REF! -> #REF! | I120: ='Kaporit K. B'!#REF! -> #REF! | ... K120: ='Kaporit K. B'!#REF! -> #REF!
A125: KAPORIT HANAU
A126: BULAN | B126: SALDO AWAL | E126: PENAMBAHAN | H126: PEMAKAIAN | J126: SALDO AKHIR
B127: Volume | C127: Hrg/Kg (Rp) | D127: Jumlah (Rp) | E127: Volume | F127: Hrg/Kg (Rp) | G127: Jumlah | H127: Volume | I127: Jumlah (Rp) | J127: Volume | K127: Jumlah (Rp)
A129: April | B129: ='Kaporit Hanau'!B13 -> 0 | C129: ='Kaporit Hanau'!C13 -> 0 | D129: ='Kaporit Hanau'!D13 -> 0 | E129: ='Kaporit Hanau'!E13 -> 0 | F129: ='Kaporit Hanau'!F13 -> 0 | G129: ='Kaporit Hanau'!G13 -> 0 | H129: ='Kaporit Hanau'!H13 -> 0 | I129: ='Kaporit Hanau'!I13 -> 0 | ... K129: ='Kaporit Hanau'!K13 -> 0
B130: ='Kaporit Hanau'!#REF! -> #REF! | C130: ='Kaporit Hanau'!#REF! -> #REF! | D130: ='Kaporit Hanau'!#REF! -> #REF! | E130: ='Kaporit Hanau'!#REF! -> #REF! | F130: ='Kaporit Hanau'!#REF! -> #REF! | G130: ='Kaporit Hanau'!#REF! -> #REF! | H130: ='Kaporit Hanau'!#REF! -> #REF! | I130: ='Kaporit Hanau'!#REF! -> #REF! | ... K130: ='Kaporit Hanau'!#REF! -> #REF!
B131: ='Kaporit Hanau'!#REF! -> #REF! | C131: ='Kaporit Hanau'!#REF! -> #REF! | D131: ='Kaporit Hanau'!#REF! -> #REF! | E131: ='Kaporit Hanau'!#REF! -> #REF! | F131: ='Kaporit Hanau'!#REF! -> #REF! | G131: ='Kaporit Hanau'!#REF! -> #REF! | H131: ='Kaporit Hanau'!#REF! -> #REF! | I131: ='Kaporit Hanau'!#REF! -> #REF! | ... K131: ='Kaporit Hanau'!#REF! -> #REF!
A136: MEI 2025
A137: KAPORIT PUSAT
A139: BULAN | B139: SALDO AWAL | E139: PENAMBAHAN | H139: MUTASI KARTIKA BHAKTI | K139: MUTASI HANAU | N139: PEMAKAIAN | P139: SALDO AKHIR
B140: Volume | C140: Hrg/Kg | D140: Jumlah (Rp) | E140: Volume | F140: Hrg/Kg | G140: Jumlah | H140: Volume | I140: Hrg/Kg | J140: Jumlah (Rp) | K140: Volume | L140: Hrg/Kg | M140: Jumlah (Rp) | N140: Volume | O140: Jumlah (Rp) | P140: Volume | Q140: Jumlah (Rp)
A142: Mei | B142: ='Kaporit BENAR'!B16 -> 0 | C142: ='Kaporit BENAR'!C16 -> 0 | D142: ='Kaporit BENAR'!D16 -> 0 | E142: ='Kaporit BENAR'!E16 -> 0 | F142: ='Kaporit BENAR'!F16 -> 0 | G142: ='Kaporit BENAR'!G16 -> 0 | H142: ='Kaporit BENAR'!H16 -> 0 | I142: ='Kaporit BENAR'!I16 -> 0 | ... Q142: ='Kaporit BENAR'!Q16 -> 0
B143: ='Kaporit BENAR'!B17 -> 0 | C143: ='Kaporit BENAR'!C17 -> 0 | D143: ='Kaporit BENAR'!D17 -> 0 | E143: ='Kaporit BENAR'!E17 -> 0 | F143: ='Kaporit BENAR'!F17 -> 0 | G143: ='Kaporit BENAR'!G17 -> 0 | H143: ='Kaporit BENAR'!H17 -> 0 | I143: ='Kaporit BENAR'!I17 -> 0 | ... Q143: ='Kaporit BENAR'!Q17 -> 0
B144: ='Kaporit BENAR'!#REF! -> #REF! | C144: ='Kaporit BENAR'!#REF! -> #REF! | D144: ='Kaporit BENAR'!#REF! -> #REF! | E144: ='Kaporit BENAR'!#REF! -> #REF! | F144: ='Kaporit BENAR'!#REF! -> #REF! | G144: ='Kaporit BENAR'!#REF! -> #REF! | H144: ='Kaporit BENAR'!#REF! -> #REF! | I144: ='Kaporit BENAR'!#REF! -> #REF! | ... Q144: ='Kaporit BENAR'!#REF! -> #REF!
A149: KAPORIT KARTIKA BHAKTI
A150: BULAN | B150: SALDO AWAL | E150: PENAMBAHAN | H150: PEMAKAIAN | J150: SALDO AKHIR
B151: Volume | C151: Hrg/Kg (Rp) | D151: Jumlah (Rp) | E151: Volume | F151: Hrg/Kg (Rp) | G151: Jumlah | H151: Volume | I151: Jumlah (Rp) | J151: Volume | K151: Jumlah (Rp)
A153: Mei | B153: ='Kaporit K. B'!B20 -> 0 | C153: ='Kaporit K. B'!C20 -> 0 | D153: ='Kaporit K. B'!D20 -> 0 | E153: ='Kaporit K. B'!E20 -> 0 | F153: ='Kaporit K. B'!F20 -> 0 | G153: ='Kaporit K. B'!G20 -> 0 | H153: ='Kaporit K. B'!H20 -> 0 | I153: ='Kaporit K. B'!I20 -> 0 | ... K153: ='Kaporit K. B'!K20 -> 0
B154: ='Kaporit K. B'!#REF! -> #REF! | C154: ='Kaporit K. B'!#REF! -> #REF! | D154: ='Kaporit K. B'!#REF! -> #REF! | E154: ='Kaporit K. B'!#REF! -> #REF! | F154: ='Kaporit K. B'!#REF! -> #REF! | G154: ='Kaporit K. B'!#REF! -> #REF! | H154: ='Kaporit K. B'!#REF! -> #REF! | I154: ='Kaporit K. B'!#REF! -> #REF! | ... K154: ='Kaporit K. B'!#REF! -> #REF!
B155: ='Kaporit K. B'!#REF! -> #REF! | C155: ='Kaporit K. B'!#REF! -> #REF! | D155: ='Kaporit K. B'!#REF! -> #REF! | E155: ='Kaporit K. B'!#REF! -> #REF! | F155: ='Kaporit K. B'!#REF! -> #REF! | G155: ='Kaporit K. B'!#REF! -> #REF! | H155: ='Kaporit K. B'!#REF! -> #REF! | I155: ='Kaporit K. B'!#REF! -> #REF! | ... K155: ='Kaporit K. B'!#REF! -> #REF!
A160: KAPORIT HANAU | M160: bagsfa
A161: BULAN | B161: SALDO AWAL | E161: PENAMBAHAN | H161: PEMAKAIAN | J161: SALDO AKHIR
B162: Volume | C162: Hrg/Kg (Rp) | D162: Jumlah (Rp) | E162: Volume | F162: Hrg/Kg (Rp) | G162: Jumlah | H162: Volume | I162: Jumlah (Rp) | J162: Volume | K162: Jumlah (Rp)
A164: Mei | B164: ='Kaporit Hanau'!B15 -> 0 | C164: ='Kaporit Hanau'!C15 -> 0 | D164: ='Kaporit Hanau'!D15 -> 0 | E164: ='Kaporit Hanau'!E15 -> 0 | F164: ='Kaporit Hanau'!F15 -> 0 | G164: ='Kaporit Hanau'!G15 -> 0 | H164: ='Kaporit Hanau'!H15 -> 0 | I164: ='Kaporit Hanau'!I15 -> 0 | ... K164: ='Kaporit Hanau'!K15 -> 0
B165: ='Kaporit Hanau'!#REF! -> #REF! | C165: ='Kaporit Hanau'!#REF! -> #REF! | D165: ='Kaporit Hanau'!#REF! -> #REF! | E165: ='Kaporit Hanau'!#REF! -> #REF! | F165: ='Kaporit Hanau'!#REF! -> #REF! | G165: ='Kaporit Hanau'!#REF! -> #REF! | H165: ='Kaporit Hanau'!#REF! -> #REF! | I165: ='Kaporit Hanau'!#REF! -> #REF! | ... K165: ='Kaporit Hanau'!#REF! -> #REF!
B166: ='Kaporit Hanau'!#REF! -> #REF! | C166: ='Kaporit Hanau'!#REF! -> #REF! | D166: ='Kaporit Hanau'!#REF! -> #REF! | E166: ='Kaporit Hanau'!#REF! -> #REF! | F166: ='Kaporit Hanau'!#REF! -> #REF! | G166: ='Kaporit Hanau'!#REF! -> #REF! | H166: ='Kaporit Hanau'!#REF! -> #REF! | I166: ='Kaporit Hanau'!#REF! -> #REF! | ... K166: ='Kaporit Hanau'!#REF! -> #REF!
A171: JUNI 2025
A172: KAPORIT PUSAT
A174: BULAN | B174: SALDO AWAL | E174: PENAMBAHAN | H174: MUTASI KARTIKA BHAKTI | K174: MUTASI HANAU | N174: PEMAKAIAN | P174: SALDO AKHIR
B175: Volume | C175: Hrg/Kg | D175: Jumlah (Rp) | E175: Volume | F175: Hrg/Kg | G175: Jumlah | H175: Volume | I175: Hrg/Kg | J175: Jumlah (Rp) | K175: Volume | L175: Hrg/Kg | M175: Jumlah (Rp) | N175: Volume | O175: Jumlah (Rp) | P175: Volume | Q175: Jumlah (Rp)
A177: Juni | B177: ='Kaporit BENAR'!B18 -> 0 | C177: ='Kaporit BENAR'!C18 -> 0 | D177: ='Kaporit BENAR'!D18 -> 0 | E177: ='Kaporit BENAR'!E18 -> 0 | F177: ='Kaporit BENAR'!F18 -> 0 | G177: ='Kaporit BENAR'!G18 -> 0 | H177: ='Kaporit BENAR'!H18 -> 0 | I177: ='Kaporit BENAR'!I18 -> 0 | ... Q177: ='Kaporit BENAR'!Q18 -> 0
B178: ='Kaporit BENAR'!#REF! -> #REF! | C178: ='Kaporit BENAR'!#REF! -> #REF! | D178: ='Kaporit BENAR'!#REF! -> #REF! | E178: ='Kaporit BENAR'!#REF! -> #REF! | F178: ='Kaporit BENAR'!#REF! -> #REF! | G178: ='Kaporit BENAR'!#REF! -> #REF! | H178: ='Kaporit BENAR'!#REF! -> #REF! | I178: ='Kaporit BENAR'!#REF! -> #REF! | ... Q178: ='Kaporit BENAR'!#REF! -> #REF!
B179: ='Kaporit BENAR'!#REF! -> #REF! | C179: ='Kaporit BENAR'!#REF! -> #REF! | D179: ='Kaporit BENAR'!#REF! -> #REF! | E179: ='Kaporit BENAR'!#REF! -> #REF! | F179: ='Kaporit BENAR'!#REF! -> #REF! | G179: ='Kaporit BENAR'!#REF! -> #REF! | H179: ='Kaporit BENAR'!#REF! -> #REF! | I179: ='Kaporit BENAR'!#REF! -> #REF! | ... Q179: ='Kaporit BENAR'!#REF! -> #REF!
A183: KAPORIT KARTIKA BHAKTI
A184: BULAN | B184: SALDO AWAL | E184: PENAMBAHAN | H184: PEMAKAIAN | J184: SALDO AKHIR
B185: Volume | C185: Hrg/Kg (Rp) | D185: Jumlah (Rp) | E185: Volume | F185: Hrg/Kg (Rp) | G185: Jumlah | H185: Volume | I185: Jumlah (Rp) | J185: Volume | K185: Jumlah (Rp)
A187: Juni | B187: ='Kaporit K. B'!B22 -> 0 | C187: ='Kaporit K. B'!C22 -> 0 | D187: ='Kaporit K. B'!D22 -> 0 | E187: ='Kaporit K. B'!E22 -> 0 | F187: ='Kaporit K. B'!F22 -> 0 | G187: ='Kaporit K. B'!G22 -> 0 | H187: ='Kaporit K. B'!H22 -> 0 | I187: ='Kaporit K. B'!I22 -> 0 | ... K187: ='Kaporit K. B'!K22 -> 0
...

Sheet REKAP SODA ASH
A1: JANUARI 2026
A3: Soda Ash PUSAT
A5: BULAN | B5: SALDO AWAL | E5: PENAMBAHAN | H5: MUTASI KARTIKA BHAKTI | K5: MUTASI HANAU | N5: PEMAKAIAN | P5: SALDO AKHIR
B6: Volume | C6: Hrg/Kg | D6: Jumlah (Rp) | E6: Volume | F6: Hrg/Kg | G6: Jumlah (Rp) | H6: Volume | I6: Hrg/Kg | J6: Jumlah (Rp) | K6: Volume | L6: Hrg/Kg | M6: Jumlah (Rp) | N6: Volume | O6: Jumlah (Rp) | P6: Volume | Q6: Jumlah (Rp)
A8: Januari | B8: ='SODA ASH BENAR'!B9 -> 0 | C8: ='SODA ASH BENAR'!C9 -> 0 | D8: ='SODA ASH BENAR'!D9 -> 0 | E8: ='SODA ASH BENAR'!E9 -> 0 | F8: ='SODA ASH BENAR'!F9 -> 0 | G8: ='SODA ASH BENAR'!G9 -> 0 | H8: ='SODA ASH BENAR'!H9 -> 0 | I8: ='SODA ASH BENAR'!I9 -> 0 | ... R8: ='SODA ASH BENAR'!R9 -> 0
B9: ='SODA ASH BENAR'!B10 -> 0 | C9: ='SODA ASH BENAR'!C10 -> 0 | D9: ='SODA ASH BENAR'!D10 -> 0 | N9: ='SODA ASH BENAR'!N10 -> 0 | O9: ='SODA ASH BENAR'!O10 -> 0 | P9: ='SODA ASH BENAR'!P10 -> 0 | Q9: ='SODA ASH BENAR'!Q10 -> 0
B10: ='SODA ASH BENAR'!B11 -> 0 | C10: ='SODA ASH BENAR'!C11 -> 0 | D10: ='SODA ASH BENAR'!D11 -> 0 | N10: ='SODA ASH BENAR'!N11 -> 0 | O10: ='SODA ASH BENAR'!O11 -> 0 | P10: ='SODA ASH BENAR'!P11 -> 0 | Q10: ='SODA ASH BENAR'!Q11 -> 0
A16: SODA ASH KARTIKA BHAKTI
A17: BULAN | B17: SALDO AWAL | E17: PENAMBAHAN | H17: PEMAKAIAN | J17: SALDO AKHIR
B18: Volume | C18: Hrg/Kg (Rp) | D18: Jumlah (Rp) | E18: Volume | F18: Hrg/Kg (Rp) | G18: Jumlah | H18: Volume | I18: Jumlah (Rp) | J18: Volume | K18: Jumlah (Rp)
A20: Januari | B20: ='Soda Ash K. B'!B7 -> 0 | C20: ='Soda Ash K. B'!C7 -> 0 | D20: ='Soda Ash K. B'!D7 -> 0 | E20: ='Soda Ash K. B'!E7 -> 0 | F20: ='Soda Ash K. B'!F7 -> 0 | G20: ='Soda Ash K. B'!G7 -> 0 | H20: ='Soda Ash K. B'!H7 -> 0 | I20: ='Soda Ash K. B'!I7 -> 0 | ... K20: ='Soda Ash K. B'!K7 -> 0
A27: SODA ASH HANAU
A28: BULAN | B28: SALDO AWAL | E28: PENAMBAHAN | H28: PEMAKAIAN | J28: SALDO AKHIR
B29: Volume | C29: Hrg/Kg (Rp) | D29: Jumlah (Rp) | E29: Volume | F29: Hrg/Kg (Rp) | G29: Jumlah | H29: Volume | I29: Jumlah (Rp) | J29: Volume | K29: Jumlah (Rp)
A31: Januari | B31: ='Soda Ash Hanau'!B7 -> 0 | C31: ='Soda Ash Hanau'!C7 -> 0 | D31: ='Soda Ash Hanau'!D7 -> 0 | E31: ='Soda Ash Hanau'!E7 -> 0 | F31: ='Soda Ash Hanau'!F7 -> 0 | G31: ='Soda Ash Hanau'!G7 -> 0 | H31: ='Soda Ash Hanau'!H7 -> 0 | I31: ='Soda Ash Hanau'!I7 -> 0 | ... K31: ='Soda Ash Hanau'!K7 -> 0
E32: ='Soda Ash Hanau'!E8 -> 0 | F32: ='Soda Ash Hanau'!F8 -> 0 | G32: ='Soda Ash Hanau'!G8 -> 0 | H32: ='Soda Ash Hanau'!H8 -> 0 | I32: ='Soda Ash Hanau'!I8 -> 0 | J32: ='Soda Ash Hanau'!J8 -> 0 | K32: ='Soda Ash Hanau'!K8 -> 0
K34: =D34+G34-I34 -> 0
A38: FEBRUARI 2026
A41: Soda Ash PUSAT
A43: BULAN | B43: SALDO AWAL | E43: PENAMBAHAN | H43: MUTASI KARTIKA BHAKTI | K43: MUTASI HANAU | N43: PEMAKAIAN | P43: SALDO AKHIR
B44: Volume | C44: Hrg/Kg | D44: Jumlah (Rp) | E44: Volume | F44: Hrg/Kg | G44: Jumlah (Rp) | H44: Volume | I44: Hrg/Kg | J44: Jumlah (Rp) | K44: Volume | L44: Hrg/Kg | M44: Jumlah (Rp) | N44: Volume | O44: Jumlah (Rp) | P44: Volume | Q44: Jumlah (Rp)
A46: Februari | B46: ='SODA ASH BENAR'!B14 -> 0 | C46: ='SODA ASH BENAR'!C14 -> 0 | D46: ='SODA ASH BENAR'!D14 -> 0 | E46: ='SODA ASH BENAR'!E14 -> 0 | F46: ='SODA ASH BENAR'!F14 -> 0 | G46: ='SODA ASH BENAR'!G14 -> 0 | H46: ='SODA ASH BENAR'!H14 -> 0 | I46: ='SODA ASH BENAR'!I14 -> 0 | ... Q46: ='SODA ASH BENAR'!Q14 -> 0
B47: ='SODA ASH BENAR'!B15 -> 0 | C47: ='SODA ASH BENAR'!C15 -> 0 | D47: ='SODA ASH BENAR'!D15 -> 0 | E47: ='SODA ASH BENAR'!E15 -> 0 | F47: ='SODA ASH BENAR'!F15 -> 0 | G47: ='SODA ASH BENAR'!G15 -> 0 | H47: ='SODA ASH BENAR'!H15 -> 0 | I47: ='SODA ASH BENAR'!I15 -> 0 | ... Q47: ='SODA ASH BENAR'!Q15 -> 0
B48: ='SODA ASH BENAR'!B16 -> 0 | C48: ='SODA ASH BENAR'!C16 -> 0 | D48: ='SODA ASH BENAR'!D16 -> 0 | E48: ='SODA ASH BENAR'!E16 -> 0 | F48: ='SODA ASH BENAR'!F16 -> 0 | G48: ='SODA ASH BENAR'!G16 -> 0 | H48: ='SODA ASH BENAR'!H16 -> 0 | I48: ='SODA ASH BENAR'!I16 -> 0 | ... Q48: ='SODA ASH BENAR'!Q16 -> 0
G49: =E49*F49 -> 0 | P49: =B49+E49-N49-H49-K49 -> 0 | Q49: =D49+G49-O49-J49-M49 -> 0
A54: SODA ASH KARTIKA BHAKTI
A55: BULAN | B55: SALDO AWAL | E55: PENAMBAHAN | H55: PEMAKAIAN | J55: SALDO AKHIR
B56: Volume | C56: Hrg/Kg (Rp) | D56: Jumlah (Rp) | E56: Volume | F56: Hrg/Kg (Rp) | G56: Jumlah | H56: Volume | I56: Jumlah (Rp) | J56: Volume | K56: Jumlah (Rp)
A58: Februari | B58: ='Soda Ash K. B'!B9 -> 0 | C58: ='Soda Ash K. B'!C9 -> 0 | D58: ='Soda Ash K. B'!D9 -> 0 | E58: ='Soda Ash K. B'!E9 -> 0 | F58: ='Soda Ash K. B'!F9 -> 0 | G58: ='Soda Ash K. B'!G9 -> 0 | H58: ='Soda Ash K. B'!H9 -> 0 | I58: ='Soda Ash K. B'!I9 -> 0 | ... K58: ='Soda Ash K. B'!K9 -> 0
A65: SODA ASH HANAU
A66: BULAN | B66: SALDO AWAL | E66: PENAMBAHAN | H66: PEMAKAIAN | J66: SALDO AKHIR
B67: Volume | C67: Hrg/Kg (Rp) | D67: Jumlah (Rp) | E67: Volume | F67: Hrg/Kg (Rp) | G67: Jumlah | H67: Volume | I67: Jumlah (Rp) | J67: Volume | K67: Jumlah (Rp)
A69: Februari | B69: ='Soda Ash Hanau'!B9 -> 0 | C69: ='Soda Ash Hanau'!C9 -> 0 | D69: ='Soda Ash Hanau'!D9 -> 0 | E69: ='Soda Ash Hanau'!E9 -> 0 | F69: ='Soda Ash Hanau'!F9 -> 0 | G69: ='Soda Ash Hanau'!G9 -> 0 | H69: ='Soda Ash Hanau'!H9 -> 0 | I69: ='Soda Ash Hanau'!I9 -> 0 | ... K69: ='Soda Ash Hanau'!K9 -> 0
A74: MARET 2026
A77: Soda Ash PUSAT
A79: BULAN | B79: SALDO AWAL | E79: PENAMBAHAN | H79: MUTASI KARTIKA BHAKTI | K79: MUTASI HANAU | N79: PEMAKAIAN | P79: SALDO AKHIR
B80: Volume | C80: Hrg/Kg | D80: Jumlah (Rp) | E80: Volume | F80: Hrg/Kg | G80: Jumlah (Rp) | H80: Volume | I80: Hrg/Kg | J80: Jumlah (Rp) | K80: Volume | L80: Hrg/Kg | M80: Jumlah (Rp) | N80: Volume | O80: Jumlah (Rp) | P80: Volume | Q80: Jumlah (Rp)
A82: Maret | B82: ='SODA ASH BENAR'!B19 -> 0 | C82: ='SODA ASH BENAR'!C19 -> 0 | D82: ='SODA ASH BENAR'!D19 -> 0 | E82: ='SODA ASH BENAR'!E19 -> 0 | F82: ='SODA ASH BENAR'!F19 -> 0 | G82: ='SODA ASH BENAR'!G19 -> 0 | H82: ='SODA ASH BENAR'!H19 -> 0 | I82: ='SODA ASH BENAR'!I19 -> 0 | ... Q82: ='SODA ASH BENAR'!Q19 -> 0
B83: ='SODA ASH BENAR'!B20 -> 0 | C83: ='SODA ASH BENAR'!C20 -> 0 | D83: ='SODA ASH BENAR'!D20 -> 0 | E83: ='SODA ASH BENAR'!E20 -> 0 | F83: ='SODA ASH BENAR'!F20 -> 0 | G83: ='SODA ASH BENAR'!G20 -> 0 | H83: ='SODA ASH BENAR'!H20 -> 0 | I83: ='SODA ASH BENAR'!I20 -> 0 | ... Q83: ='SODA ASH BENAR'!Q20 -> 0
B84: ='SODA ASH BENAR'!B21 -> 0 | C84: ='SODA ASH BENAR'!C21 -> 0 | D84: ='SODA ASH BENAR'!D21 -> 0 | E84: ='SODA ASH BENAR'!E21 -> 0 | F84: ='SODA ASH BENAR'!F21 -> 0 | G84: ='SODA ASH BENAR'!G21 -> 0 | H84: ='SODA ASH BENAR'!H21 -> 0 | I84: ='SODA ASH BENAR'!I21 -> 0 | ... Q84: ='SODA ASH BENAR'!Q21 -> 0
A88: SODA ASH KARTIKA BHAKTI
A89: BULAN | B89: SALDO AWAL | E89: PENAMBAHAN | H89: PEMAKAIAN | J89: SALDO AKHIR
B90: Volume | C90: Hrg/Kg (Rp) | D90: Jumlah (Rp) | E90: Volume | F90: Hrg/Kg (Rp) | G90: Jumlah | H90: Volume | I90: Jumlah (Rp) | J90: Volume | K90: Jumlah (Rp)
A92: Maret | B92: ='Soda Ash K. B'!B11 -> 0 | C92: ='Soda Ash K. B'!C11 -> 0 | D92: ='Soda Ash K. B'!D11 -> 0 | E92: ='Soda Ash K. B'!E11 -> 0 | F92: ='Soda Ash K. B'!F11 -> 0 | G92: ='Soda Ash K. B'!G11 -> 0 | H92: ='Soda Ash K. B'!H11 -> 0 | I92: ='Soda Ash K. B'!I11 -> 0 | ... K92: ='Soda Ash K. B'!K11 -> 0
B93: ='Soda Ash K. B'!B12 -> 0 | C93: ='Soda Ash K. B'!C12 -> 0 | D93: ='Soda Ash K. B'!D12 -> 0 | E93: ='Soda Ash K. B'!E12 -> 0 | F93: ='Soda Ash K. B'!F12 -> 0 | G93: ='Soda Ash K. B'!G12 -> 0 | H93: ='Soda Ash K. B'!H12 -> 0 | I93: ='Soda Ash K. B'!I12 -> 0 | ... K93: ='Soda Ash K. B'!K12 -> 0
B94: ='Soda Ash K. B'!B13 -> 0 | C94: ='Soda Ash K. B'!C13 -> 0 | D94: ='Soda Ash K. B'!D13 -> 0 | E94: ='Soda Ash K. B'!E13 -> 0 | F94: ='Soda Ash K. B'!F13 -> 0 | G94: ='Soda Ash K. B'!G13 -> 0 | H94: ='Soda Ash K. B'!H13 -> 0 | I94: ='Soda Ash K. B'!I13 -> 0 | ... K94: ='Soda Ash K. B'!K13 -> 0
A100: SODA ASH HANAU
A101: BULAN | B101: SALDO AWAL | E101: PENAMBAHAN | H101: PEMAKAIAN | J101: SALDO AKHIR
B102: Volume | C102: Hrg/Kg (Rp) | D102: Jumlah (Rp) | E102: Volume | F102: Hrg/Kg (Rp) | G102: Jumlah | H102: Volume | I102: Jumlah (Rp) | J102: Volume | K102: Jumlah (Rp)
A104: Maret | B104: ='Soda Ash Hanau'!B11 -> 0 | C104: ='Soda Ash Hanau'!C11 -> 0 | D104: ='Soda Ash Hanau'!D11 -> 0 | E104: ='Soda Ash Hanau'!E11 -> 0 | F104: ='Soda Ash Hanau'!F11 -> 0 | G104: ='Soda Ash Hanau'!G11 -> 0 | H104: ='Soda Ash Hanau'!H11 -> 0 | I104: ='Soda Ash Hanau'!I11 -> 0 | ... K104: ='Soda Ash Hanau'!K11 -> 0
B105: ='Soda Ash Hanau'!B12 -> 0 | C105: ='Soda Ash Hanau'!C12 -> 0 | D105: ='Soda Ash Hanau'!D12 -> 0 | E105: ='Soda Ash Hanau'!E12 -> 0 | F105: ='Soda Ash Hanau'!F12 -> 0 | G105: ='Soda Ash Hanau'!G12 -> 0 | H105: ='Soda Ash Hanau'!H12 -> 0 | I105: ='Soda Ash Hanau'!I12 -> 0 | ... K105: ='Soda Ash Hanau'!K12 -> 0
B106: ='Soda Ash Hanau'!B13 -> 0 | C106: ='Soda Ash Hanau'!C13 -> 0 | D106: ='Soda Ash Hanau'!D13 -> 0 | E106: ='Soda Ash Hanau'!E13 -> 0 | F106: ='Soda Ash Hanau'!F13 -> 0 | G106: ='Soda Ash Hanau'!G13 -> 0 | H106: ='Soda Ash Hanau'!H13 -> 0 | I106: ='Soda Ash Hanau'!I13 -> 0 | ... K106: ='Soda Ash Hanau'!K13 -> 0
A111: 45748
A114: Soda Ash PUSAT
A116: BULAN | B116: SALDO AWAL | E116: PENAMBAHAN | H116: MUTASI KARTIKA BHAKTI | K116: MUTASI HANAU | N116: PEMAKAIAN | P116: SALDO AKHIR
B117: Volume | C117: Hrg/Kg | D117: Jumlah (Rp) | E117: Volume | F117: Hrg/Kg | G117: Jumlah (Rp) | H117: Volume | I117: Hrg/Kg | K117: Volume | L117: Hrg/Kg | M117: Jumlah (Rp) | N117: Volume | O117: Jumlah (Rp) | P117: Volume | Q117: Jumlah (Rp)
A119: April | B119: ='SODA ASH BENAR'!B23 -> 0 | C119: ='SODA ASH BENAR'!C23 -> 0 | D119: ='SODA ASH BENAR'!D23 -> 0 | E119: ='SODA ASH BENAR'!E23 -> 0 | F119: ='SODA ASH BENAR'!F23 -> 0 | G119: ='SODA ASH BENAR'!G23 -> 0 | H119: ='SODA ASH BENAR'!H23 -> 0 | I119: ='SODA ASH BENAR'!I23 -> 0 | ... Q119: ='SODA ASH BENAR'!Q23 -> 0
B120: ='SODA ASH BENAR'!B24 -> 0 | C120: ='SODA ASH BENAR'!C24 -> 0 | D120: ='SODA ASH BENAR'!D24 -> 0 | E120: ='SODA ASH BENAR'!E24 -> 0 | F120: ='SODA ASH BENAR'!F24 -> 0 | G120: ='SODA ASH BENAR'!G24 -> 0 | H120: ='SODA ASH BENAR'!H24 -> 0 | I120: ='SODA ASH BENAR'!I24 -> 0 | ... Q120: ='SODA ASH BENAR'!Q24 -> 0
B121: ='SODA ASH BENAR'!B25 -> 0 | C121: ='SODA ASH BENAR'!C25 -> 0 | D121: ='SODA ASH BENAR'!D25 -> 0 | E121: ='SODA ASH BENAR'!E25 -> 0 | F121: ='SODA ASH BENAR'!F25 -> 0 | G121: ='SODA ASH BENAR'!G25 -> 0 | H121: ='SODA ASH BENAR'!H25 -> 0 | I121: ='SODA ASH BENAR'!I25 -> 0 | ... Q121: ='SODA ASH BENAR'!Q25 -> 0
D122: =B122*C122 -> 0 | G122: =E122*F122 -> 0 | O122: =N122*C122 -> 0 | P122: =B122+E122-N122-H122-K122 -> 0 | Q122: =D122+G122-O122-J122-M122 -> 0
A126: SODA ASH KARTIKA BHAKTI
A127: BULAN | B127: SALDO AWAL | E127: PENAMBAHAN | H127: PEMAKAIAN | J127: SALDO AKHIR
B128: Volume | C128: Hrg/Kg (Rp) | D128: Jumlah (Rp) | E128: Volume | F128: Hrg/Kg (Rp) | G128: Jumlah | H128: Volume | I128: Jumlah (Rp) | J128: Volume | K128: Jumlah (Rp)
A130: April | B130: ='Soda Ash K. B'!B18 -> 0 | C130: ='Soda Ash K. B'!C18 -> 0 | D130: ='Soda Ash K. B'!D18 -> 0 | E130: ='Soda Ash K. B'!E18 -> 0 | F130: ='Soda Ash K. B'!F18 -> 0 | G130: ='Soda Ash K. B'!G18 -> 0 | H130: ='Soda Ash K. B'!H18 -> 0 | I130: ='Soda Ash K. B'!I18 -> 0 | ... K130: ='Soda Ash K. B'!K18 -> 0
B131: ='Soda Ash K. B'!#REF! -> #REF! | C131: ='Soda Ash K. B'!#REF! -> #REF! | D131: ='Soda Ash K. B'!#REF! -> #REF! | E131: ='Soda Ash K. B'!#REF! -> #REF! | F131: ='Soda Ash K. B'!#REF! -> #REF! | G131: ='Soda Ash K. B'!#REF! -> #REF! | H131: ='Soda Ash K. B'!#REF! -> #REF! | I131: ='Soda Ash K. B'!#REF! -> #REF! | ... K131: ='Soda Ash K. B'!#REF! -> #REF!
B132: ='Soda Ash K. B'!#REF! -> #REF! | C132: ='Soda Ash K. B'!#REF! -> #REF! | D132: ='Soda Ash K. B'!#REF! -> #REF! | E132: ='Soda Ash K. B'!#REF! -> #REF! | F132: ='Soda Ash K. B'!#REF! -> #REF! | G132: ='Soda Ash K. B'!#REF! -> #REF! | H132: ='Soda Ash K. B'!#REF! -> #REF! | I132: ='Soda Ash K. B'!#REF! -> #REF! | ... K132: ='Soda Ash K. B'!#REF! -> #REF!
A137: SODA ASH HANAU
A138: BULAN | B138: SALDO AWAL | E138: PENAMBAHAN | H138: PEMAKAIAN | J138: SALDO AKHIR
B139: Volume | C139: Hrg/Kg (Rp) | D139: Jumlah (Rp) | E139: Volume | F139: Hrg/Kg (Rp) | G139: Jumlah | H139: Volume | I139: Jumlah (Rp) | J139: Volume | K139: Jumlah (Rp)
A141: April | B141: ='Soda Ash Hanau'!B13 -> 0 | C141: ='Soda Ash Hanau'!C13 -> 0 | D141: ='Soda Ash Hanau'!D13 -> 0 | E141: ='Soda Ash Hanau'!E13 -> 0 | F141: ='Soda Ash Hanau'!F13 -> 0 | G141: ='Soda Ash Hanau'!G13 -> 0 | H141: ='Soda Ash Hanau'!H13 -> 0 | I141: ='Soda Ash Hanau'!I13 -> 0 | ... K141: ='Soda Ash Hanau'!K13 -> 0 | L141: ='Soda Ash Hanau'!#REF! -> #REF!
B142: ='Soda Ash Hanau'!#REF! -> #REF! | C142: ='Soda Ash Hanau'!#REF! -> #REF! | D142: ='Soda Ash Hanau'!#REF! -> #REF! | E142: ='Soda Ash Hanau'!#REF! -> #REF! | F142: ='Soda Ash Hanau'!#REF! -> #REF! | G142: ='Soda Ash Hanau'!#REF! -> #REF! | H142: ='Soda Ash Hanau'!#REF! -> #REF! | I142: ='Soda Ash Hanau'!#REF! -> #REF! | ... K142: ='Soda Ash Hanau'!#REF! -> #REF!
B143: ='Soda Ash Hanau'!#REF! -> #REF! | C143: ='Soda Ash Hanau'!#REF! -> #REF! | D143: ='Soda Ash Hanau'!#REF! -> #REF! | E143: ='Soda Ash Hanau'!#REF! -> #REF! | F143: ='Soda Ash Hanau'!#REF! -> #REF! | G143: ='Soda Ash Hanau'!#REF! -> #REF! | H143: ='Soda Ash Hanau'!#REF! -> #REF! | I143: ='Soda Ash Hanau'!#REF! -> #REF! | ... K143: ='Soda Ash Hanau'!#REF! -> #REF!
A148: MEI 2025
A151: Soda Ash PUSAT
A153: BULAN | B153: SALDO AWAL | E153: PENAMBAHAN | H153: MUTASI KARTIKA BHAKTI | K153: MUTASI HANAU | N153: PEMAKAIAN | P153: SALDO AKHIR
B154: Volume | C154: Hrg/Kg | D154: Jumlah (Rp) | E154: Volume | F154: Hrg/Kg | G154: Jumlah (Rp) | H154: Volume | I154: Hrg/Kg | K154: Volume | L154: Hrg/Kg | M154: Jumlah (Rp) | N154: Volume | O154: Jumlah (Rp) | P154: Volume | Q154: Jumlah (Rp)
A156: Mei | B156: ='SODA ASH BENAR'!B27 -> 0 | C156: ='SODA ASH BENAR'!C27 -> 0 | D156: ='SODA ASH BENAR'!D27 -> 0 | E156: ='SODA ASH BENAR'!E27 -> 0 | F156: ='SODA ASH BENAR'!F27 -> 0 | G156: ='SODA ASH BENAR'!G27 -> 0 | H156: ='SODA ASH BENAR'!H27 -> 0 | I156: ='SODA ASH BENAR'!I27 -> 0 | ... Q156: ='SODA ASH BENAR'!Q27 -> 0
A161: SODA ASH KARTIKA BHAKTI
A162: BULAN | B162: SALDO AWAL | E162: PENAMBAHAN | H162: PEMAKAIAN | J162: SALDO AKHIR
B163: Volume | C163: Hrg/Kg (Rp) | D163: Jumlah (Rp) | E163: Volume | F163: Hrg/Kg (Rp) | G163: Jumlah | H163: Volume | I163: Jumlah (Rp) | J163: Volume | K163: Jumlah (Rp)
A165: Mei | B165: ='Soda Ash K. B'!B20 -> 0 | C165: ='Soda Ash K. B'!C20 -> 0 | D165: ='Soda Ash K. B'!D20 -> 0 | E165: ='Soda Ash K. B'!E20 -> 0 | F165: ='Soda Ash K. B'!F20 -> 0 | G165: ='Soda Ash K. B'!G20 -> 0 | H165: ='Soda Ash K. B'!H20 -> 0 | I165: ='Soda Ash K. B'!I20 -> 0 | ... K165: ='Soda Ash K. B'!K20 -> 0
B166: ='Soda Ash K. B'!#REF! -> #REF! | C166: ='Soda Ash K. B'!#REF! -> #REF! | D166: ='Soda Ash K. B'!#REF! -> #REF! | E166: ='Soda Ash K. B'!#REF! -> #REF! | F166: ='Soda Ash K. B'!#REF! -> #REF! | G166: ='Soda Ash K. B'!#REF! -> #REF! | H166: ='Soda Ash K. B'!#REF! -> #REF! | I166: ='Soda Ash K. B'!#REF! -> #REF! | ... K166: ='Soda Ash K. B'!#REF! -> #REF!
B167: ='Soda Ash K. B'!#REF! -> #REF! | C167: ='Soda Ash K. B'!#REF! -> #REF! | D167: ='Soda Ash K. B'!#REF! -> #REF! | E167: ='Soda Ash K. B'!#REF! -> #REF! | F167: ='Soda Ash K. B'!#REF! -> #REF! | G167: ='Soda Ash K. B'!#REF! -> #REF! | H167: ='Soda Ash K. B'!#REF! -> #REF! | I167: ='Soda Ash K. B'!#REF! -> #REF! | ... K167: ='Soda Ash K. B'!#REF! -> #REF!
A172: SODA ASH HANAU
A173: BULAN | B173: SALDO AWAL | E173: PENAMBAHAN | H173: PEMAKAIAN | J173: SALDO AKHIR
B174: Volume | C174: Hrg/Kg (Rp) | D174: Jumlah (Rp) | E174: Volume | F174: Hrg/Kg (Rp) | G174: Jumlah | H174: Volume | I174: Jumlah (Rp) | J174: Volume | K174: Jumlah (Rp)
A176: Mei | B176: ='Soda Ash Hanau'!B15 -> 0 | C176: ='Soda Ash Hanau'!C15 -> 0 | D176: ='Soda Ash Hanau'!D15 -> 0 | E176: ='Soda Ash Hanau'!E15 -> 0 | F176: ='Soda Ash Hanau'!F15 -> 0 | G176: ='Soda Ash Hanau'!G15 -> 0 | H176: ='Soda Ash Hanau'!H15 -> 0 | I176: ='Soda Ash Hanau'!I15 -> 0 | ... K176: ='Soda Ash Hanau'!K15 -> 0
B177: ='Soda Ash Hanau'!#REF! -> #REF! | C177: ='Soda Ash Hanau'!#REF! -> #REF! | D177: ='Soda Ash Hanau'!#REF! -> #REF! | E177: ='Soda Ash Hanau'!#REF! -> #REF! | F177: ='Soda Ash Hanau'!#REF! -> #REF! | G177: ='Soda Ash Hanau'!#REF! -> #REF! | H177: ='Soda Ash Hanau'!#REF! -> #REF! | I177: ='Soda Ash Hanau'!#REF! -> #REF! | ... K177: ='Soda Ash Hanau'!#REF! -> #REF!
J178: =SUM(J176:J177) -> #REF! | K178: =SUM(K176:K177) -> #REF!
A182: JUNI 2025
BQ184: Soda Ash PUSAT
A185: Soda Ash PUSAT
BQ186: BULAN | BR186: SALDO AWAL | BU186: PENAMBAHAN | BX186: MUTASI KARTIKA BHAKTI | CA186: MUTASI HANAU | CD186: PEMAKAIAN | CF186: SALDO AKHIR
A187: BULAN | B187: SALDO AWAL | E187: PENAMBAHAN | H187: MUTASI KARTIKA BHAKTI | K187: MUTASI HANAU | N187: PEMAKAIAN | P187: SALDO AKHIR | BR187: Volume | BS187: Hrg/Kg | BT187: Jumlah (Rp) | BU187: Volume | BV187: Hrg/Kg | BW187: Jumlah (Rp) | BX187: Volume | BY187: Hrg/Kg | CA187: Volume | CB187: Hrg/Kg | CC187: Jumlah (Rp) | CD187: Volume | CE187: Jumlah (Rp) | CF187: Volume | CG187: Jumlah (Rp)
B188: Volume | C188: Hrg/Kg | D188: Jumlah (Rp) | E188: Volume | F188: Hrg/Kg | G188: Jumlah (Rp) | H188: Volume | I188: Hrg/Kg | J188: Jumlah (Rp) | K188: Volume | L188: Hrg/Kg | M188: Jumlah (Rp) | N188: Volume | O188: Jumlah (Rp) | P188: Volume | Q188: Jumlah (Rp)
BQ189: Mei | BR189: 1330 | BS189: 9850 | BT189: =BR189*BS189 -> 13100500 | CA189: 1000 | CB189: 9850 | CC189: =CA189*CB189 -> 9850000 | CD189: 325 | CE189: =CD189*BS189 -> 3201250 | CF189: =BR189+BU189-CD189-BX189-CA189 -> 5 | CG189: =BT189+BW189-CE189-BZ189-CC189 -> 49250
A190: Juni | B190: ='SODA ASH BENAR'!B30 -> 0 | C190: ='SODA ASH BENAR'!C30 -> 0 | D190: ='SODA ASH BENAR'!D30 -> 0 | E190: ='SODA ASH BENAR'!E30 -> 0 | F190: ='SODA ASH BENAR'!F30 -> 0 | G190: ='SODA ASH BENAR'!G30 -> 0 | H190: ='SODA ASH BENAR'!H30 -> 0 | I190: ='SODA ASH BENAR'!I30 -> 0 | ... Q190: ='SODA ASH BENAR'!Q30 -> 0 | BR190: 1000 | BS190: 13200 | BT190: =BR190*BS190 -> 13200000 | BW190: =BU190*BV190 -> 0 | CE190: =CD190*BS190 -> 0 | CF190: =BR190+BU190-CD190-BX190-CA190 -> 1000 | CG190: =BT190+BW190-CE190-BZ190-CC190 -> 13200000
B191: ='SODA ASH BENAR'!B31 -> 0 | C191: ='SODA ASH BENAR'!C31 -> 0 | D191: ='SODA ASH BENAR'!D31 -> 0 | E191: ='SODA ASH BENAR'!E31 -> 0 | F191: ='SODA ASH BENAR'!F31 -> 0 | G191: ='SODA ASH BENAR'!G31 -> 0 | H191: ='SODA ASH BENAR'!H31 -> 0 | I191: ='SODA ASH BENAR'!I31 -> 0 | ... Q191: ='SODA ASH BENAR'!Q31 -> 0 | BR191: =SUM(BR189:BR190) -> 2330 | BT191: =SUM(BT189:BT190) -> 26300500 | CF191: =SUM(CF189:CF190) -> 1005 | CG191: =SUM(CG189:CG190) -> 13249250
BQ194: SODA ASH KARTIKA BHAKTI
A195: SODA ASH KARTIKA BHAKTI | BQ195: BULAN | BR195: SALDO AWAL | BU195: PENAMBAHAN | BX195: PEMAKAIAN | BZ195: SALDO AKHIR
...

Sheet REKAP POLIMER
A1: JANUARI 2026
A2: MAGNALFOG PUSAT
A4: BULAN | B4: SALDO AWAL | E4: PENAMBAHAN | H4: MUTASI KARTIKA BHAKTI | K4: MUTASI HANAU | N4: PEMAKAIAN | P4: SALDO AKHIR
B5: Volume | C5: Hrg/Kg | D5: Jumlah (Rp) | E5: Volume | F5: Hrg/Kg | G5: Jumlah | H5: Volume | I5: Hrg/Kg | J5: Jumlah (Rp) | K5: Volume | L5: Hrg/Kg | M5: Jumlah (Rp) | N5: Volume | O5: Jumlah (Rp) | P5: Volume | Q5: Jumlah (Rp)
A7: Januari | B7: =POLIMER!B8 -> 0 | C7: =POLIMER!C8 -> 0 | D7: =POLIMER!D8 -> 0 | E7: =POLIMER!E8 -> 0 | F7: =POLIMER!F8 -> 0 | G7: =POLIMER!G8 -> 0 | H7: =POLIMER!H8 -> 0 | I7: =POLIMER!I8 -> 0 | ... Q7: =POLIMER!Q8 -> 0
A13: MAGNAFLOG KARTIKA BHAKTI
A14: BULAN | B14: SALDO AWAL | E14: PENAMBAHAN | H14: PEMAKAIAN | J14: SALDO AKHIR
B15: Volume | C15: Hrg/Kg (Rp) | D15: Jumlah (Rp) | E15: Volume | F15: Hrg/Kg (Rp) | G15: Jumlah | H15: Volume | I15: Jumlah (Rp) | J15: Volume | K15: Jumlah (Rp)
A17: Januari | B17: ='POLIMER K.B'!B8 -> 0 | C17: ='POLIMER K.B'!C8 -> 0 | D17: ='POLIMER K.B'!D8 -> 0 | E17: ='POLIMER K.B'!E8 -> 0 | F17: ='POLIMER K.B'!F8 -> 0 | G17: ='POLIMER K.B'!G8 -> 0 | H17: ='POLIMER K.B'!H8 -> 0 | I17: ='POLIMER K.B'!I8 -> 0 | ... K17: ='POLIMER K.B'!K8 -> 0
D18: =B18*C18 -> 0 | G18: =E18*F18 -> 0 | I18: =H18*C18 -> 0 | K18: =D18+G18-I18 -> 0
A23: MAGNAFLOC HANAU
A24: BULAN | B24: SALDO AWAL | E24: PENAMBAHAN | H24: PEMAKAIAN | J24: SALDO AKHIR
B25: Volume | C25: Hrg/Kg (Rp) | D25: Jumlah (Rp) | E25: Volume | F25: Hrg/Kg (Rp) | G25: Jumlah | H25: Volume | I25: Jumlah (Rp) | J25: Volume | K25: Jumlah (Rp)
A27: Januari | B27: ='Polimer Hanau'!B8 -> 0 | C27: ='Polimer Hanau'!C8 -> 0 | D27: ='Polimer Hanau'!D8 -> 0 | E27: ='Polimer Hanau'!E8 -> 0 | F27: ='Polimer Hanau'!F8 -> 0 | G27: ='Polimer Hanau'!G8 -> 0 | H27: ='Polimer Hanau'!H8 -> 0 | I27: ='Polimer Hanau'!I8 -> 0 | ... K27: ='Polimer Hanau'!K8 -> 0
A32: FEBRUARI 2025
A33: MAGNALFOG PUSAT
A35: BULAN | B35: SALDO AWAL | E35: PENAMBAHAN | H35: MUTASI KARTIKA BHAKTI | K35: MUTASI HANAU | N35: PEMAKAIAN | P35: SALDO AKHIR
B36: Volume | C36: Hrg/Kg | D36: Jumlah (Rp) | E36: Volume | F36: Hrg/Kg | G36: Jumlah | H36: Volume | I36: Hrg/Kg | J36: Jumlah (Rp) | K36: Volume | L36: Hrg/Kg | M36: Jumlah (Rp) | N36: Volume | O36: Jumlah (Rp) | P36: Volume | Q36: Jumlah (Rp)
A38: Februari | B38: =POLIMER!B9 -> 0 | C38: =POLIMER!C9 -> 0 | D38: =POLIMER!D9 -> 0 | E38: =POLIMER!E9 -> 0 | F38: =POLIMER!F9 -> 0 | G38: =POLIMER!G9 -> 0 | H38: =POLIMER!H9 -> 0 | I38: =POLIMER!I9 -> 0 | ... Q38: =POLIMER!Q9 -> 0
A44: MAGNAFLOG KARTIKA BHAKTI
A45: BULAN | B45: SALDO AWAL | E45: PENAMBAHAN | H45: PEMAKAIAN | J45: SALDO AKHIR
B46: Volume | C46: Hrg/Kg (Rp) | D46: Jumlah (Rp) | E46: Volume | F46: Hrg/Kg (Rp) | G46: Jumlah | H46: Volume | I46: Jumlah (Rp) | J46: Volume | K46: Jumlah (Rp)
A48: Februari | B48: ='POLIMER K.B'!B9 -> 0 | C48: ='POLIMER K.B'!C9 -> 0 | D48: ='POLIMER K.B'!D9 -> 0 | E48: ='POLIMER K.B'!E9 -> 0 | F48: ='POLIMER K.B'!F9 -> 0 | G48: ='POLIMER K.B'!G9 -> 0 | H48: ='POLIMER K.B'!H9 -> 0 | I48: ='POLIMER K.B'!I9 -> 0 | ... K48: ='POLIMER K.B'!K9 -> 0
A54: MAGNAFLOC HANAU
A55: BULAN | B55: SALDO AWAL | E55: PENAMBAHAN | H55: PEMAKAIAN | J55: SALDO AKHIR
B56: Volume | C56: Hrg/Kg (Rp) | D56: Jumlah (Rp) | E56: Volume | F56: Hrg/Kg (Rp) | G56: Jumlah | H56: Volume | I56: Jumlah (Rp) | J56: Volume | K56: Jumlah (Rp)
A58: Februari | B58: ='Polimer Hanau'!B9 -> 0 | C58: ='Polimer Hanau'!C9 -> 0 | D58: ='Polimer Hanau'!D9 -> 0 | E58: ='Polimer Hanau'!E9 -> 0 | F58: ='Polimer Hanau'!F9 -> 0 | G58: ='Polimer Hanau'!G9 -> 0 | H58: ='Polimer Hanau'!H9 -> 0 | I58: ='Polimer Hanau'!I9 -> 0 | ... K58: ='Polimer Hanau'!K9 -> 0
A63: MARET 2026
A64: MAGNALFOG PUSAT
A66: BULAN | B66: SALDO AWAL | E66: PENAMBAHAN | H66: MUTASI KARTIKA BHAKTI | K66: MUTASI HANAU | N66: PEMAKAIAN | P66: SALDO AKHIR
B67: Volume | C67: Hrg/Kg | D67: Jumlah (Rp) | E67: Volume | F67: Hrg/Kg | G67: Jumlah | H67: Volume | I67: Hrg/Kg | J67: Jumlah (Rp) | K67: Volume | L67: Hrg/Kg | M67: Jumlah (Rp) | N67: Volume | O67: Jumlah (Rp) | P67: Volume | Q67: Jumlah (Rp)
A69: Maret | B69: =POLIMER!B10 -> 0 | C69: =POLIMER!C10 -> 0 | D69: =POLIMER!D10 -> 0 | E69: =POLIMER!E10 -> 0 | F69: =POLIMER!F10 -> 0 | G69: =POLIMER!G10 -> 0 | H69: =POLIMER!H10 -> 0 | I69: =POLIMER!I10 -> 0 | ... Q69: =POLIMER!Q10 -> 0
A75: MAGNAFLOG KARTIKA BHAKTI
A76: BULAN | B76: SALDO AWAL | E76: PENAMBAHAN | H76: PEMAKAIAN | J76: SALDO AKHIR
B77: Volume | C77: Hrg/Kg (Rp) | D77: Jumlah (Rp) | E77: Volume | F77: Hrg/Kg (Rp) | G77: Jumlah | H77: Volume | I77: Jumlah (Rp) | J77: Volume | K77: Jumlah (Rp)
A79: Maret | B79: ='POLIMER K.B'!B10 -> 0 | C79: ='POLIMER K.B'!C10 -> 0 | D79: ='POLIMER K.B'!D10 -> 0 | E79: ='POLIMER K.B'!E10 -> 0 | F79: ='POLIMER K.B'!F10 -> 0 | G79: ='POLIMER K.B'!G10 -> 0 | H79: ='POLIMER K.B'!H10 -> 0 | I79: ='POLIMER K.B'!I10 -> 0 | ... K79: ='POLIMER K.B'!K10 -> 0
D80: =B80*C80 -> 0 | G80: =E80*F80 -> 0 | I80: =H80*C80 -> 0 | K80: =D80+G80-I80 -> 0
A85: MAGNAFLOC HANAU
A86: BULAN | B86: SALDO AWAL | E86: PENAMBAHAN | H86: PEMAKAIAN | J86: SALDO AKHIR
B87: Volume | C87: Hrg/Kg (Rp) | D87: Jumlah (Rp) | E87: Volume | F87: Hrg/Kg (Rp) | G87: Jumlah | H87: Volume | I87: Jumlah (Rp) | J87: Volume | K87: Jumlah (Rp)
A89: Maret | B89: ='Polimer Hanau'!B10 -> 0 | C89: ='Polimer Hanau'!C10 -> 0 | D89: ='Polimer Hanau'!D10 -> 0 | E89: ='Polimer Hanau'!E10 -> 0 | F89: ='Polimer Hanau'!F10 -> 0 | G89: ='Polimer Hanau'!G10 -> 0 | H89: ='Polimer Hanau'!H10 -> 0 | I89: ='Polimer Hanau'!I10 -> 0 | ... K89: ='Polimer Hanau'!K10 -> 0
A94: 45748
A95: MAGNALFOG PUSAT
A97: BULAN | B97: SALDO AWAL | E97: PENAMBAHAN | H97: MUTASI KARTIKA BHAKTI | K97: MUTASI HANAU | N97: PEMAKAIAN | P97: SALDO AKHIR
B98: Volume | C98: Hrg/Kg | D98: Jumlah (Rp) | E98: Volume | F98: Hrg/Kg | G98: Jumlah | H98: Volume | I98: Hrg/Kg | J98: Jumlah (Rp) | K98: Volume | L98: Hrg/Kg | M98: Jumlah (Rp) | N98: Volume | O98: Jumlah (Rp) | P98: Volume | Q98: Jumlah (Rp)
A100: April | B100: =POLIMER!B11 -> 0 | C100: =POLIMER!C11 -> 0 | D100: =POLIMER!D11 -> 0 | E100: =POLIMER!E11 -> 0 | F100: =POLIMER!F11 -> 0 | G100: =POLIMER!G11 -> 0 | H100: =POLIMER!H11 -> 0 | I100: =POLIMER!I11 -> 0 | ... Q100: =POLIMER!Q11 -> 0
A106: MAGNAFLOG KARTIKA BHAKTI
A107: BULAN | B107: SALDO AWAL | E107: PENAMBAHAN | H107: PEMAKAIAN | J107: SALDO AKHIR
B108: Volume | C108: Hrg/Kg (Rp) | D108: Jumlah (Rp) | E108: Volume | F108: Hrg/Kg (Rp) | G108: Jumlah | H108: Volume | I108: Jumlah (Rp) | J108: Volume | K108: Jumlah (Rp)
A110: April | B110: ='POLIMER K.B'!B11 -> 0 | C110: ='POLIMER K.B'!C11 -> 0 | D110: ='POLIMER K.B'!D11 -> 0 | E110: ='POLIMER K.B'!E11 -> 0 | F110: ='POLIMER K.B'!F11 -> 0 | G110: ='POLIMER K.B'!G11 -> 0 | H110: ='POLIMER K.B'!H11 -> 0 | I110: ='POLIMER K.B'!I11 -> 0 | ... K110: ='POLIMER K.B'!K11 -> 0
A116: MAGNAFLOC HANAU
A117: BULAN | B117: SALDO AWAL | E117: PENAMBAHAN | H117: PEMAKAIAN | J117: SALDO AKHIR
B118: Volume | C118: Hrg/Kg (Rp) | D118: Jumlah (Rp) | E118: Volume | F118: Hrg/Kg (Rp) | G118: Jumlah | H118: Volume | I118: Jumlah (Rp) | J118: Volume | K118: Jumlah (Rp)
A120: April | B120: ='Polimer Hanau'!B11 -> 0 | C120: ='Polimer Hanau'!C11 -> 0 | D120: ='Polimer Hanau'!D11 -> 0 | E120: ='Polimer Hanau'!E11 -> 0 | F120: ='Polimer Hanau'!F11 -> 0 | G120: ='Polimer Hanau'!G11 -> 0 | H120: ='Polimer Hanau'!H11 -> 0 | I120: ='Polimer Hanau'!I11 -> 0 | ... K120: ='Polimer Hanau'!K11 -> 0
A125: MEI 2025
A126: MAGNALFOG PUSAT
A128: BULAN | B128: SALDO AWAL | E128: PENAMBAHAN | H128: MUTASI KARTIKA BHAKTI | K128: MUTASI HANAU | N128: PEMAKAIAN | P128: SALDO AKHIR
B129: Volume | C129: Hrg/Kg | D129: Jumlah (Rp) | E129: Volume | F129: Hrg/Kg | G129: Jumlah | H129: Volume | I129: Hrg/Kg | J129: Jumlah (Rp) | K129: Volume | L129: Hrg/Kg | M129: Jumlah (Rp) | N129: Volume | O129: Jumlah (Rp) | P129: Volume | Q129: Jumlah (Rp)
A131: Mei | B131: =POLIMER!B12 -> 0 | C131: =POLIMER!C12 -> 0 | D131: =POLIMER!D12 -> 0 | E131: =POLIMER!E12 -> 0 | F131: =POLIMER!F12 -> 0 | G131: =POLIMER!G12 -> 0 | H131: =POLIMER!H12 -> 0 | I131: =POLIMER!I12 -> 0 | ... Q131: =POLIMER!Q12 -> 0
B132: =POLIMER!B41 -> 0 | C132: =POLIMER!C41 -> 0 | D132: =POLIMER!D41 -> 0 | E132: =POLIMER!E41 -> 0 | F132: =POLIMER!F41 -> 0 | G132: =POLIMER!G41 -> 0 | H132: =POLIMER!H41 -> 0 | I132: =POLIMER!I41 -> 0 | ... Q132: =POLIMER!Q41 -> 0
B133: =POLIMER!B42 -> 0 | C133: =POLIMER!C42 -> 0 | D133: =POLIMER!D42 -> 0 | E133: =POLIMER!E42 -> 0 | F133: =POLIMER!F42 -> 0 | G133: =POLIMER!G42 -> 0 | H133: =POLIMER!H42 -> 0 | I133: =POLIMER!I42 -> 0 | ... Q133: =POLIMER!Q42 -> 0
A137: MAGNAFLOG KARTIKA BHAKTI
A138: BULAN | B138: SALDO AWAL | E138: PENAMBAHAN | H138: PEMAKAIAN | J138: SALDO AKHIR
B139: Volume | C139: Hrg/Kg (Rp) | D139: Jumlah (Rp) | E139: Volume | F139: Hrg/Kg (Rp) | G139: Jumlah | H139: Volume | I139: Jumlah (Rp) | J139: Volume | K139: Jumlah (Rp)
A141: Mei | B141: ='POLIMER K.B'!B12 -> 0 | C141: ='POLIMER K.B'!C12 -> 0 | D141: ='POLIMER K.B'!D12 -> 0 | E141: ='POLIMER K.B'!E12 -> 0 | F141: ='POLIMER K.B'!F12 -> 0 | G141: ='POLIMER K.B'!G12 -> 0 | H141: ='POLIMER K.B'!H12 -> 0 | I141: ='POLIMER K.B'!I12 -> 0 | ... K141: ='POLIMER K.B'!K12 -> 0
A147: MAGNAFLOC HANAU
A148: BULAN | B148: SALDO AWAL | E148: PENAMBAHAN | H148: PEMAKAIAN | J148: SALDO AKHIR
B149: Volume | C149: Hrg/Kg (Rp) | D149: Jumlah (Rp) | E149: Volume | F149: Hrg/Kg (Rp) | G149: Jumlah | H149: Volume | I149: Jumlah (Rp) | J149: Volume | K149: Jumlah (Rp)
A151: Mei | B151: ='Polimer Hanau'!B12 -> 0 | C151: ='Polimer Hanau'!C12 -> 0 | D151: ='Polimer Hanau'!D12 -> 0 | E151: ='Polimer Hanau'!E12 -> 0 | F151: ='Polimer Hanau'!F12 -> 0 | G151: ='Polimer Hanau'!G12 -> 0 | H151: ='Polimer Hanau'!H12 -> 0 | I151: ='Polimer Hanau'!I12 -> 0 | ... K151: ='Polimer Hanau'!K12 -> 0
A156: JUNI 2025
A157: MAGNALFOG PUSAT
A159: BULAN | B159: SALDO AWAL | E159: PENAMBAHAN | H159: MUTASI KARTIKA BHAKTI | K159: MUTASI HANAU | N159: PEMAKAIAN | P159: SALDO AKHIR
B160: Volume | C160: Hrg/Kg | D160: Jumlah (Rp) | E160: Volume | F160: Hrg/Kg | G160: Jumlah | H160: Volume | I160: Hrg/Kg | J160: Jumlah (Rp) | K160: Volume | L160: Hrg/Kg | M160: Jumlah (Rp) | N160: Volume | O160: Jumlah (Rp) | P160: Volume | Q160: Jumlah (Rp)
A162: Juni | B162: =POLIMER!B13 -> 0 | C162: =POLIMER!C13 -> 0 | D162: =POLIMER!D13 -> 0 | E162: =POLIMER!E13 -> 0 | F162: =POLIMER!F13 -> 0 | G162: =POLIMER!G13 -> 0 | H162: =POLIMER!H13 -> 0 | I162: =POLIMER!I13 -> 0 | ... Q162: =POLIMER!Q13 -> 0
B163: =POLIMER!#REF! -> #REF! | C163: =POLIMER!#REF! -> #REF! | D163: =POLIMER!#REF! -> #REF! | E163: =POLIMER!#REF! -> #REF! | F163: =POLIMER!#REF! -> #REF! | G163: =POLIMER!#REF! -> #REF! | H163: =POLIMER!#REF! -> #REF! | I163: =POLIMER!#REF! -> #REF! | ... Q163: =POLIMER!#REF! -> #REF!
A167: MAGNAFLOG KARTIKA BHAKTI
A168: BULAN | B168: SALDO AWAL | E168: PENAMBAHAN | H168: PEMAKAIAN | J168: SALDO AKHIR
B169: Volume | C169: Hrg/Kg (Rp) | D169: Jumlah (Rp) | E169: Volume | F169: Hrg/Kg (Rp) | G169: Jumlah | H169: Volume | I169: Jumlah (Rp) | J169: Volume | K169: Jumlah (Rp)
A171: Juni | B171: ='POLIMER K.B'!B13 -> 0 | C171: ='POLIMER K.B'!C13 -> 0 | D171: ='POLIMER K.B'!D13 -> 0 | E171: ='POLIMER K.B'!E13 -> 0 | F171: ='POLIMER K.B'!F13 -> 0 | G171: ='POLIMER K.B'!G13 -> 0 | H171: ='POLIMER K.B'!H13 -> 0 | I171: ='POLIMER K.B'!I13 -> 0 | ... K171: ='POLIMER K.B'!K13 -> 0
B172: ='POLIMER K.B'!#REF! -> #REF! | C172: ='POLIMER K.B'!#REF! -> #REF! | D172: ='POLIMER K.B'!#REF! -> #REF! | E172: ='POLIMER K.B'!#REF! -> #REF! | F172: ='POLIMER K.B'!#REF! -> #REF! | G172: ='POLIMER K.B'!#REF! -> #REF! | H172: ='POLIMER K.B'!#REF! -> #REF! | I172: ='POLIMER K.B'!#REF! -> #REF! | ... K172: ='POLIMER K.B'!#REF! -> #REF!
A176: MAGNAFLOC HANAU
A177: BULAN | B177: SALDO AWAL | E177: PENAMBAHAN | H177: PEMAKAIAN | J177: SALDO AKHIR
B178: Volume | C178: Hrg/Kg (Rp) | D178: Jumlah (Rp) | E178: Volume | F178: Hrg/Kg (Rp) | G178: Jumlah | H178: Volume | I178: Jumlah (Rp) | J178: Volume | K178: Jumlah (Rp)
A180: Juni | B180: ='Polimer Hanau'!B13 -> 0 | C180: ='Polimer Hanau'!C13 -> 0 | D180: ='Polimer Hanau'!D13 -> 0 | E180: ='Polimer Hanau'!E13 -> 0 | F180: ='Polimer Hanau'!F13 -> 0 | G180: ='Polimer Hanau'!G13 -> 0 | H180: ='Polimer Hanau'!H13 -> 0 | I180: ='Polimer Hanau'!I13 -> 0 | ... K180: ='Polimer Hanau'!K13 -> 0
A185: JULI 2025
A186: MAGNALFOG PUSAT
A188: BULAN | B188: SALDO AWAL | E188: PENAMBAHAN | H188: MUTASI KARTIKA BHAKTI | K188: MUTASI HANAU | N188: PEMAKAIAN | P188: SALDO AKHIR
B189: Volume | C189: Hrg/Kg | D189: Jumlah (Rp) | E189: Volume | F189: Hrg/Kg | G189: Jumlah | H189: Volume | I189: Hrg/Kg | J189: Jumlah (Rp) | K189: Volume | L189: Hrg/Kg | M189: Jumlah (Rp) | N189: Volume | O189: Jumlah (Rp) | P189: Volume | Q189: Jumlah (Rp)
A191: Juli | B191: =POLIMER!B14 -> 0 | C191: =POLIMER!C14 -> 0 | D191: =POLIMER!D14 -> 0 | E191: =POLIMER!E14 -> 0 | F191: =POLIMER!F14 -> 0 | G191: =POLIMER!G14 -> 0 | H191: =POLIMER!H14 -> 0 | I191: =POLIMER!I14 -> 0 | ... Q191: =POLIMER!Q14 -> 0
B192: =POLIMER!#REF! -> #REF! | C192: =POLIMER!#REF! -> #REF! | D192: =POLIMER!#REF! -> #REF! | E192: =POLIMER!#REF! -> #REF! | F192: =POLIMER!#REF! -> #REF! | G192: =POLIMER!#REF! -> #REF! | H192: =POLIMER!#REF! -> #REF! | I192: =POLIMER!#REF! -> #REF! | ... Q192: =POLIMER!#REF! -> #REF!
B193: =POLIMER!#REF! -> #REF! | C193: =POLIMER!#REF! -> #REF! | D193: =POLIMER!#REF! -> #REF! | E193: =POLIMER!#REF! -> #REF! | F193: =POLIMER!#REF! -> #REF! | G193: =POLIMER!#REF! -> #REF! | H193: =POLIMER!#REF! -> #REF! | I193: =POLIMER!#REF! -> #REF! | ... Q193: =POLIMER!#REF! -> #REF!
A197: MAGNAFLOG KARTIKA BHAKTI
A198: BULAN | B198: SALDO AWAL | E198: PENAMBAHAN | H198: PEMAKAIAN | J198: SALDO AKHIR
B199: Volume | C199: Hrg/Kg (Rp) | D199: Jumlah (Rp) | E199: Volume | F199: Hrg/Kg (Rp) | G199: Jumlah | H199: Volume | I199: Jumlah (Rp) | J199: Volume | K199: Jumlah (Rp)
A201: Juli | B201: ='POLIMER K.B'!B14 -> 0 | C201: ='POLIMER K.B'!C14 -> 0 | D201: ='POLIMER K.B'!D14 -> 0 | E201: ='POLIMER K.B'!E14 -> 0 | F201: ='POLIMER K.B'!F14 -> 0 | G201: ='POLIMER K.B'!G14 -> 0 | H201: ='POLIMER K.B'!H14 -> 0 | I201: ='POLIMER K.B'!I14 -> 0 | ... K201: ='POLIMER K.B'!K14 -> 0
B202: ='POLIMER K.B'!B45 -> 0 | C202: ='POLIMER K.B'!C45 -> 0 | D202: ='POLIMER K.B'!D45 -> 0 | E202: ='POLIMER K.B'!E45 -> 0 | F202: ='POLIMER K.B'!F45 -> 0 | G202: ='POLIMER K.B'!G45 -> 0 | H202: ='POLIMER K.B'!H45 -> 0 | I202: ='POLIMER K.B'!I45 -> 0 | ... K202: ='POLIMER K.B'!K45 -> 0
B203: ='POLIMER K.B'!B46 -> 0 | C203: ='POLIMER K.B'!C46 -> 0 | D203: ='POLIMER K.B'!D46 -> 0 | E203: ='POLIMER K.B'!E46 -> 0 | F203: ='POLIMER K.B'!F46 -> 0 | G203: ='POLIMER K.B'!G46 -> 0 | H203: ='POLIMER K.B'!H46 -> 0 | I203: ='POLIMER K.B'!I46 -> 0 | ... K203: ='POLIMER K.B'!K46 -> 0
A207: MAGNAFLOC HANAU
A208: BULAN | B208: SALDO AWAL | E208: PENAMBAHAN | H208: PEMAKAIAN | J208: SALDO AKHIR
B209: Volume | C209: Hrg/Kg (Rp) | D209: Jumlah (Rp) | E209: Volume | F209: Hrg/Kg (Rp) | G209: Jumlah | H209: Volume | I209: Jumlah (Rp) | J209: Volume | K209: Jumlah (Rp)
...

Sheet REKAP TOTAL
A1: JANUARI 2026
A3: TAWAS | B3: SALDO AWAL | C3: HARGA | D3: JUMLAH | E3: PENAMBAHAN | F3: HARGA | G3: JUMLAH | H3: PEMAKAIAN | I3: HARGA | J3: JUMLAH | K3: SALDO AKHIR | L3: JUMLAH
D4: =B4*C4 -> 0 | J4: =H4*I4 -> 0 | K4: =B4+E4-H4 -> 0 | L4: =K4*C4 -> 0
D5: =B5*C5 -> 0 | G5: =E5*F5 -> 0 | J5: =H5*I5 -> 0 | K5: =B5+E5-H5 -> 0 | L5: =K5*C5 -> 0
A6: JUMLAH TOTAL | B6: =SUM(B4:B5) -> 0 | D6: =SUM(D4:D5) -> 0 | E6: =SUM(E4:E5) -> 0 | G6: =SUM(G4:G5) -> 0 | H6: =SUM(H4:H5) -> 0 | J6: =SUM(J4:J5) -> 0 | K6: =SUM(K4:K5) -> 0 | L6: =SUM(L4:L5) -> 0
A9: KAPORIT | B9: SALDO AWAL | C9: HARGA | D9: JUMLAH | E9: PENAMBAHAN | F9: HARGA | G9: JUMLAH | H9: PEMAKAIAN | I9: HARGA | J9: JUMLAH | K9: SALDO AKHIR | L9: JUMLAH
D10: =B10*C10 -> 0 | J10: =H10*I10 -> 0 | K10: =B10+E10-H10 -> 0 | L10: =K10*C10 -> 0
D11: =B11*C11 -> 0 | J11: =H11*I11 -> 0 | K11: =B11+E11-H11 -> 0 | L11: =K11*C11 -> 0
D12: =B12*C12 -> 0 | G12: =E12*F12 -> 0 | J12: =H12*I12 -> 0 | K12: =B12+E12-H12 -> 0 | L12: =K12*C12 -> 0
A13: JUMLAH TOTAL | B13: =SUM(B10:B12) -> 0 | D13: =SUM(D10:D12) -> 0 | E13: =SUM(E10:E12) -> 0 | G13: =SUM(G10:G12) -> 0 | H13: =SUM(H10:H12) -> 0 | J13: =SUM(J10:J12) -> 0 | K13: =SUM(K10:K12) -> 0 | L13: =SUM(L10:L12) -> 0
A16: SODA ASH | B16: SALDO AWAL | C16: HARGA | D16: JUMLAH | E16: PENAMBAHAN | F16: HARGA | G16: JUMLAH | H16: PEMAKAIAN | I16: HARGA | J16: JUMLAH | K16: SALDO AKHIR | L16: JUMLAH
D17: =B17*C17 -> 0 | J17: =H17*I17 -> 0 | K17: =B17+E17-H17 -> 0 | L17: =K17*C17 -> 0
D18: =B18*C18 -> 0 | J18: =H18*I18 -> 0 | K18: =B18+E18-H18 -> 0 | L18: =K18*C18 -> 0
D19: =B19*C19 -> 0 | G19: =E19*F19 -> 0 | J19: =H19*I19 -> 0 | K19: =B19+E19-H19 -> 0 | L19: =K19*F19 -> 0
A20: JUMLAH TOTAL | B20: =SUM(B17:B19) -> 0 | D20: =SUM(D17:D19) -> 0 | E20: =SUM(E17:E19) -> 0 | G20: =SUM(G17:G19) -> 0 | H20: =SUM(H17:H19) -> 0 | J20: =SUM(J17:J19) -> 0 | K20: =SUM(K17:K19) -> 0 | L20: =SUM(L17:L19) -> 0
A23: MAGNAFOC | B23: SALDO AWAL | C23: HARGA | D23: JUMLAH | E23: PENAMBAHAN | F23: HARGA | G23: JUMLAH | H23: PEMAKAIAN | I23: HARGA | J23: JUMLAH | K23: SALDO AKHIR | L23: JUMLAH
D24: =B24*C24 -> 0 | G24: =E24*F24 -> 0 | J24: =H24*I24 -> 0 | K24: =B24+E24-H24 -> 0 | L24: =K24*C24 -> 0
A25: JUMLAH TOTAL | B25: =SUM(B24:B24) -> 0 | D25: =SUM(D24:D24) -> 0 | E25: =SUM(E24:E24) -> 0 | G25: =SUM(G24:G24) -> 0 | H25: =SUM(H24:H24) -> 0 | J25: =SUM(J24:J24) -> 0 | K25: =SUM(K24:K24) -> 0 | L25: =SUM(L24:L24) -> 0
A29: FEBRUARI 2026
A31: TAWAS | B31: SALDO AWAL | C31: HARGA | D31: JUMLAH | E31: PENAMBAHAN | F31: HARGA | G31: JUMLAH | H31: PEMAKAIAN | I31: HARGA | J31: JUMLAH | K31: SALDO AKHIR | L31: JUMLAH
D32: =B32*C32 -> 0 | I32: =C32 -> 0 | J32: =H32*I32 -> 0 | K32: =B32+E32-H32 -> 0 | L32: =K32*C32 -> 0
D33: =B33*C33 -> 0 | I33: =C33 -> 0 | J33: =H33*I33 -> 0 | K33: =B33+E33-H33 -> 0 | L33: =K33*C33 -> 0
D34: =B34*C34 -> 0 | G34: =E34*F34 -> 0 | J34: =H34*I34 -> 0 | K34: =B34+E34-H34 -> 0 | L34: =K34*F34 -> 0
A35: JUMLAH TOTAL | B35: =SUM(B32:B34) -> 0 | D35: =SUM(D32:D34) -> 0 | E35: =SUM(E32:E34) -> 0 | G35: =SUM(G32:G34) -> 0 | H35: =SUM(H32:H34) -> 0 | J35: =SUM(J32:J34) -> 0 | K35: =SUM(K32:K34) -> 0 | L35: =SUM(L32:L34) -> 0
A38: KAPORIT | B38: SALDO AWAL | C38: HARGA | D38: JUMLAH | E38: PENAMBAHAN | F38: HARGA | G38: JUMLAH | H38: PEMAKAIAN | I38: HARGA | J38: JUMLAH | K38: SALDO AKHIR | L38: JUMLAH
D39: =B39*C39 -> 0 | I39: =C39 -> 0 | J39: =H39*I39 -> 0 | K39: =B39+E39-H39 -> 0 | L39: =K39*C39 -> 0
D40: =B40*C40 -> 0 | I40: =C40 -> 0 | J40: =H40*I40 -> 0 | K40: =B40+E40-H40 -> 0 | L40: =K40*C40 -> 0
D41: =B41*C41 -> 0 | G41: =E41*F41 -> 0 | I41: =C41 -> 0 | J41: =H41*I41 -> 0 | K41: =B41+E41-H41 -> 0 | L41: =K41*F41 -> 0
A42: JUMLAH TOTAL | B42: =SUM(B39:B41) -> 0 | D42: =SUM(D39:D41) -> 0 | E42: =SUM(E39:E41) -> 0 | G42: =SUM(G39:G41) -> 0 | H42: =SUM(H39:H41) -> 0 | J42: =SUM(J39:J41) -> 0 | K42: =SUM(K39:K41) -> 0 | L42: =SUM(L39:L41) -> 0
A45: SODA ASH | B45: SALDO AWAL | C45: HARGA | D45: JUMLAH | E45: PENAMBAHAN | F45: HARGA | G45: JUMLAH | H45: PEMAKAIAN | I45: HARGA | J45: JUMLAH | K45: SALDO AKHIR | L45: JUMLAH
D46: =B46*C46 -> 0 | I46: =C46 -> 0 | J46: =H46*I46 -> 0 | K46: =B46+E46-H46 -> 0 | L46: =K46*C46 -> 0
D47: =B47*C47 -> 0 | G47: =E47*F47 -> 0 | I47: =C47 -> 0 | J47: =H47*I47 -> 0 | K47: =B47+E47-H47 -> 0 | L47: =K47*F47 -> 0
A48: JUMLAH TOTAL | B48: =SUM(B46:B47) -> 0 | D48: =SUM(D46:D47) -> 0 | E48: =SUM(E46:E47) -> 0 | G48: =SUM(G46:G47) -> 0 | H48: =SUM(H46:H47) -> 0 | J48: =SUM(J46:J47) -> 0 | K48: =SUM(K46:K47) -> 0 | L48: =SUM(L46:L47) -> 0
A51: MAGNAFOC | B51: SALDO AWAL | C51: HARGA | D51: JUMLAH | E51: PENAMBAHAN | F51: HARGA | G51: JUMLAH | H51: PEMAKAIAN | I51: HARGA | J51: JUMLAH | K51: SALDO AKHIR | L51: JUMLAH
B52: =350+18+4 -> 372 | C52: 140000 | D52: =B52*C52 -> 52080000 | G52: =E52*F52 -> 0 | H52: =50 -> 50 | I52: =C52 -> 140000 | J52: =H52*I52 -> 7000000 | K52: =B52+E52-H52 -> 322 | L52: =K52*C52 -> 45080000
A53: JUMLAH TOTAL | B53: =SUM(B52:B52) -> 372 | D53: =SUM(D52:D52) -> 52080000 | E53: =SUM(E52:E52) -> 0 | G53: =SUM(G52:G52) -> 0 | H53: =SUM(H52:H52) -> 50 | J53: =SUM(J52:J52) -> 7000000 | K53: =SUM(K52:K52) -> 322 | L53: =SUM(L52:L52) -> 45080000
A58: MARET 2026
A60: TAWAS | B60: SALDO AWAL | C60: HARGA | D60: JUMLAH | E60: PENAMBAHAN | F60: HARGA | G60: JUMLAH | H60: PEMAKAIAN | I60: HARGA | J60: JUMLAH | K60: SALDO AKHIR | L60: JUMLAH
D61: =C61*B61 -> 0 | I61: =C61 -> 0 | J61: =I61*H61 -> 0 | K61: =B61+E61-H61 -> 0 | L61: =K61*C61 -> 0
I62: =C62 -> 0 | J62: =I62*H62 -> 0 | K62: =B62+E62-H62 -> 0 | L62: =K62*C62 -> 0
G63: =E63*F63 -> 0
A64: JUMLAH TOTAL | B64: =SUM(B61:B63) -> 0 | D64: =SUM(D61:D63) -> 0 | E64: =SUM(E61:E63) -> 0 | G64: =SUM(G61:G63) -> 0 | H64: =SUM(H61:H63) -> 0 | J64: =SUM(J61:J63) -> 0 | K64: =SUM(K61:K63) -> 0 | L64: =SUM(L61:L63) -> 0
A67: KAPORIT | B67: SALDO AWAL | C67: HARGA | D67: JUMLAH | E67: PENAMBAHAN | F67: HARGA | G67: JUMLAH | H67: PEMAKAIAN | I67: HARGA | J67: JUMLAH | K67: SALDO AKHIR | L67: JUMLAH
D68: =C68*B68 -> 0 | G68: =F68*E68 -> 0 | I68: =C68 -> 0 | J68: =H68*C68 -> 0 | K68: =B68+E68-H68 -> 0 | L68: =K68*C68 -> 0
D69: =C69*B69 -> 0 | I69: =C69 -> 0 | J69: =H69*C69 -> 0 | K69: =B69+E69-H69 -> 0 | L69: =K69*C69 -> 0
G70: =F70*E70 -> 0 | I70: =F70 -> 0 | J70: =I70*H70 -> 0 | K70: =B70+E70-H70 -> 0 | L70: =K70*F70 -> 0
A71: JUMLAH TOTAL | B71: =SUM(B68:B70) -> 0 | D71: =SUM(D68:D70) -> 0 | E71: =SUM(E68:E70) -> 0 | G71: =SUM(G68:G70) -> 0 | H71: =SUM(H68:H70) -> 0 | J71: =SUM(J68:J70) -> 0 | K71: =SUM(K68:K70) -> 0 | L71: =SUM(L68:L70) -> 0
A74: SODA ASH | B74: SALDO AWAL | C74: HARGA | D74: JUMLAH | E74: PENAMBAHAN | F74: HARGA | G74: JUMLAH | H74: PEMAKAIAN | I74: HARGA | J74: JUMLAH | K74: SALDO AKHIR | L74: JUMLAH
C75: 17400 | D75: =B75*C75 -> 0 | G75: =F75*E75 -> 0 | I75: =F75 -> 0 | J75: =C75*H75 -> 0 | K75: =B75+E75-H75 -> 0 | L75: =K75*I75 -> 0
C76: 17600 | D76: =B76*C76 -> 0 | I76: =C76 -> 17600 | J76: =I76*H76 -> 0 | K76: =B76+E76-H76 -> 0 | L76: =K76*I76 -> 0
G77: =E77*F77 -> 0 | I77: =F77 -> 0 | J77: =I77*H77 -> 0 | K77: =B77+E77-H77 -> 0 | L77: =K77*I77 -> 0
A78: JUMLAH TOTAL | B78: =SUM(B75:B77) -> 0 | D78: =SUM(D75:D77) -> 0 | E78: =SUM(E75:E77) -> 0 | G78: =SUM(G75:G77) -> 0 | H78: =SUM(H75:H77) -> 0 | J78: =SUM(J75:J77) -> 0 | K78: =SUM(K75:K77) -> 0 | L78: =SUM(L75:L77) -> 0
A81: MAGNAFOC | B81: SALDO AWAL | C81: HARGA | D81: JUMLAH | E81: PENAMBAHAN | F81: HARGA | G81: JUMLAH | H81: PEMAKAIAN | I81: HARGA | J81: JUMLAH | K81: SALDO AKHIR | L81: JUMLAH
D82: =C82*B82 -> 0 | J82: =I82*H82 -> 0 | K82: =B82+E82-H82 -> 0 | L82: =K82*I82 -> 0
A83: JUMLAH TOTAL | D83: =SUM(D82:D82) -> 0 | E83: =SUM(E82:E82) -> 0 | G83: =SUM(G82:G82) -> 0 | H83: =SUM(H82:H82) -> 0 | J83: =SUM(J82:J82) -> 0 | K83: =SUM(K82:K82) -> 0 | L83: =SUM(L82:L82) -> 0

Sheet Sheet3
A1: PERSEDIAAN BAHAN KIMIA PUSAT
A2: BULAN | B2: STOK AWAL | C2: PENAMBAHAN | D2: PEMAKAIAN | E2: STOK AKHIR
A3: JANUARI
A4: FEBRUARI
A5: MARET
A6: APRIL
A7: MEI
A8: JUNI
A9: JULI
A10: AGUSTUS
A11: SEPTEMBER
A12: OKTOBER
A13: NOVEMBER
A14: DESEMBER
... A19: PERSEDIAAN BAHAN KIMIA KARTIKA BHAKTI
A20: BULAN | B20: STOK AWAL | C20: PENAMBAHAN | D20: PEMAKAIAN | E20: STOK AKHIR
A21: JANUARI
A22: FEBRUARI
A23: MARET
A24: APRIL
A25: MEI
A26: JUNI
A27: JULI
A28: AGUSTUS
A29: SEPTEMBER
A30: OKTOBER
A31: NOVEMBER
A32: DESEMBER
... A37: PERSEDIAAN BAHAN KIMIA HANAU
A38: BULAN | B38: STOK AWAL | C38: PENAMBAHAN | D38: PEMAKAIAN | E38: STOK AKHIR
A39: JANUARI
A40: FEBRUARI
A41: MARET
A42: APRIL
A43: MEI
A44: JUNI
A45: JULI
A46: AGUSTUS
A47: SEPTEMBER
A48: OKTOBER
A49: NOVEMBER
A50: DESEMBER
A51: JUMLAH

Sheet Sheet2
A1: PERSEDIAAN BAHAN KIMIA PUSAT
A3: BAHAN KIMIA | B3: STOK DIPEMBUKUAN | C3: STOK TIDAK MASUK PEMBUKUAN | D3: PEMAKAIAN RATA-RATA
D4: PUSAT | E4: KARTIKA BHAKTI | F4: HANAU
A5: TAWAS
A6: SODA ASH
A7: KAPORIT
A9: POLIMER
A12: STOK PER TANGGAL 13 MEI 2024

Sheet Sheet4
