Workbook

Sheet LAP ARUS KAS
A1: 3. | C1: LAPORAN ARUS KAS
B4: PERUMDAM TIRTA SERUYAN
B5: LAPORAN ARUS KAS
B6: UNTUK TAHUN YANG BERAKHIR 31 JANUARI 2025 DAN TAHUN 2024
B8: URAIAN | G8: TAHUN | I8: TAHUN
G9: 2025 | I9: 2024
B10: A. ARUS KAS OPERASI | C10: ARUS KAS OPERASI
C11: I. PENERIMAAN
D12: 1 | E12: Penerimaan dari Pendapatan Air | G12: =I875 -> #REF! | I12: 6000650100
D13: 2 | E13: Penerimaan dari Pendapatan Non Air | G13: =I876 -> #REF! | I13: 386252632
D14: 3 | E14: Penerimaan dari Pendapatan Lain-lain | G14: =I877 -> #REF! | I14: 2041490791
D15: 4 | E15: Penerimaan dari Aset Lancar Lain-lain | G15: =I878 -> 0
D16: 5 | E16: Penambahan Liabilitas Lancar | G16: =I879 -> 0
D18: JUMLAH PENERIMAAN | G18: =SUM(G12:G16) -> #REF! | I18: =SUM(I12:I16) -> 8428393523
C20: II. PENGELUARAN | L20: =[1]JU!$E$1021 -> 1204164
D21: 1 | E21: Beban Sumber Air | G21: =I884 -> 0 | I21: =1111320581-1204164 -> 1110116417 | L21: (-) hutang pap desember
D22: 2 | E22: Beban Pengolahan Air | G22: =I885 -> 0 | I22: =1595983560 -> 1595983560
D23: 3 | E23: Beban Transmisi & Distribusi | G23: =I886 -> 1200000 | I23: =791611737 -> 791611737
D24: 4 | E24: Beban Umum & Administrasi | G24: =I887 -> 0 | I24: =8414279225-(I21+I22+I23+I34+I25+I27) -> 4086728863 | L24: Total pengeluaran kas dlm 1 tahun dikurang (1+2+3+5+6+pengeluaran aset)
D25: 5 | E25: Beban Lain-lain | G25: =I888 -> 0 | I25: 110400 | L25: 8414279225 | M25: (pengeluaran kas 1 th)
D26: 6 | E26: Pembayaran Aset Lancar Lain - lain | G26: =I889 -> 0
D27: 7 | E27: Pembayaran Liabilitas Lancar Lain - lain | G27: =I890 -> 0 | I27: 13680368 | L27: pembayaran utang sesuai neraca 2023
D29: JUMLAH PENGELUARAN | G29: =SUM(G21:G28) -> 1200000 | I29: =SUM(I21:I28) -> 7598231345
C31: ARUS KAS BERSIH DARI AKTIVITAS OPERASI | G31: =G18-G29 -> #REF! | I31: =I18-I29 -> 830162178
B33: B. | C33: ARUS KAS DARI AKTIVITAS INVESTASI | L33: Reklas pembelian bahan karena sdh dipakai assesories & bahan kimia
D34: Penambahan Aset Tetap | G34: =I897 -> #REF! | I34: =782747880+33300000 -> 816047880 | L34: Pemeliharaan trandist | M34: 203476069
C35: ARUS KAS BERSIH DIGUNAKAN AKTIVITAS INVESTASI | G35: =SUM(G34) -> #REF! | I35: =SUM(I34) -> 816047880 | L35: DM | M35: 111540600
L36: Bahan kimia | M36: 805603800
B37: C. | C37: ARUS KAS DARI AKTIVITAS PENDANAAN | L37: Pemasangan SR &Jaringan | M37: 112943995
D38: Penambahan PMP | G38: =I901 -> 0
D39: Pembayaran Deviden kepada KPM | G39: =I902 -> 0 | M39: =SUM(M34:M38) -> 1233564464
D40: Pembayaran Jasa Produksi dan Tantiem | G40: =I903 -> 0
D41: Penambahan Cadangan Dana/Koreksi Tahu Lalu | G41: =I904 -> 0
C42: ARUS KAS BERSIH UNTUK AKTIVITAS PENDANAAN | G42: =SUM(G38:G41) -> 0 | I42: =SUM(I38:I41) -> 0
B44: D. | C44: KENAIKAN/BERKURANG BERSIH KAS DAN SETARA KAS | G44: =G31-G35+G42 -> #REF! | I44: =I31-I35+I42 -> 14114298
B46: E. | C46: SALDO KAS SETARA KAS AWAL TAHUN | G46: 1.3122519e+09 | I46: 1.2981376e+09
B48: F. | C48: SALDO KAS SETARA KAS AWAL TAHUN | G48: =G44+G46 -> #REF! | I48: =I44+I46 -> 1.3122519e+09
G50: =#REF! -> #REF!
A51: Diketahui / Disetujui Oleh, | F51: Dibuat Oleh,
A52: Pjs. Direktur | F52: Kabag. Adm. & Keuangan
A55: RADIUN, SE | F55: TRI MURTIANI, S.E
A73: 3. | C73: LAPORAN ARUS KAS
B76: PERUMDAM TIRTA SERUYAN
B77: LAPORAN PERPUTARAN UANG
B78: UNTUK TAHUN YANG BERAKHIR 31 JANUARI 2025
B80: URAIAN | G80: BULAN INI | I80: JUMLAH S/D BULAN INI
G81: Rp. | I81: Rp.
B82: A. ARUS KAS OPERASI | C82: ARUS KAS OPERASI
C83: I. PENERIMAAN
D84: 1 | E84: Penerimaan dari Pendapatan Air | G84: =#REF! -> #REF! | I84: =G84 -> #REF!
D85: 2 | E85: Penerimaan dari Pendapatan Non Air | G85: =#REF! -> #REF! | I85: =G85 -> #REF!
D86: 3 | E86: Penerimaan dari Pendapatan Lain-lain | G86: =#REF! -> #REF! | I86: =G86 -> #REF!
D87: 4 | E87: Penerimaan dari Aset Lancar Lain-lain
D88: 5 | E88: Penambahan Liabilitas Lancar
D90: JUMLAH PENERIMAAN | G90: =SUM(G84:G88) -> #REF! | I90: =SUM(I84:I88) -> #REF!
C92: II. PENGELUARAN
D93: 1 | E93: Beban Sumber Air | G93: ='RINCIAN B. LANGSUNG USAHA'!E32 -> 0 | I93: =G93 -> 0
D94: 2 | E94: Beban Pengolahan Air | G94: ='RINCIAN B. LANGSUNG USAHA'!E67-'RINCIAN B. LANGSUNG USAHA'!E53 -> 0 | I94: =G94 -> 0
D95: 3 | E95: Beban Transmisi & Distribusi | G95: ='RINCIAN B. LANGSUNG USAHA'!E98-'RINCIAN B. LANGSUNG USAHA'!E92-'RINCIAN B. LANGSUNG USAHA'!E95+1200000 -> 1200000 | I95: =G95 -> 1200000 | L95: 1200000
D96: 4 | E96: Beban Umum & Administrasi | G96: ='RINCIAN B. TDK LANGSUNG'!E77 -> 0 | I96: =G96 -> 0
D97: 5 | E97: Beban Lain-lain
D98: 6 | E98: Pembayaran Aset Lancar Lain - lain
D99: 7 | E99: Pembayaran Liabilitas Lancar Lain - lain
D101: JUMLAH PENGELUARAN | G101: =SUM(G93:G100) -> 1200000 | I101: =SUM(I93:I100) -> 1200000
C103: ARUS KAS BERSIH DARI AKTIVITAS OPERASI | G103: =G90-G101 -> #REF! | I103: =I90-I101 -> #REF!
B105: B. | C105: ARUS KAS DARI AKTIVITAS INVESTASI
D106: Penambahan Aset Tetap | G106: =#REF! -> #REF! | I106: =G106 -> #REF!
C107: ARUS KAS BERSIH DIGUNAKAN AKTIVITAS INVESTASI | G107: =SUM(G106) -> #REF! | I107: =SUM(I106) -> #REF!
B109: C. | C109: ARUS KAS DARI AKTIVITAS PENDANAAN
D110: Penambahan PMP
D111: Pembayaran Deviden kepada KPM
D112: Pembayaran Jasa Produksi dan Tantiem
D113: Penambahan Cadangan Dana/Koreksi Tahu Lalu
C114: ARUS KAS BERSIH UNTUK AKTIVITAS PENDANAAN | G114: =SUM(G110:G113) -> 0 | I114: =SUM(I110:I113) -> 0
B116: D. | C116: KENAIKAN/BERKURANG BERSIH KAS DAN SETARA KAS | G116: =G103-G107+G114 -> #REF! | I116: =I103-I107+I114 -> #REF!
B118: E. | C118: SALDO KAS SETARA KAS AWAL TAHUN | G118: 1.3122519e+09 | I118: 1.3122519e+09
B120: F. | C120: SALDO KAS SETARA KAS AWAL TAHUN | G120: =G116+G118 -> #REF! | I120: =I116+I118 -> #REF!
G122: =#REF! -> #REF! | L122: =G120-G122 -> #REF!
A123: Diketahui / Disetujui Oleh, | F123: Dibuat Oleh,
A124: Pjs. Direktur | F124: Kabag. Adm. & Keuangan
A127: RADIUN, SE | F127: TRI MURTIANI, S.E
A144: 3. | C144: LAPORAN ARUS KAS
B147: PERUMDAM TIRTA SERUYAN
B148: LAPORAN PERPUTARAN UANG
B149: UNTUK TAHUN YANG BERAKHIR 28 FEBRUARI 2025 DAN TAHUN 2024
B151: URAIAN | G151: BULAN INI | I151: JUMLAH S/D BULAN INI
G152: Rp. | I152: Rp.
B153: A. ARUS KAS OPERASI | C153: ARUS KAS OPERASI
C154: I. PENERIMAAN
D155: 1 | E155: Penerimaan dari Pendapatan Air | I155: =G155+I84 -> #REF!
D156: 2 | E156: Penerimaan dari Pendapatan Non Air | I156: =G156+I85 -> #REF!
D157: 3 | E157: Penerimaan dari Pendapatan Lain-lain | I157: =G157+I86 -> #REF!
D158: 4 | E158: Penerimaan dari Aset Lancar Lain-lain | I158: =G158+I87 -> 0
D159: 5 | E159: Penambahan Liabilitas Lancar | I159: =G159+I88 -> 0
I160: =G160+I89 -> 0
D161: JUMLAH PENERIMAAN | G161: =SUM(G155:G159) -> 0 | I161: =SUM(I155:I159) -> #REF!
C163: II. PENGELUARAN
D164: 1 | E164: Beban Sumber Air | I164: =G164+I93 -> 0
D165: 2 | E165: Beban Pengolahan Air | I165: =G165+I94 -> 0
D166: 3 | E166: Beban Transmisi & Distribusi | I166: =G166+I95 -> 1200000
...

Sheet LAP ARUS KAS (2)
A1: 3. | C1: LAPORAN ARUS KAS
B4: PERUMDAM TIRTA SERUYAN
B5: LAPORAN ARUS KAS
B6: UNTUK TAHUN YANG BERAKHIR 31 JANUARI 2025 DAN TAHUN 2024
B8: URAIAN | G8: TAHUN | I8: TAHUN
G9: 2025 | I9: 2024
B10: A. ARUS KAS OPERASI | C10: ARUS KAS OPERASI
C11: I. PENERIMAAN
D12: 1 | E12: Penerimaan dari Pendapatan Air | G12: =I875 -> #REF! | I12: 6000650100 | L12: =I12-6000670100 -> -20000
D13: 2 | E13: Penerimaan dari Pendapatan Non Air | G13: =I876 -> #REF! | I13: 386252632 | L13: =I13-386232632 -> 20000
D14: 3 | E14: Penerimaan dari Pendapatan Lain-lain | G14: =I877 -> #REF! | I14: 2041490791
D15: 4 | E15: Penerimaan dari Aset Lancar Lain-lain | G15: =I878 -> 0
D16: 5 | E16: Penambahan Liabilitas Lancar | G16: =I879 -> 0
D18: JUMLAH PENERIMAAN | G18: =SUM(G12:G16) -> #REF! | I18: =SUM(I12:I16) -> 8428393523
C20: II. PENGELUARAN | L20: =[1]JU!$E$1021 -> 1204164
D21: 1 | E21: Beban Sumber Air | G21: =I884 -> 0 | I21: =1111320581-1204164 -> 1110116417 | L21: (-) hutang pap desember
D22: 2 | E22: Beban Pengolahan Air | G22: =I885 -> 0 | I22: =1595983560-M36 -> 790379760
D23: 3 | E23: Beban Transmisi & Distribusi | G23: =I886 -> 1200000 | I23: =791611737-M34+M35+M37 -> 812620263
D24: 4 | E24: Beban Umum & Administrasi | G24: =I887 -> 0 | I24: =4152198749-26434435-26503037 -> 4099261277 | L24: Beban ADM -B.Imbalan kerja-B.penysihan
D25: 5 | E25: Beban Lain-lain | G25: =I888 -> 0 | I25: 110400 | L25: 8414279225 | M25: (pengeluaran kas 1 th)
D26: 6 | E26: Pembayaran Aset Lancar Lain - lain | G26: =I889 -> 0 | I26: =8414279225-(I21+I22+I23+I24+I25+I34+I27) -> 772062860 | L26: Total pengeluaran kas dlm 1 tahun dikurang (1+2+3+5+6+pengeluaran aset)
D27: 7 | E27: Pembayaran Liabilitas Lancar Lain - lain | G27: =I890 -> 0 | I27: 13680368 | L27: pembayaran utang sesuai neraca 2023
D29: JUMLAH PENGELUARAN | G29: =SUM(G21:G28) -> 1200000 | I29: =SUM(I21:I28) -> 7598231345
C31: ARUS KAS BERSIH DARI AKTIVITAS OPERASI | G31: =G18-G29 -> #REF! | I31: =I18-I29 -> 830162178
B33: B. | C33: ARUS KAS DARI AKTIVITAS INVESTASI | L33: Reklas pembelian bahan karena sdh dipakai assesories & bahan kimia
D34: Penambahan Aset Tetap | G34: =I897 -> #REF! | I34: =782747880+33300000 -> 816047880 | L34: Pemeliharaan trandist | M34: 203476069
C35: ARUS KAS BERSIH DIGUNAKAN AKTIVITAS INVESTASI | G35: =SUM(G34) -> #REF! | I35: =SUM(I34) -> 816047880 | L35: DM | M35: 111540600
L36: Bahan kimia | M36: 805603800
B37: C. | C37: ARUS KAS DARI AKTIVITAS PENDANAAN | L37: Pemasangan SR &Jaringan | M37: 112943995
D38: Penambahan PMP | G38: =I901 -> 0
D39: Pembayaran Deviden kepada KPM | G39: =I902 -> 0 | M39: =SUM(M34:M38) -> 1233564464
D40: Pembayaran Jasa Produksi dan Tantiem | G40: =I903 -> 0
D41: Penambahan Cadangan Dana/Koreksi Tahu Lalu | G41: =I904 -> 0
C42: ARUS KAS BERSIH UNTUK AKTIVITAS PENDANAAN | G42: =SUM(G38:G41) -> 0 | I42: =SUM(I38:I41) -> 0
B44: D. | C44: KENAIKAN/BERKURANG BERSIH KAS DAN SETARA KAS | G44: =G31-G35+G42 -> #REF! | I44: =I31-I35+I42 -> 14114298
B46: E. | C46: SALDO KAS SETARA KAS AWAL TAHUN | G46: 1.3122519e+09 | I46: 1.2981376e+09
B48: F. | C48: SALDO KAS SETARA KAS AWAL TAHUN | G48: =G44+G46 -> #REF! | I48: =I44+I46 -> 1.3122519e+09
G50: =#REF! -> #REF!
A51: Diketahui / Disetujui Oleh, | F51: Dibuat Oleh,
A52: Pjs. Direktur | F52: Kabag. Adm. & Keuangan
A55: RADIUN, SE | F55: TRI MURTIANI, S.E
A73: 3. | C73: LAPORAN ARUS KAS
B76: PERUMDAM TIRTA SERUYAN
B77: LAPORAN PERPUTARAN UANG
B78: UNTUK TAHUN YANG BERAKHIR 31 JANUARI 2025
B80: URAIAN | G80: BULAN INI | I80: JUMLAH S/D BULAN INI
G81: Rp. | I81: Rp.
B82: A. ARUS KAS OPERASI | C82: ARUS KAS OPERASI
C83: I. PENERIMAAN
D84: 1 | E84: Penerimaan dari Pendapatan Air | G84: =#REF! -> #REF! | I84: =G84 -> #REF!
D85: 2 | E85: Penerimaan dari Pendapatan Non Air | G85: =#REF! -> #REF! | I85: =G85 -> #REF!
D86: 3 | E86: Penerimaan dari Pendapatan Lain-lain | G86: =#REF! -> #REF! | I86: =G86 -> #REF!
D87: 4 | E87: Penerimaan dari Aset Lancar Lain-lain
D88: 5 | E88: Penambahan Liabilitas Lancar
D90: JUMLAH PENERIMAAN | G90: =SUM(G84:G88) -> #REF! | I90: =SUM(I84:I88) -> #REF!
C92: II. PENGELUARAN
D93: 1 | E93: Beban Sumber Air | G93: ='RINCIAN B. LANGSUNG USAHA'!E32 -> 0 | I93: =G93 -> 0
D94: 2 | E94: Beban Pengolahan Air | G94: ='RINCIAN B. LANGSUNG USAHA'!E67-'RINCIAN B. LANGSUNG USAHA'!E53 -> 0 | I94: =G94 -> 0
D95: 3 | E95: Beban Transmisi & Distribusi | G95: ='RINCIAN B. LANGSUNG USAHA'!E98-'RINCIAN B. LANGSUNG USAHA'!E92-'RINCIAN B. LANGSUNG USAHA'!E95+1200000 -> 1200000 | I95: =G95 -> 1200000 | L95: 1200000
D96: 4 | E96: Beban Umum & Administrasi | G96: ='RINCIAN B. TDK LANGSUNG'!E77 -> 0 | I96: =G96 -> 0
D97: 5 | E97: Beban Lain-lain
D98: 6 | E98: Pembayaran Aset Lancar Lain - lain
D99: 7 | E99: Pembayaran Liabilitas Lancar Lain - lain
D101: JUMLAH PENGELUARAN | G101: =SUM(G93:G100) -> 1200000 | I101: =SUM(I93:I100) -> 1200000
C103: ARUS KAS BERSIH DARI AKTIVITAS OPERASI | G103: =G90-G101 -> #REF! | I103: =I90-I101 -> #REF!
B105: B. | C105: ARUS KAS DARI AKTIVITAS INVESTASI
D106: Penambahan Aset Tetap | G106: =#REF! -> #REF! | I106: =G106 -> #REF!
C107: ARUS KAS BERSIH DIGUNAKAN AKTIVITAS INVESTASI | G107: =SUM(G106) -> #REF! | I107: =SUM(I106) -> #REF!
B109: C. | C109: ARUS KAS DARI AKTIVITAS PENDANAAN
D110: Penambahan PMP
D111: Pembayaran Deviden kepada KPM
D112: Pembayaran Jasa Produksi dan Tantiem
D113: Penambahan Cadangan Dana/Koreksi Tahu Lalu
C114: ARUS KAS BERSIH UNTUK AKTIVITAS PENDANAAN | G114: =SUM(G110:G113) -> 0 | I114: =SUM(I110:I113) -> 0
B116: D. | C116: KENAIKAN/BERKURANG BERSIH KAS DAN SETARA KAS | G116: =G103-G107+G114 -> #REF! | I116: =I103-I107+I114 -> #REF!
B118: E. | C118: SALDO KAS SETARA KAS AWAL TAHUN | G118: 1.3122519e+09 | I118: 1.3122519e+09
B120: F. | C120: SALDO KAS SETARA KAS AWAL TAHUN | G120: =G116+G118 -> #REF! | I120: =I116+I118 -> #REF!
G122: =#REF! -> #REF! | L122: =G120-G122 -> #REF!
A123: Diketahui / Disetujui Oleh, | F123: Dibuat Oleh,
A124: Pjs. Direktur | F124: Kabag. Adm. & Keuangan
A127: RADIUN, SE | F127: TRI MURTIANI, S.E
A144: 3. | C144: LAPORAN ARUS KAS
B147: PERUMDAM TIRTA SERUYAN
B148: LAPORAN PERPUTARAN UANG
B149: UNTUK TAHUN YANG BERAKHIR 28 FEBRUARI 2025 DAN TAHUN 2024
B151: URAIAN | G151: BULAN INI | I151: JUMLAH S/D BULAN INI
G152: Rp. | I152: Rp.
B153: A. ARUS KAS OPERASI | C153: ARUS KAS OPERASI
C154: I. PENERIMAAN
D155: 1 | E155: Penerimaan dari Pendapatan Air | I155: =G155+I84 -> #REF!
D156: 2 | E156: Penerimaan dari Pendapatan Non Air | I156: =G156+I85 -> #REF!
D157: 3 | E157: Penerimaan dari Pendapatan Lain-lain | I157: =G157+I86 -> #REF!
D158: 4 | E158: Penerimaan dari Aset Lancar Lain-lain | I158: =G158+I87 -> 0
D159: 5 | E159: Penambahan Liabilitas Lancar | I159: =G159+I88 -> 0
I160: =G160+I89 -> 0
D161: JUMLAH PENERIMAAN | G161: =SUM(G155:G159) -> 0 | I161: =SUM(I155:I159) -> #REF!
C163: II. PENGELUARAN
D164: 1 | E164: Beban Sumber Air | I164: =G164+I93 -> 0
D165: 2 | E165: Beban Pengolahan Air | I165: =G165+I94 -> 0
D166: 3 | E166: Beban Transmisi & Distribusi | I166: =G166+I95 -> 1200000
...

Sheet NERACA KOMPARATIF
A1: PERUSAHAAN DAERAH AIR MINUM (PDAM)
A2: KABUPATEN SERUYAN
A3: NERACA KOMPORATIF TAHUN 2012
A5: AKTIVA
A6: URAIAN | E6: TAHUN 2012
A8: AKTIVA LANCAR | G8: =F9+F15+F18+F19+F22 -> 1.1431059e+09
B9: KAS DAN BANK | F9: =E10+E11 -> 7.960439e+08
C10: Kas | E10: 589885
C11: Bank | E11: =[3]Kas!$G$33-E10 -> 7.9545401e+08
B12: INVESTASI JANGKA PENDEK | F12: =0 -> 0
C13: Deposito | E13: =0 -> 0
C14: Surat Berharga | E14: =0 -> 0
B15: PIUTANG USAHA | F15: =E16 -> 108725960
C16: Piutang Rek Air | E16: =[3]Piutang!$F$32 -> 108725960
C17: Piutang Rekening Non Air | E17: =0 -> 0
B18: PENYISIHAN PIUTANG USAHA | F18: =-[3]Piutang!$F$50 -> -29241802
B19: PIUTANG NON USAHA | F19: =E20+E21 -> 17713535
C20: Piutang Non Air | E20: =[3]Piutang!$D$60 -> 87535
C21: Pinjaman Pegawai | E21: =[3]Piutang!$F$97 -> 17626000
B22: PERSEDIAAN | F22: =E23+E24+E25 -> 2.4986429e+08
C23: Persediaan Bahan Kimia | E23: =[3]Persediaan!$F$21+[3]Persediaan!$F$39+[3]Persediaan!$F$57 -> 125608580
C24: Persediaan BBM | E24: =[3]Persediaan!$F$98 -> 2097500
C25: Persediaan Instalasi SR | E25: =[3]Persediaan!$F$80 -> 1.2215821e+08
B26: PEMBAYARAN DIMUKA | F26: =0 -> 0
C27: Biaya di bayar dimuka | E27: =0 -> 0
B28: INVESTASI JANGKA PANJANG
C29: Deposito Berjangka Lebih dari 1 tahun | E29: =0 -> 0
C30: Penyertaan | E30: =0 -> 0
C31: Penanaman dalam aktiva tak berwujud | E31: =0 -> 0
C32: Investasi Jangka Panjang Lainnya | E32: =0 -> 0
A33: AKTIVA TETAP | G33: =F34+F44 -> 4.120016e+09
B34: AKTIVA TETAP PRODUKTIF | F34: =SUM(E35:E43) -> 6.5291748e+09
C35: Tanah dan Penyempurnaan Tanah | E35: ='[3]Aktiva Tetap'!$D$9 -> 232450000
C36: Instalasi Sumber Iar | E36: ='[3]Aktiva Tetap'!$F$20 -> 510559191
C37: Instalasi Pompa | E37: ='[3]Aktiva Tetap'!$F$30 -> 117602561
C38: Instalasi Pengolahan Air | E38: ='[3]Aktiva Tetap'!$F$39 -> 2528466809
C39: Instalasi Tranmisi & distribusi | E39: ='[3]Aktiva Tetap'!$F$59 -> 2.333422e+09
C40: Bangunan/Gedung | E40: ='[3]Aktiva Tetap'!$F$76 -> 409862308
C41: Peralatan & Perlengkapan | E41: ='[3]Aktiva Tetap'!$D$90 -> 10182000
C42: Kendaraan/Alat Pengangkutan | E42: ='[3]Aktiva Tetap'!$F$100 -> 284050000
C43: Inventaris Perabot Kantor | E43: ='[3]Aktiva Tetap'!$F$115 -> 102580000
C44: AKUMULASI PENYUSUTAN | F44: =SUM(E45:E52) -> -2.4091588e+09
D45: Akumulasi Penyusutan Inst. Sumber Air | E45: =-'[3]Akum. Ak. Tetap'!$F$10 -> -108966265
D46: Akumulasi Penyusutan Inst. Pompa | E46: =-'[3]Akum. Ak. Tetap'!$F$19 -> -56154756
D47: Akumulasi Penyusutan Ins. Pengolahan Air | E47: =-'[3]Akum. Ak. Tetap'!$F$28 -> -886392270
D48: Akumulasi Penyusutan Inst. Trandist | E48: =-'[3]Akum. Ak. Tetap'!$F$36 -> -917685149
D49: Akumulasi Penyusutan Bangunan/Gedung | E49: =-'[4]Aktiva Tetap'!$E$84 -> -85012500
D50: Akum. Peny. Peralatan & Perlengkapan | E50: =-'[4]Aktiva Tetap'!$E$85 -> -7177933
D51: Akum. Peny. Kendaraan/Alat Pengangkutan | E51: =-'[4]Aktiva Tetap'!$E$86 -> -275450000
D52: Akumulasi Penyusutan Inv. / Perabot Kantor | E52: =-'[4]Aktiva Tetap'!$E$87 -> -72319935
A53: AKTIVA TETAP LEASING | F53: =0 -> 0
A54: AKTIVA LAIN-LAIN | F54: =0 -> 0
B55: AKTIVA LAIN-LAIN BERWUJUD | F55: =0 -> 0
C56: Aktiva Tetap Dalam Penyelesaian | E56: =0 -> 0
C57: Bahan Instalasi | E57: =0 -> 0
C58: Uang Jaminan | E58: =0 -> 0
C59: Pengeluaran Sementara | E59: =0 -> 0
C60: Aktiva Tetap Yg Tidak Berfungsi | E60: =0 -> 0
C61: Dana Pemby. Utang Jangka Panjang | E61: =0 -> 0
C62: Sambungan Baru Yang akan diterima | E62: =0 -> 0
C63: Pemby. Dimuka pembagian laba kpd Pemda | E63: =0 -> 0
A64: AKTIVA TAK BERWUJUD | F64: =0 -> 0
B65: Aktiva Tetap dalam penyelesaian | E65: =0 -> 0
B66: Bahan Instalasi | E66: =0 -> 0
B67: Uang Jaminan | E67: =0 -> 0
B68: Pengeluaran Sementara | E68: =0 -> 0
B69: Aktiva Tetap yang Tidak Berfungsi | E69: =0 -> 0
B70: Dana Pemby. Hutang Jangka Panjang | E70: =0 -> 0
B71: Sambungan baru yg akan diterima | E71: =0 -> 0
B72: Pemby. Dimuka pembagian laba kpd Pemda | E72: =0 -> 0
A73: AKTIVA TAK BERWUJUD | F73: =0 -> 0
B74: BEBAN DITANGGUHKAN | E74: =0 -> 0
B75: AKUM. AMORTISASI BEBAN DITANGGUHKAN | E75: =0 -> 0
B76: TRADE MARK | E76: =0 -> 0
B77: AKUM. AMORTISASI TRADE MARK | E77: =0 -> 0
B78: GOODWILL | E78: =0 -> 0
B79: AKUM. AMORTISASI GOODWILL | E79: =0 -> 0
A80: TOTAL AKTIVA | G80: =SUM(G8:G79) -> 5.2631219e+09
A88: KEWAJIBAN & MODAL
A89: URAIAN | E89: TAHUN 2011
A90: KEWAJIBAN
A91: KEWAJIBAN JANGKA PENDEK | G91: =SUM(F92:F103) -> 27212605
B92: UTANG USAHA | F92: =[3]Kewajiban!$F$10 -> 16672500
B93: UTANG NON USAHA
B94: BIAYA YG MASIH HARUS DIBAYAR
B95: PENDAPATAN DITERIMA DIMUKA
B96: PINJAMAN JANGKA PENDEK
C97: Pinjaman/Kredit Bank Jangka Pendek
C98: Pinjaman Jangka Pendek Lainnya
B99: UTANG PAJAK | F99: =[3]Kewajiban!$F$32 -> 10540105
A100: KEWAJIBAN JANGKA PANJANG JATUH TEMPO
A101: UTANG BUNGA
A102: UTANG IURAN PENSIUN
A103: KEWAJIBAN JANGKA PENDEK LAINNYA
A104: KEWAJIBAN JANGKA PANJANG | G104: =0 -> 0
B105: KEWAJIBAN JANGKA PANJANG
C106: PINJAMAN DALAM NEGERI
D107: Pinjaman Pemerintah Pusat
D108: Bunga Pinjaman yg belum jatuh tempo
D109: Pinjaman dengan Pembiayaan Pendahuluan
...

Sheet RL KOMPARATIF
A2: PERUSAHAAN DAERAH AIR MINUM (PDAM) KABUPATEN SERUYAN
A3: LAPORAN LABA RUGI KOMPARATIF
A4: TAHUN 2012
A6: URAIAN | D6: 41274
A7: PENDAPATAN
B8: Pendapatan Penjualan Air | E8: =D9 -> #REF!
C9: Penjualan Rekening Air | D9: =#REF! -> #REF!
B10: Pendapatan Non Air | E10: =SUM(D11:D17) -> #REF!
C11: Pendapatan Sambungan Baru | D11: =#REF! -> #REF!
C12: Pendapatan Denda | D12: =#REF! -> #REF!
C13: Pendapatan Administrasi | D13: =#REF! -> #REF!
C14: Pendapatan Penyambungan Kembali | D14: =#REF! -> #REF!
C15: Pendapatan Balik Nama | D15: =#REF! -> #REF!
C16: Pendapatan Mobil Tangki | D16: =#REF! -> #REF!
C17: Pendapatan Subsidi | D17: =#REF! -> #REF!
B19: Pendapatan Lain-lain | E19: =SUM(D20:D21) -> #REF!
C20: Pendapatan Jasa Giro | D20: =#REF! -> #REF!
C21: Pendapatan Lainnya | D21: =#REF! -> #REF!
C23: Jumlah Pendapatan Usaha | F23: =E8+E10+E19 -> #REF!
A25: BIAYA USAHA
B26: Beban Pegawai | E26: =SUM(D27:D28) -> #REF!
C27: Gaji dan Tunjangan | D27: =#REF! -> #REF!
C28: Beban Pegawai Linnya | D28: =#REF!+#REF!+#REF!+#REF!+#REF!+#REF!+#REF!+#REF!+#REF!+#REF!+#REF!+#REF!+#REF!+#REF!+#REF!+#REF!+#REF! -> #REF!
B29: Beban Kantor | E29: =#REF! -> #REF!
B30: Beban BBM | E30: =#REF! -> #REF!
B31: Beban Listrik | E31: =D32+D33 -> #REF!
C32: Beban Listrik Kantor | D32: =#REF! -> #REF!
C33: Beban Listrik Ins Pengolahan Air | D33: =#REF! -> #REF!
B34: Beban Operasi Pengolahan Air | E34: =SUM(D35:D37) -> #REF!
C35: Tawas | D35: =#REF! -> #REF!
C36: Soda Ash | D36: =#REF! -> #REF!
C37: Kaporit | D37: =#REF! -> #REF!
B38: Beban Pemakaian Bahan Pembantu | E38: =SUM(D39:D40) -> #REF!
C39: Oli | D39: =#REF! -> #REF!
C40: Perlengkapan Komputer | D40: =#REF! -> #REF!
B41: Beban ATK & Barang Cetakan | E41: =#REF! -> #REF!
B42: Beban Pemeliharaan | E42: =SUM(D44:D46) -> #REF!
C43: Biaya Pemeliharaan Sumber Air | D43: =#REF! -> #REF!
C44: Biaya Pemeliharaan Pengolahan | D44: =#REF! -> #REF!
C45: Biaya Pemeliharaan Tran & Dist | D45: =#REF! -> #REF!
C46: Biaya Pemeliharaan Hublang | D46: =#REF! -> #REF!
B47: Beban Promosi | E47: =#REF! -> #REF!
B48: Beban Penyisihan/Penyusutan | E48: =SUM(D49:D54) -> #REF!
C49: Beban Penyusutan Sumber Air | D49: =#REF! -> #REF!
C50: Beban Penyusutan Pompa | D50: =#REF! -> #REF!
C51: Beban Penyusutan Ins. Pengolahan Air | D51: =#REF! -> #REF!
C52: Beban Penyusutan Tanmisi & Distribusi | D52: =#REF! -> #REF!
C53: Beban Penyusutan Non Pabrik Air | D53: =#REF! -> #REF!
C54: Beban Penyisihan Piutang Usaha | D54: =#REF! -> #REF!
B55: Beban Bank | E55: =#REF! -> #REF!
B56: Beban Operasional Lainnya | E56: =#REF! -> #REF!
C58: Jumlah Beban Usaha | F58: =SUM(E26:E56) -> #REF!
A60: Laba/Rugi Usaha Sebelum Kerugian Luar Biasa | F60: =F23-F58 -> #REF!
A61: Kerugian / Keuntungan Luar Biasa | F61: 0
A62: Laba/Rugi Sebelum Pajak Penghasilan | F62: =F60-F61 -> #REF!
A63: Pajak Penghasilan | F63: 0
A64: LABA/RUGI BERSIH | F64: =F62-F63 -> #REF!

Sheet RINCIAN B. LANGSUNG USAHA
A1: PEMERINTAH KABUPATEN SERUYAN
A2: PERUSAHAAN DAERAH AIR MINUM (PDAM) | Q2: P-11
A4: RINCIAN BIAYA LANGSUNG USAHA | U4: 12276 | V4: 18537 | W4: 43457
A5: TAHUN ANGGARAN 2025 | X5: =W37+W44+W50+W51+W52+W73+W77+W83+W84+W85+W29-W28+W63 -> 0
A7: PDAM KABUPATEN SERUYAN
A8: NO | B8: URAIAN | E8: BULAN | Q8: JUMLAH | R8: MAPPING BEBAN SAK - ETAP
A9: PERK. | E9: 1 | F9: 2 | G9: 3 | H9: 4 | I9: 5 | J9: 6 | K9: 7 | L9: 8 | M9: 9 | N9: 10 | O9: 11 | P9: 12 | Q9: 2025 | T9: 1 | U9: 2 | V9: 3 | W9: 4 | X9: 5 | Y9: 6 | Z9: 7 | AA9: 8 | AB9: 9 | AC9: 10 | AD9: 11 | AE9: 12
A10: 1 | B10: 2 | E10: 3 | F10: 4 | G10: 5 | H10: 6 | I10: 7 | J10: 8 | K10: 9 | L10: 10 | M10: 11 | N10: 12 | O10: 13 | P10: 14 | Q10: 15 | R10: 16
A11: 91.00.00 | B11: BEBAN SUMBER AIR | Q11: =SUM(F11:P11) -> 0 | T11: =E11 -> 0 | U11: =SUM(E11:F11) -> 0 | V11: =SUM(E11:G11) -> 0 | W11: =SUM(E11:H11) -> 0 | X11: =SUM(E11:I11) -> 0 | Y11: =SUM(E11:J11) -> 0 | Z11: =SUM(E11:K11) -> 0 | AA11: =SUM(E11:L11) -> 0 | AB11: =SUM(E11:M11) -> 0 | AC11: =SUM(E11:N11) -> 0 | AD11: =SUM(E11:O11) -> 0 | AE11: =SUM(E11:P11) -> 0
A12: 91.01.00 | B12: BEBAN OPERASIONAL SUMBER AIR | Q12: =SUM(F12:P12) -> 0 | T12: =E12 -> 0 | U12: =SUM(E12:F12) -> 0 | V12: =SUM(E12:G12) -> 0 | W12: =SUM(E12:H12) -> 0 | X12: =SUM(E12:I12) -> 0 | Y12: =SUM(E12:J12) -> 0 | Z12: =SUM(E12:K12) -> 0 | AA12: =SUM(E12:L12) -> 0 | AB12: =SUM(E12:M12) -> 0 | AC12: =SUM(E12:N12) -> 0 | AD12: =SUM(E12:O12) -> 0 | AE12: =SUM(E12:P12) -> 0
A13: 91.01.10 | B13: Beban Pegawai | Q13: =SUM(E13:P13) -> 0 | R13: B. PEGAWAI | T13: =E13 -> 0 | U13: =SUM(E13:F13) -> 0 | V13: =SUM(E13:G13) -> 0 | W13: =SUM(E13:H13) -> 0 | X13: =SUM(E13:I13) -> 0 | Y13: =SUM(E13:J13) -> 0 | Z13: =SUM(E13:K13) -> 0 | AA13: =SUM(E13:L13) -> 0 | AB13: =SUM(E13:M13) -> 0 | AC13: =SUM(E13:N13) -> 0 | AD13: =SUM(E13:O13) -> 0 | AE13: =SUM(E13:P13) -> 0
A14: 91.01.20 | B14: Beban Kesejahteraan Karyawan Sumber Air | Q14: =SUM(E14:P14) -> 0 | T14: =E14 -> 0 | U14: =SUM(E14:F14) -> 0 | V14: =SUM(E14:G14) -> 0 | W14: =SUM(E14:H14) -> 0 | X14: =SUM(E14:I14) -> 0 | Y14: =SUM(E14:J14) -> 0 | Z14: =SUM(E14:K14) -> 0 | AA14: =SUM(E14:L14) -> 0 | AB14: =SUM(E14:M14) -> 0 | AC14: =SUM(E14:N14) -> 0 | AD14: =SUM(E14:O14) -> 0 | AE14: =SUM(E14:P14) -> 0
A15: 91.01.30 | B15: Beban Pakaian Dinas & Olahraga | Q15: =SUM(E15:P15) -> 0 | T15: =E15 -> 0 | U15: =SUM(E15:F15) -> 0 | V15: =SUM(E15:G15) -> 0 | W15: =SUM(E15:H15) -> 0 | X15: =SUM(E15:I15) -> 0 | Y15: =SUM(E15:J15) -> 0 | Z15: =SUM(E15:K15) -> 0 | AA15: =SUM(E15:L15) -> 0 | AB15: =SUM(E15:M15) -> 0 | AC15: =SUM(E15:N15) -> 0 | AD15: =SUM(E15:O15) -> 0 | AE15: =SUM(E15:P15) -> 0
A16: 91.01.40 | B16: Beban Pendidikan & Latihan | Q16: =SUM(E16:P16) -> 0 | T16: =E16 -> 0 | U16: =SUM(E16:F16) -> 0 | V16: =SUM(E16:G16) -> 0 | W16: =SUM(E16:H16) -> 0 | X16: =SUM(E16:I16) -> 0 | Y16: =SUM(E16:J16) -> 0 | Z16: =SUM(E16:K16) -> 0 | AA16: =SUM(E16:L16) -> 0 | AB16: =SUM(E16:M16) -> 0 | AC16: =SUM(E16:N16) -> 0 | AD16: =SUM(E16:O16) -> 0 | AE16: =SUM(E16:P16) -> 0
A17: 91.01.50 | B17: Beban Pembinaan Pegawai Sumber | Q17: =SUM(E17:P17) -> 0 | T17: =E17 -> 0 | U17: =SUM(E17:F17) -> 0 | V17: =SUM(E17:G17) -> 0 | W17: =SUM(E17:H17) -> 0 | X17: =SUM(E17:I17) -> 0 | Y17: =SUM(E17:J17) -> 0 | Z17: =SUM(E17:K17) -> 0 | AA17: =SUM(E17:L17) -> 0 | AB17: =SUM(E17:M17) -> 0 | AC17: =SUM(E17:N17) -> 0 | AD17: =SUM(E17:O17) -> 0 | AE17: =SUM(E17:P17) -> 0
A18: 91.02.10 | B18: Pemakaian Bahan bakar (SOLAR) | Q18: =SUM(E18:P18) -> 0 | R18: B. PEMAKAIAN BAHAN BAKAR | T18: =E18 -> 0 | U18: =SUM(E18:F18) -> 0 | V18: =SUM(E18:G18) -> 0 | W18: =SUM(E18:H18) -> 0 | X18: =SUM(E18:I18) -> 0 | Y18: =SUM(E18:J18) -> 0 | Z18: =SUM(E18:K18) -> 0 | AA18: =SUM(E18:L18) -> 0 | AB18: =SUM(E18:M18) -> 0 | AC18: =SUM(E18:N18) -> 0 | AD18: =SUM(E18:O18) -> 0 | AE18: =SUM(E18:P18) -> 0
A19: 91.02.20 | B19: Beban Listrik PLN | Q19: =SUM(E19:P19) -> 0 | R19: B. LISTRIK | T19: =E19 -> 0 | U19: =SUM(E19:F19) -> 0 | V19: =SUM(E19:G19) -> 0 | W19: =SUM(E19:H19) -> 0 | X19: =SUM(E19:I19) -> 0 | Y19: =SUM(E19:J19) -> 0 | Z19: =SUM(E19:K19) -> 0 | AA19: =SUM(E19:L19) -> 0 | AB19: =SUM(E19:M19) -> 0 | AC19: =SUM(E19:N19) -> 0 | AD19: =SUM(E19:O19) -> 0 | AE19: =SUM(E19:P19) -> 0
A20: 91.02.30 | B20: Pemakaian Bahan Pembantu (oli) | E20: 0 | Q20: =SUM(E20:P20) -> 0 | R20: B. PEMAKAIAN BAHAN PEMBANTU | T20: =E20 -> 0 | U20: =SUM(E20:F20) -> 0 | V20: =SUM(E20:G20) -> 0 | W20: =SUM(E20:H20) -> 0 | X20: =SUM(E20:I20) -> 0 | Y20: =SUM(E20:J20) -> 0 | Z20: =SUM(E20:K20) -> 0 | AA20: =SUM(E20:L20) -> 0 | AB20: =SUM(E20:M20) -> 0 | AC20: =SUM(E20:N20) -> 0 | AD20: =SUM(E20:O20) -> 0 | AE20: =SUM(E20:P20) -> 0
A21: 91.02.40 | B21: Rupa-Rupa Beban Operasi | Q21: =SUM(E21:P21) -> 0 | R21: B. OPERASI LAINNYA | T21: =E21 -> 0 | U21: =SUM(E21:F21) -> 0 | V21: =SUM(E21:G21) -> 0 | W21: =SUM(E21:H21) -> 0 | X21: =SUM(E21:I21) -> 0 | Y21: =SUM(E21:J21) -> 0 | Z21: =SUM(E21:K21) -> 0 | AA21: =SUM(E21:L21) -> 0 | AB21: =SUM(E21:M21) -> 0 | AC21: =SUM(E21:N21) -> 0 | AD21: =SUM(E21:O21) -> 0 | AE21: =SUM(E21:P21) -> 0
B22: B. Operasi Sumber Air | E22: =SUM(E13:E21) -> 0 | F22: =SUM(F13:F21) -> 0 | G22: =SUM(G13:G21) -> 0 | H22: =SUM(H13:H21) -> 0 | I22: =SUM(I13:I21) -> 0 | J22: =SUM(J13:J21) -> 0 | K22: =SUM(K13:K21) -> 0 | L22: =SUM(L13:L21) -> 0 | ... P22: =SUM(P13:P21) -> 0 | Q22: =SUM(E22:P22) -> 0 | T22: =E22 -> 0 | U22: =SUM(E22:F22) -> 0 | V22: =SUM(E22:G22) -> 0 | W22: =SUM(E22:H22) -> 0 | X22: =SUM(E22:I22) -> 0 | Y22: =SUM(E22:J22) -> 0 | Z22: =SUM(E22:K22) -> 0 | AA22: =SUM(E22:L22) -> 0 | AB22: =SUM(E22:M22) -> 0 | AC22: =SUM(E22:N22) -> 0 | AD22: =SUM(E22:O22) -> 0 | AE22: =SUM(E22:P22) -> 0
A23: 91.03.00 | B23: BEBAN PEMELIHARAAN SUMBER AIR | T23: =E23 -> 0 | U23: =SUM(E23:F23) -> 0 | V23: =SUM(E23:G23) -> 0 | W23: =SUM(E23:H23) -> 0 | X23: =SUM(E23:I23) -> 0 | Y23: =SUM(E23:J23) -> 0 | Z23: =SUM(E23:K23) -> 0 | AA23: =SUM(E23:L23) -> 0 | AB23: =SUM(E23:M23) -> 0 | AC23: =SUM(E23:N23) -> 0 | AD23: =SUM(E23:O23) -> 0 | AE23: =SUM(E23:P23) -> 0
A24: 91.03.10 | B24: Pemeliharaan bangunan dan penyempurnaan tanah | Q24: =SUM(E24:P24) -> 0 | T24: =E24 -> 0 | U24: =SUM(E24:F24) -> 0 | V24: =SUM(E24:G24) -> 0 | W24: =SUM(E24:H24) -> 0 | X24: =SUM(E24:I24) -> 0 | Y24: =SUM(E24:J24) -> 0 | Z24: =SUM(E24:K24) -> 0 | AA24: =SUM(E24:L24) -> 0 | AB24: =SUM(E24:M24) -> 0 | AC24: =SUM(E24:N24) -> 0 | AD24: =SUM(E24:O24) -> 0 | AE24: =SUM(E24:P24) -> 0
A25: 91.03.40 | B25: Pemeliharaan Mata air dan Saluran | Q25: =SUM(E25:P25) -> 0 | T25: =E25 -> 0 | U25: =SUM(E25:F25) -> 0 | V25: =SUM(E25:G25) -> 0 | W25: =SUM(E25:H25) -> 0 | X25: =SUM(E25:I25) -> 0 | Y25: =SUM(E25:J25) -> 0 | Z25: =SUM(E25:K25) -> 0 | AA25: =SUM(E25:L25) -> 0 | AB25: =SUM(E25:M25) -> 0 | AC25: =SUM(E25:N25) -> 0 | AD25: =SUM(E25:O25) -> 0 | AE25: =SUM(E25:P25) -> 0
A26: 91.03.60 | B26: Pemeliharaan Pipa Induk | Q26: =SUM(E26:P26) -> 0 | T26: =E26 -> 0 | U26: =SUM(E26:F26) -> 0 | V26: =SUM(E26:G26) -> 0 | W26: =SUM(E26:H26) -> 0 | X26: =SUM(E26:I26) -> 0 | Y26: =SUM(E26:J26) -> 0 | Z26: =SUM(E26:K26) -> 0 | AA26: =SUM(E26:L26) -> 0 | AB26: =SUM(E26:M26) -> 0 | AC26: =SUM(E26:N26) -> 0 | AD26: =SUM(E26:O26) -> 0 | AE26: =SUM(E26:P26) -> 0
A27: 91.03.70 | B27: Pemeliharaan Alat Pembangkit Tenaga | Q27: =SUM(E27:P27) -> 0 | T27: =E27 -> 0 | U27: =SUM(E27:F27) -> 0 | V27: =SUM(E27:G27) -> 0 | W27: =SUM(E27:H27) -> 0 | X27: =SUM(E27:I27) -> 0 | Y27: =SUM(E27:J27) -> 0 | Z27: =SUM(E27:K27) -> 0 | AA27: =SUM(E27:L27) -> 0 | AB27: =SUM(E27:M27) -> 0 | AC27: =SUM(E27:N27) -> 0 | AD27: =SUM(E27:O27) -> 0 | AE27: =SUM(E27:P27) -> 0
A28: 91.03.80 | B28: Pemeliharaan Alat Perpompaan | Q28: =SUM(E28:P28) -> 0 | T28: =E28 -> 0 | U28: =SUM(E28:F28) -> 0 | V28: =SUM(E28:G28) -> 0 | W28: =SUM(E28:H28) -> 0 | X28: =SUM(E28:I28) -> 0 | Y28: =SUM(E28:J28) -> 0 | Z28: =SUM(E28:K28) -> 0 | AA28: =SUM(E28:L28) -> 0 | AB28: =SUM(E28:M28) -> 0 | AC28: =SUM(E28:N28) -> 0 | AD28: =SUM(E28:O28) -> 0 | AE28: =SUM(E28:P28) -> 0
A29: 91.03.90 | B29: Pemeliharaan Instalasi Sumber Air Lainnya | Q29: =SUM(E29:P29) -> 0 | T29: =E29 -> 0 | U29: =SUM(E29:F29) -> 0 | V29: =SUM(E29:G29) -> 0 | W29: =SUM(E29:H29) -> 0 | X29: =SUM(E29:I29) -> 0 | Y29: =SUM(E29:J29) -> 0 | Z29: =SUM(E29:K29) -> 0 | AA29: =SUM(E29:L29) -> 0 | AB29: =SUM(E29:M29) -> 0 | AC29: =SUM(E29:N29) -> 0 | AD29: =SUM(E29:O29) -> 0 | AE29: =SUM(E29:P29) -> 0
B30: Jumlah Beban Pemeliharaan Sumber Air | E30: =SUM(E24:E29) -> 0 | F30: =SUM(F24:F29) -> 0 | G30: =SUM(G24:G29) -> 0 | H30: =SUM(H24:H29) -> 0 | I30: =SUM(I24:I29) -> 0 | J30: =SUM(J24:J29) -> 0 | K30: =SUM(K24:K29) -> 0 | L30: =SUM(L24:L29) -> 0 | ... P30: =SUM(P24:P29) -> 0 | Q30: =SUM(E30:P30) -> 0 | R30: B. PEMELIHARAAN | T30: =E30 -> 0 | U30: =SUM(E30:F30) -> 0 | V30: =SUM(E30:G30) -> 0 | W30: =SUM(E30:H30) -> 0 | X30: =SUM(E30:I30) -> 0 | Y30: =SUM(E30:J30) -> 0 | Z30: =SUM(E30:K30) -> 0 | AA30: =SUM(E30:L30) -> 0 | AB30: =SUM(E30:M30) -> 0 | AC30: =SUM(E30:N30) -> 0 | AD30: =SUM(E30:O30) -> 0 | AE30: =SUM(E30:P30) -> 0
A31: 91.04.00 | B31: BEBAN AIR BAKU (PAJAK AIR PERMUKAAN) | Q31: =SUM(E31:P31) -> 0 | R31: B. AIR BAKU | T31: =E31 -> 0 | U31: =SUM(E31:F31) -> 0 | V31: =SUM(E31:G31) -> 0 | W31: =SUM(E31:H31) -> 0 | X31: =SUM(E31:I31) -> 0 | Y31: =SUM(E31:J31) -> 0 | Z31: =SUM(E31:K31) -> 0 | AA31: =SUM(E31:L31) -> 0 | AB31: =SUM(E31:M31) -> 0 | AC31: =SUM(E31:N31) -> 0 | AD31: =SUM(E31:O31) -> 0 | AE31: =SUM(E31:P31) -> 0
B32: JUMLAH SEBELUM PENYUSUTAN | E32: =E30+E22+E31 -> 0 | F32: =F30+F22+F31 -> 0 | G32: =G30+G22+G31 -> 0 | H32: =H30+H22+H31 -> 0 | I32: =I30+I22+I31 -> 0 | J32: =J30+J22+J31 -> 0 | K32: =K30+K22+K31 -> 0 | L32: =L30+L22+L31 -> 0 | ... P32: =P30+P22+P31 -> 0 | Q32: =SUM(E32:P32) -> 0 | T32: =E32 -> 0 | U32: =SUM(E32:F32) -> 0 | V32: =SUM(E32:G32) -> 0 | W32: =SUM(E32:H32) -> 0 | X32: =SUM(E32:I32) -> 0 | Y32: =SUM(E32:J32) -> 0 | Z32: =SUM(E32:K32) -> 0 | AA32: =SUM(E32:L32) -> 0 | AB32: =SUM(E32:M32) -> 0 | AC32: =SUM(E32:N32) -> 0 | AD32: =SUM(E32:O32) -> 0 | AE32: =SUM(E32:P32) -> 0
A33: 91.05.00 | B33: BEBAN PENYUSUTAN SUMBER AIR | Q33: =SUM(E33:P33) -> 0 | R33: B. PENYUSUTAN | T33: =E33 -> 0 | U33: =SUM(E33:F33) -> 0 | V33: =SUM(E33:G33) -> 0 | W33: =SUM(E33:H33) -> 0 | X33: =SUM(E33:I33) -> 0 | Y33: =SUM(E33:J33) -> 0 | Z33: =SUM(E33:K33) -> 0 | AA33: =SUM(E33:L33) -> 0 | AB33: =SUM(E33:M33) -> 0 | AC33: =SUM(E33:N33) -> 0 | AD33: =SUM(E33:O33) -> 0 | AE33: =SUM(E33:P33) -> 0
B34: JUMLAH BEBAN SUMBER AIR | J34: =SUM(J32:J33) -> 0 | K34: =SUM(K32:K33) -> 0 | L34: =SUM(L32:L33) -> 0 | M34: =SUM(M32:M33) -> 0 | N34: =SUM(N32:N33) -> 0 | O34: =SUM(O32:O33) -> 0 | P34: =SUM(P32:P33) -> 0 | Q34: =SUM(E34:P34) -> 0 | T34: =E34 -> 0 | U34: =SUM(E34:F34) -> 0 | V34: =SUM(E34:G34) -> 0 | W34: =SUM(E34:H34) -> 0 | X34: =SUM(E34:I34) -> 0 | Y34: =SUM(E34:J34) -> 0 | Z34: =SUM(E34:K34) -> 0 | AA34: =SUM(E34:L34) -> 0 | AB34: =SUM(E34:M34) -> 0 | AC34: =SUM(E34:N34) -> 0 | AD34: =SUM(E34:O34) -> 0 | AE34: =SUM(E34:P34) -> 0
Q35: =SUM(E35:P35) -> 0 | T35: =E35 -> 0 | U35: =SUM(E35:F35) -> 0 | V35: =SUM(E35:G35) -> 0 | W35: =SUM(E35:H35) -> 0 | X35: =SUM(E35:I35) -> 0 | Y35: =SUM(E35:J35) -> 0 | Z35: =SUM(E35:K35) -> 0 | AA35: =SUM(E35:L35) -> 0 | AB35: =SUM(E35:M35) -> 0 | AC35: =SUM(E35:N35) -> 0 | AD35: =SUM(E35:O35) -> 0 | AE35: =SUM(E35:P35) -> 0
A36: 92.00.00 | B36: BEBAN PENGOLAHAN AIR | Q36: =SUM(E36:P36) -> 0 | T36: =E36 -> 0 | U36: =SUM(E36:F36) -> 0 | V36: =SUM(E36:G36) -> 0 | W36: =SUM(E36:H36) -> 0 | X36: =SUM(E36:I36) -> 0 | Y36: =SUM(E36:J36) -> 0 | Z36: =SUM(E36:K36) -> 0 | AA36: =SUM(E36:L36) -> 0 | AB36: =SUM(E36:M36) -> 0 | AC36: =SUM(E36:N36) -> 0 | AD36: =SUM(E36:O36) -> 0 | AE36: =SUM(E36:P36) -> 0
A37: 92.01.10 | B37: Beban Pegawai | E37: =SUM(E39:E43) -> 0 | F37: =SUM(F39:F43) -> 0 | G37: =SUM(G39:G43) -> 0 | H37: =SUM(H39:H43) -> 0 | I37: =SUM(I39:I43) -> 0 | J37: =SUM(J39:J43) -> 0 | K37: =SUM(K39:K43) -> 0 | L37: =SUM(L39:L43) -> 0 | ... P37: =SUM(P39:P43) -> 0 | Q37: =SUM(E37:P37) -> 0 | R37: B. PEGAWAI | T37: =E37 -> 0 | U37: =SUM(E37:F37) -> 0 | V37: =SUM(E37:G37) -> 0 | W37: =SUM(E37:H37) -> 0 | X37: =SUM(E37:I37) -> 0 | Y37: =SUM(E37:J37) -> 0 | Z37: =SUM(E37:K37) -> 0 | AA37: =SUM(E37:L37) -> 0 | AB37: =SUM(E37:M37) -> 0 | AC37: =SUM(E37:N37) -> 0 | AD37: =SUM(E37:O37) -> 0 | AE37: =SUM(E37:P37) -> 0
C38: Gaji & honor Pengolahan Air | Q38: =SUM(E38:P38) -> 0 | T38: =E38 -> 0 | U38: =SUM(E38:F38) -> 0 | V38: =SUM(E38:G38) -> 0 | W38: =SUM(E38:H38) -> 0 | X38: =SUM(E38:I38) -> 0 | Y38: =SUM(E38:J38) -> 0 | Z38: =SUM(E38:K38) -> 0 | AA38: =SUM(E38:L38) -> 0 | AB38: =SUM(E38:M38) -> 0 | AC38: =SUM(E38:N38) -> 0 | AD38: =SUM(E38:O38) -> 0 | AE38: =SUM(E38:P38) -> 0
D39: PUSAT - INDUK | Q39: =SUM(E39:P39) -> 0 | T39: =E39 -> 0 | U39: =SUM(E39:F39) -> 0 | V39: =SUM(E39:G39) -> 0 | W39: =SUM(E39:H39) -> 0 | X39: =SUM(E39:I39) -> 0 | Y39: =SUM(E39:J39) -> 0 | Z39: =SUM(E39:K39) -> 0 | AA39: =SUM(E39:L39) -> 0 | AB39: =SUM(E39:M39) -> 0 | AC39: =SUM(E39:N39) -> 0 | AD39: =SUM(E39:O39) -> 0 | AE39: =SUM(E39:P39) -> 0
D40: IKK KARTIKA BHAKTI | Q40: =SUM(E40:P40) -> 0 | T40: =E40 -> 0 | U40: =SUM(E40:F40) -> 0 | V40: =SUM(E40:G40) -> 0 | W40: =SUM(E40:H40) -> 0 | X40: =SUM(E40:I40) -> 0 | Y40: =SUM(E40:J40) -> 0 | Z40: =SUM(E40:K40) -> 0 | AA40: =SUM(E40:L40) -> 0 | AB40: =SUM(E40:M40) -> 0 | AC40: =SUM(E40:N40) -> 0 | AD40: =SUM(E40:O40) -> 0 | AE40: =SUM(E40:P40) -> 0
D41: IKK PEMBUANG HULU | Q41: =SUM(E41:P41) -> 0 | T41: =E41 -> 0 | U41: =SUM(E41:F41) -> 0 | V41: =SUM(E41:G41) -> 0 | W41: =SUM(E41:H41) -> 0 | X41: =SUM(E41:I41) -> 0 | Y41: =SUM(E41:J41) -> 0 | Z41: =SUM(E41:K41) -> 0 | AA41: =SUM(E41:L41) -> 0 | AB41: =SUM(E41:M41) -> 0 | AC41: =SUM(E41:N41) -> 0 | AD41: =SUM(E41:O41) -> 0 | AE41: =SUM(E41:P41) -> 0
C42: Lembur | Q42: =SUM(E42:P42) -> 0 | R42: B. PEGAWAI | T42: =E42 -> 0 | U42: =SUM(E42:F42) -> 0 | V42: =SUM(E42:G42) -> 0 | W42: =SUM(E42:H42) -> 0 | X42: =SUM(E42:I42) -> 0 | Y42: =SUM(E42:J42) -> 0 | Z42: =SUM(E42:K42) -> 0 | AA42: =SUM(E42:L42) -> 0 | AB42: =SUM(E42:M42) -> 0 | AC42: =SUM(E42:N42) -> 0 | AD42: =SUM(E42:O42) -> 0 | AE42: =SUM(E42:P42) -> 0
C43: Insentif / THR / Bonus | Q43: =SUM(E43:P43) -> 0 | T43: =E43 -> 0 | U43: =SUM(E43:F43) -> 0 | V43: =SUM(E43:G43) -> 0 | W43: =SUM(E43:H43) -> 0 | X43: =SUM(E43:I43) -> 0 | Y43: =SUM(E43:J43) -> 0 | Z43: =SUM(E43:K43) -> 0 | AA43: =SUM(E43:L43) -> 0 | AB43: =SUM(E43:M43) -> 0 | AC43: =SUM(E43:N43) -> 0 | AD43: =SUM(E43:O43) -> 0 | AE43: =SUM(E43:P43) -> 0
A44: 92.01.20 | B44: Beban Kesejahteraan Karyawan Pengolahan Air | E44: =SUM(E45:E49) -> 0 | F44: =SUM(F45:F49) -> 0 | G44: =SUM(G45:G49) -> 0 | H44: =SUM(H45:H49) -> 0 | I44: =SUM(I45:I49) -> 0 | J44: =SUM(J45:J49) -> 0 | K44: =SUM(K45:K49) -> 0 | L44: =SUM(L45:L49) -> 0 | ... P44: =SUM(P45:P49) -> 0 | Q44: =SUM(E44:P44) -> 0 | T44: =E44 -> 0 | U44: =SUM(E44:F44) -> 0 | V44: =SUM(E44:G44) -> 0 | W44: =SUM(E44:H44) -> 0 | X44: =SUM(E44:I44) -> 0 | Y44: =SUM(E44:J44) -> 0 | Z44: =SUM(E44:K44) -> 0 | AA44: =SUM(E44:L44) -> 0 | AB44: =SUM(E44:M44) -> 0 | AC44: =SUM(E44:N44) -> 0 | AD44: =SUM(E44:O44) -> 0 | AE44: =SUM(E44:P44) -> 0
C45: Iuran Dana Pensiun | Q45: =SUM(E45:P45) -> 0 | T45: =E45 -> 0 | U45: =SUM(E45:F45) -> 0 | V45: =SUM(E45:G45) -> 0 | W45: =SUM(E45:H45) -> 0 | X45: =SUM(E45:I45) -> 0 | Y45: =SUM(E45:J45) -> 0 | Z45: =SUM(E45:K45) -> 0 | AA45: =SUM(E45:L45) -> 0 | AB45: =SUM(E45:M45) -> 0 | AC45: =SUM(E45:N45) -> 0 | AD45: =SUM(E45:O45) -> 0 | AE45: =SUM(E45:P45) -> 0
C46: Beban BPJS Kesehatan | Q46: =SUM(E46:P46) -> 0 | T46: =E46 -> 0 | U46: =SUM(E46:F46) -> 0 | V46: =SUM(E46:G46) -> 0 | W46: =SUM(E46:H46) -> 0 | X46: =SUM(E46:I46) -> 0 | Y46: =SUM(E46:J46) -> 0 | Z46: =SUM(E46:K46) -> 0 | AA46: =SUM(E46:L46) -> 0 | AB46: =SUM(E46:M46) -> 0 | AC46: =SUM(E46:N46) -> 0 | AD46: =SUM(E46:O46) -> 0 | AE46: =SUM(E46:P46) -> 0
C47: Beban BPJS Ketenagakerjaan | Q47: =SUM(E47:P47) -> 0 | T47: =E47 -> 0 | U47: =SUM(E47:F47) -> 0 | V47: =SUM(E47:G47) -> 0 | W47: =SUM(E47:H47) -> 0 | X47: =SUM(E47:I47) -> 0 | Y47: =SUM(E47:J47) -> 0 | Z47: =SUM(E47:K47) -> 0 | AA47: =SUM(E47:L47) -> 0 | AB47: =SUM(E47:M47) -> 0 | AC47: =SUM(E47:N47) -> 0 | AD47: =SUM(E47:O47) -> 0 | AE47: =SUM(E47:P47) -> 0
C48: Uang Makan & Minum | Q48: =SUM(E48:P48) -> 0 | T48: =E48 -> 0 | U48: =SUM(E48:F48) -> 0 | V48: =SUM(E48:G48) -> 0 | W48: =SUM(E48:H48) -> 0 | X48: =SUM(E48:I48) -> 0 | Y48: =SUM(E48:J48) -> 0 | Z48: =SUM(E48:K48) -> 0 | AA48: =SUM(E48:L48) -> 0 | AB48: =SUM(E48:M48) -> 0 | AC48: =SUM(E48:N48) -> 0 | AD48: =SUM(E48:O48) -> 0 | AE48: =SUM(E48:P48) -> 0
C49: Uang Pisah / Purna Tugas | Q49: =SUM(E49:P49) -> 0 | T49: =E49 -> 0 | U49: =SUM(E49:F49) -> 0 | V49: =SUM(E49:G49) -> 0 | W49: =SUM(E49:H49) -> 0 | X49: =SUM(E49:I49) -> 0 | Y49: =SUM(E49:J49) -> 0 | Z49: =SUM(E49:K49) -> 0 | AA49: =SUM(E49:L49) -> 0 | AB49: =SUM(E49:M49) -> 0 | AC49: =SUM(E49:N49) -> 0 | AD49: =SUM(E49:O49) -> 0 | AE49: =SUM(E49:P49) -> 0
A50: 92.01.30 | B50: Beban Pakaian Dinas & Olahraga | Q50: =SUM(E50:P50) -> 0 | T50: =E50 -> 0 | U50: =SUM(E50:F50) -> 0 | V50: =SUM(E50:G50) -> 0 | W50: =SUM(E50:H50) -> 0 | X50: =SUM(E50:I50) -> 0 | Y50: =SUM(E50:J50) -> 0 | Z50: =SUM(E50:K50) -> 0 | AA50: =SUM(E50:L50) -> 0 | AB50: =SUM(E50:M50) -> 0 | AC50: =SUM(E50:N50) -> 0 | AD50: =SUM(E50:O50) -> 0 | AE50: =SUM(E50:P50) -> 0
A51: 92.01.40 | B51: Beban Pendidikan & Latihan | Q51: =SUM(E51:P51) -> 0 | T51: =E51 -> 0 | U51: =SUM(E51:F51) -> 0 | V51: =SUM(E51:G51) -> 0 | W51: =SUM(E51:H51) -> 0 | X51: =SUM(E51:I51) -> 0 | Y51: =SUM(E51:J51) -> 0 | Z51: =SUM(E51:K51) -> 0 | AA51: =SUM(E51:L51) -> 0 | AB51: =SUM(E51:M51) -> 0 | AC51: =SUM(E51:N51) -> 0 | AD51: =SUM(E51:O51) -> 0 | AE51: =SUM(E51:P51) -> 0
A52: 92.01.50 | B52: Beban Pembinaan Pegawai Pengolahan | Q52: =SUM(E52:P52) -> 0 | T52: =E52 -> 0 | U52: =SUM(E52:F52) -> 0 | V52: =SUM(E52:G52) -> 0 | W52: =SUM(E52:H52) -> 0 | X52: =SUM(E52:I52) -> 0 | Y52: =SUM(E52:J52) -> 0 | Z52: =SUM(E52:K52) -> 0 | AA52: =SUM(E52:L52) -> 0 | AB52: =SUM(E52:M52) -> 0 | AC52: =SUM(E52:N52) -> 0 | AD52: =SUM(E52:O52) -> 0 | AE52: =SUM(E52:P52) -> 0
A53: 92.02.10 | B53: Beban Pemakaian Bahan Kimia | E53: =SUM(E54:E57) -> 0 | F53: =SUM(F54:F57) -> 0 | G53: =SUM(G54:G57) -> 0 | H53: =SUM(H54:H57) -> 0 | I53: =SUM(I54:I57) -> 0 | J53: =SUM(J54:J57) -> 0 | K53: =SUM(K54:K57) -> 0 | L53: =SUM(L54:L57) -> 0 | ... P53: =SUM(P54:P57) -> 0 | Q53: =SUM(E53:P53) -> 0 | T53: =E53 -> 0 | U53: =SUM(E53:F53) -> 0 | V53: =SUM(E53:G53) -> 0 | W53: =SUM(E53:H53) -> 0 | X53: =SUM(E53:I53) -> 0 | Y53: =SUM(E53:J53) -> 0 | Z53: =SUM(E53:K53) -> 0 | AA53: =SUM(E53:L53) -> 0 | AB53: =SUM(E53:M53) -> 0 | AC53: =SUM(E53:N53) -> 0 | AD53: =SUM(E53:O53) -> 0 | AE53: =SUM(E53:P53) -> 0
C54: Tawas | Q54: =SUM(E54:P54) -> 0 | T54: =E54 -> 0 | U54: =SUM(E54:F54) -> 0 | V54: =SUM(E54:G54) -> 0 | W54: =SUM(E54:H54) -> 0 | X54: =SUM(E54:I54) -> 0 | Y54: =SUM(E54:J54) -> 0 | Z54: =SUM(E54:K54) -> 0 | AA54: =SUM(E54:L54) -> 0 | AB54: =SUM(E54:M54) -> 0 | AC54: =SUM(E54:N54) -> 0 | AD54: =SUM(E54:O54) -> 0 | AE54: =SUM(E54:P54) -> 0
C55: Soda Ash | Q55: =SUM(E55:P55) -> 0 | T55: =E55 -> 0 | U55: =SUM(E55:F55) -> 0 | V55: =SUM(E55:G55) -> 0 | W55: =SUM(E55:H55) -> 0 | X55: =SUM(E55:I55) -> 0 | Y55: =SUM(E55:J55) -> 0 | Z55: =SUM(E55:K55) -> 0 | AA55: =SUM(E55:L55) -> 0 | AB55: =SUM(E55:M55) -> 0 | AC55: =SUM(E55:N55) -> 0 | AD55: =SUM(E55:O55) -> 0 | AE55: =SUM(E55:P55) -> 0
C56: Kaporit | Q56: =SUM(E56:P56) -> 0 | T56: =E56 -> 0 | U56: =SUM(E56:F56) -> 0 | V56: =SUM(E56:G56) -> 0 | W56: =SUM(E56:H56) -> 0 | X56: =SUM(E56:I56) -> 0 | Y56: =SUM(E56:J56) -> 0 | Z56: =SUM(E56:K56) -> 0 | AA56: =SUM(E56:L56) -> 0 | AB56: =SUM(E56:M56) -> 0 | AC56: =SUM(E56:N56) -> 0 | AD56: =SUM(E56:O56) -> 0 | AE56: =SUM(E56:P56) -> 0
C57: Magnoflog | Q57: =SUM(E57:P57) -> 0 | T57: =E57 -> 0 | U57: =SUM(E57:F57) -> 0 | V57: =SUM(E57:G57) -> 0 | W57: =SUM(E57:H57) -> 0 | X57: =SUM(E57:I57) -> 0 | Y57: =SUM(E57:J57) -> 0 | Z57: =SUM(E57:K57) -> 0 | AA57: =SUM(E57:L57) -> 0 | AB57: =SUM(E57:M57) -> 0 | AC57: =SUM(E57:N57) -> 0 | AD57: =SUM(E57:O57) -> 0 | AE57: =SUM(E57:P57) -> 0
A58: 92.02.20 | B58: Pemakaian Bahan Pembantu | Q58: =SUM(E58:P58) -> 0 | R58: B. PEMAKAIAN BAHAN PEMBANTU | T58: =E58 -> 0 | U58: =SUM(E58:F58) -> 0 | V58: =SUM(E58:G58) -> 0 | W58: =SUM(E58:H58) -> 0 | X58: =SUM(E58:I58) -> 0 | Y58: =SUM(E58:J58) -> 0 | Z58: =SUM(E58:K58) -> 0 | AA58: =SUM(E58:L58) -> 0 | AB58: =SUM(E58:M58) -> 0 | AC58: =SUM(E58:N58) -> 0 | AD58: =SUM(E58:O58) -> 0 | AE58: =SUM(E58:P58) -> 0
A59: 92.02.50 | B59: Rupa-rupa Beban Pengolahan Air | Q59: =SUM(E59:P59) -> 0 | R59: B. OPERASI LAINNYA | T59: =E59 -> 0 | U59: =SUM(E59:F59) -> 0 | V59: =SUM(E59:G59) -> 0 | W59: =SUM(E59:H59) -> 0 | X59: =SUM(E59:I59) -> 0 | Y59: =SUM(E59:J59) -> 0 | Z59: =SUM(E59:K59) -> 0 | AA59: =SUM(E59:L59) -> 0 | AB59: =SUM(E59:M59) -> 0 | AC59: =SUM(E59:N59) -> 0 | AD59: =SUM(E59:O59) -> 0 | AE59: =SUM(E59:P59) -> 0
B60: Jumlah Beban Operasi Pengolahan Air | E60: =E37+E44+E50+E51+E52+E53+E58+E59 -> 0 | F60: =F37+F44+F50+F51+F52+F53+F58+F59 -> 0 | G60: =G37+G44+G50+G51+G52+G53+G58+G59 -> 0 | H60: =H37+H44+H50+H51+H52+H53+H58+H59 -> 0 | I60: =I37+I44+I50+I51+I52+I53+I58+I59 -> 0 | J60: =J37+J44+J50+J51+J52+J53+J58+J59 -> 0 | K60: =K37+K44+K50+K51+K52+K53+K58+K59 -> 0 | L60: =L37+L44+L50+L51+L52+L53+L58+L59 -> 0 | ... P60: =P37+P44+P50+P51+P52+P53+P58+P59 -> 0 | Q60: =SUM(E60:P60) -> 0 | T60: =E60 -> 0 | U60: =SUM(E60:F60) -> 0 | V60: =SUM(E60:G60) -> 0 | W60: =SUM(E60:H60) -> 0 | X60: =SUM(E60:I60) -> 0 | Y60: =SUM(E60:J60) -> 0 | Z60: =SUM(E60:K60) -> 0 | AA60: =SUM(E60:L60) -> 0 | AB60: =SUM(E60:M60) -> 0 | AC60: =SUM(E60:N60) -> 0 | AD60: =SUM(E60:O60) -> 0 | AE60: =SUM(E60:P60) -> 0
A61: 92.03.00 | B61: BEBAN PEMELIHARAAN PENGOLAHAN | T61: =E61 -> 0 | U61: =SUM(E61:F61) -> 0 | V61: =SUM(E61:G61) -> 0 | W61: =SUM(E61:H61) -> 0 | X61: =SUM(E61:I61) -> 0 | Y61: =SUM(E61:J61) -> 0 | Z61: =SUM(E61:K61) -> 0 | AA61: =SUM(E61:L61) -> 0 | AB61: =SUM(E61:M61) -> 0 | AC61: =SUM(E61:N61) -> 0 | AD61: =SUM(E61:O61) -> 0 | AE61: =SUM(E61:P61) -> 0
A62: 92.03.10 | B62: Pemeliharaan Bangunan dan penyemp. Tanah | T62: =E62 -> 0 | U62: =SUM(E62:F62) -> 0 | V62: =SUM(E62:G62) -> 0 | W62: =SUM(E62:H62) -> 0 | X62: =SUM(E62:I62) -> 0 | Y62: =SUM(E62:J62) -> 0 | Z62: =SUM(E62:K62) -> 0 | AA62: =SUM(E62:L62) -> 0 | AB62: =SUM(E62:M62) -> 0 | AC62: =SUM(E62:N62) -> 0 | AD62: =SUM(E62:O62) -> 0 | AE62: =SUM(E62:P62) -> 0
A63: 92.03.20 | B63: Pemeliharaan Instalasi Pengolahan Air | Q63: =SUM(E63:P63) -> 0 | T63: =E63 -> 0 | U63: =SUM(E63:F63) -> 0 | V63: =SUM(E63:G63) -> 0 | W63: =SUM(E63:H63) -> 0 | X63: =SUM(E63:I63) -> 0 | Y63: =SUM(E63:J63) -> 0 | Z63: =SUM(E63:K63) -> 0 | AA63: =SUM(E63:L63) -> 0 | AB63: =SUM(E63:M63) -> 0 | AC63: =SUM(E63:N63) -> 0 | AD63: =SUM(E63:O63) -> 0 | AE63: =SUM(E63:P63) -> 0
A64: 92.03.30 | B64: Pemeliharaan Instalasi Pompa | Q64: =SUM(E64:P64) -> 0 | T64: =E64 -> 0 | U64: =SUM(E64:F64) -> 0 | V64: =SUM(E64:G64) -> 0 | W64: =SUM(E64:H64) -> 0 | X64: =SUM(E64:I64) -> 0 | Y64: =SUM(E64:J64) -> 0 | Z64: =SUM(E64:K64) -> 0 | AA64: =SUM(E64:L64) -> 0 | AB64: =SUM(E64:M64) -> 0 | AC64: =SUM(E64:N64) -> 0 | AD64: =SUM(E64:O64) -> 0 | AE64: =SUM(E64:P64) -> 0
A65: 92.03.90 | B65: Pemeliharaan Instalasi Pengolahan Lainnya | Q65: =SUM(E65:P65) -> 0 | T65: =E65 -> 0 | U65: =SUM(E65:F65) -> 0 | V65: =SUM(E65:G65) -> 0 | W65: =SUM(E65:H65) -> 0 | X65: =SUM(E65:I65) -> 0 | Y65: =SUM(E65:J65) -> 0 | Z65: =SUM(E65:K65) -> 0 | AA65: =SUM(E65:L65) -> 0 | AB65: =SUM(E65:M65) -> 0 | AC65: =SUM(E65:N65) -> 0 | AD65: =SUM(E65:O65) -> 0 | AE65: =SUM(E65:P65) -> 0
B66: Jumlah Beban Pemeliharaan | E66: =SUM(E62:E65) -> 0 | F66: =SUM(F62:F65) -> 0 | G66: =SUM(G62:G65) -> 0 | H66: =SUM(H62:H65) -> 0 | I66: =SUM(I62:I65) -> 0 | J66: =SUM(J62:J65) -> 0 | K66: =SUM(K62:K65) -> 0 | L66: =SUM(L62:L65) -> 0 | ... P66: =SUM(P62:P65) -> 0 | Q66: =SUM(Q63:Q65) -> 0 | R66: B. PEMELIHARAAN | T66: =E66 -> 0 | U66: =SUM(E66:F66) -> 0 | V66: =SUM(E66:G66) -> 0 | W66: =SUM(E66:H66) -> 0 | X66: =SUM(E66:I66) -> 0 | Y66: =SUM(E66:J66) -> 0 | Z66: =SUM(E66:K66) -> 0 | AA66: =SUM(E66:L66) -> 0 | AB66: =SUM(E66:M66) -> 0 | AC66: =SUM(E66:N66) -> 0 | AD66: =SUM(E66:O66) -> 0 | AE66: =SUM(E66:P66) -> 0
B67: JUMLAH SEBELUM PENYUSUTAN | E67: =E66+E60 -> 0 | F67: =F66+F60 -> 0 | G67: =G66+G60 -> 0 | H67: =H66+H60 -> 0 | I67: =I66+I60 -> 0 | J67: =J66+J60 -> 0 | K67: =K66+K60 -> 0 | L67: =L66+L60 -> 0 | ... P67: =P66+P60 -> 0 | Q67: =SUM(E67:P67) -> 0 | T67: =E67 -> 0 | U67: =SUM(E67:F67) -> 0 | V67: =SUM(E67:G67) -> 0 | W67: =SUM(E67:H67) -> 0 | X67: =SUM(E67:I67) -> 0 | Y67: =SUM(E67:J67) -> 0 | Z67: =SUM(E67:K67) -> 0 | AA67: =SUM(E67:L67) -> 0 | AB67: =SUM(E67:M67) -> 0 | AC67: =SUM(E67:N67) -> 0 | AD67: =SUM(E67:O67) -> 0 | AE67: =SUM(E67:P67) -> 0
A68: 92.05.00 | B68: BEBAN PENYUSUTAN PENGOLAHAN | Q68: =SUM(E68:P68) -> 0 | R68: B. PENYUSUTAN | T68: =E68 -> 0 | U68: =SUM(E68:F68) -> 0 | V68: =SUM(E68:G68) -> 0 | W68: =SUM(E68:H68) -> 0 | X68: =SUM(E68:I68) -> 0 | Y68: =SUM(E68:J68) -> 0 | Z68: =SUM(E68:K68) -> 0 | AA68: =SUM(E68:L68) -> 0 | AB68: =SUM(E68:M68) -> 0 | AC68: =SUM(E68:N68) -> 0 | AD68: =SUM(E68:O68) -> 0 | AE68: =SUM(E68:P68) -> 0
B69: JUMLAH BEBAN PENGOLAHAN AIR | E69: =SUM(E67:E68) -> 0 | F69: =SUM(F67:F68) -> 0 | G69: =SUM(G67:G68) -> 0 | H69: =SUM(H67:H68) -> 0 | I69: =SUM(I67:I68) -> 0 | J69: =SUM(J67:J68) -> 0 | K69: =SUM(K67:K68) -> 0 | L69: =SUM(L67:L68) -> 0 | ... P69: =SUM(P67:P68) -> 0 | Q69: =SUM(E69:P69) -> 0 | T69: =E69 -> 0 | U69: =SUM(E69:F69) -> 0 | V69: =SUM(E69:G69) -> 0 | W69: =SUM(E69:H69) -> 0 | X69: =SUM(E69:I69) -> 0 | Y69: =SUM(E69:J69) -> 0 | Z69: =SUM(E69:K69) -> 0 | AA69: =SUM(E69:L69) -> 0 | AB69: =SUM(E69:M69) -> 0 | AC69: =SUM(E69:N69) -> 0 | AD69: =SUM(E69:O69) -> 0 | AE69: =SUM(E69:P69) -> 0
T70: =E70 -> 0 | U70: =SUM(E70:F70) -> 0 | V70: =SUM(E70:G70) -> 0 | W70: =SUM(E70:H70) -> 0 | X70: =SUM(E70:I70) -> 0 | Y70: =SUM(E70:J70) -> 0 | Z70: =SUM(E70:K70) -> 0 | AA70: =SUM(E70:L70) -> 0 | AB70: =SUM(E70:M70) -> 0 | AC70: =SUM(E70:N70) -> 0 | AD70: =SUM(E70:O70) -> 0 | AE70: =SUM(E70:P70) -> 0
A71: 93.00.00 | B71: BEBAN TRANSMISI DAN DISTRIBUSI | T71: =E71 -> 0 | U71: =SUM(E71:F71) -> 0 | V71: =SUM(E71:G71) -> 0 | W71: =SUM(E71:H71) -> 0 | X71: =SUM(E71:I71) -> 0 | Y71: =SUM(E71:J71) -> 0 | Z71: =SUM(E71:K71) -> 0 | AA71: =SUM(E71:L71) -> 0 | AB71: =SUM(E71:M71) -> 0 | AC71: =SUM(E71:N71) -> 0 | AD71: =SUM(E71:O71) -> 0 | AE71: =SUM(E71:P71) -> 0
A72: 93.01.00 | B72: BEBAN OPERASI TRANSMISI DAN DISTRIBUSI | T72: =E72 -> 0 | U72: =SUM(E72:F72) -> 0 | V72: =SUM(E72:G72) -> 0 | W72: =SUM(E72:H72) -> 0 | X72: =SUM(E72:I72) -> 0 | Y72: =SUM(E72:J72) -> 0 | Z72: =SUM(E72:K72) -> 0 | AA72: =SUM(E72:L72) -> 0 | AB72: =SUM(E72:M72) -> 0 | AC72: =SUM(E72:N72) -> 0 | AD72: =SUM(E72:O72) -> 0 | AE72: =SUM(E72:P72) -> 0
A73: 93.01.10 | B73: Beban Pegawai | E73: =SUM(E74:E76) -> 0 | F73: =SUM(F74:F76) -> 0 | G73: =SUM(G74:G76) -> 0 | H73: =SUM(H74:H76) -> 0 | I73: =SUM(I74:I76) -> 0 | J73: =SUM(J74:J76) -> 0 | K73: =SUM(K74:K76) -> 0 | L73: =SUM(L74:L76) -> 0 | ... P73: =SUM(P74:P76) -> 0 | Q73: =SUM(E73:P73) -> 0 | R73: B. PEGAWAI | T73: =E73 -> 0 | U73: =SUM(E73:F73) -> 0 | V73: =SUM(E73:G73) -> 0 | W73: =SUM(E73:H73) -> 0 | X73: =SUM(E73:I73) -> 0 | Y73: =SUM(E73:J73) -> 0 | Z73: =SUM(E73:K73) -> 0 | AA73: =SUM(E73:L73) -> 0 | AB73: =SUM(E73:M73) -> 0 | AC73: =SUM(E73:N73) -> 0 | AD73: =SUM(E73:O73) -> 0 | AE73: =SUM(E73:P73) -> 0
C74: Gaji & honor Trandist | Q74: =SUM(E74:P74) -> 0 | T74: =E74 -> 0 | U74: =SUM(E74:F74) -> 0 | V74: =SUM(E74:G74) -> 0 | W74: =SUM(E74:H74) -> 0 | X74: =SUM(E74:I74) -> 0 | Y74: =SUM(E74:J74) -> 0 | Z74: =SUM(E74:K74) -> 0 | AA74: =SUM(E74:L74) -> 0 | AB74: =SUM(E74:M74) -> 0 | AC74: =SUM(E74:N74) -> 0 | AD74: =SUM(E74:O74) -> 0 | AE74: =SUM(E74:P74) -> 0
C75: Lembur | Q75: =SUM(E75:P75) -> 0 | T75: =E75 -> 0 | U75: =SUM(E75:F75) -> 0 | V75: =SUM(E75:G75) -> 0 | W75: =SUM(E75:H75) -> 0 | X75: =SUM(E75:I75) -> 0 | Y75: =SUM(E75:J75) -> 0 | Z75: =SUM(E75:K75) -> 0 | AA75: =SUM(E75:L75) -> 0 | AB75: =SUM(E75:M75) -> 0 | AC75: =SUM(E75:N75) -> 0 | AD75: =SUM(E75:O75) -> 0 | AE75: =SUM(E75:P75) -> 0
C76: Insentif / THR / Bonus | Q76: =SUM(E76:P76) -> 0 | T76: =E76 -> 0 | U76: =SUM(E76:F76) -> 0 | V76: =SUM(E76:G76) -> 0 | W76: =SUM(E76:H76) -> 0 | X76: =SUM(E76:I76) -> 0 | Y76: =SUM(E76:J76) -> 0 | Z76: =SUM(E76:K76) -> 0 | AA76: =SUM(E76:L76) -> 0 | AB76: =SUM(E76:M76) -> 0 | AC76: =SUM(E76:N76) -> 0 | AD76: =SUM(E76:O76) -> 0 | AE76: =SUM(E76:P76) -> 0
A77: 93.01.20 | B77: Beban Kesejahteraan Karyawan Pengolahan Air | E77: =SUM(E78:E82) -> 0 | F77: =SUM(F78:F82) -> 0 | G77: =SUM(G78:G82) -> 0 | H77: =SUM(H78:H82) -> 0 | I77: =SUM(I78:I82) -> 0 | J77: =SUM(J78:J82) -> 0 | K77: =SUM(K78:K82) -> 0 | L77: =SUM(L78:L82) -> 0 | ... P77: =SUM(P78:P82) -> 0 | Q77: =SUM(E77:P77) -> 0 | T77: =E77 -> 0 | U77: =SUM(E77:F77) -> 0 | V77: =SUM(E77:G77) -> 0 | W77: =SUM(E77:H77) -> 0 | X77: =SUM(E77:I77) -> 0 | Y77: =SUM(E77:J77) -> 0 | Z77: =SUM(E77:K77) -> 0 | AA77: =SUM(E77:L77) -> 0 | AB77: =SUM(E77:M77) -> 0 | AC77: =SUM(E77:N77) -> 0 | AD77: =SUM(E77:O77) -> 0 | AE77: =SUM(E77:P77) -> 0
C78: Iuran Dana Pensiun | Q78: =SUM(E78:P78) -> 0 | T78: =E78 -> 0 | U78: =SUM(E78:F78) -> 0 | V78: =SUM(E78:G78) -> 0 | W78: =SUM(E78:H78) -> 0 | X78: =SUM(E78:I78) -> 0 | Y78: =SUM(E78:J78) -> 0 | Z78: =SUM(E78:K78) -> 0 | AA78: =SUM(E78:L78) -> 0 | AB78: =SUM(E78:M78) -> 0 | AC78: =SUM(E78:N78) -> 0 | AD78: =SUM(E78:O78) -> 0 | AE78: =SUM(E78:P78) -> 0
C79: Beban BPJS Kesehatan | Q79: =SUM(E79:P79) -> 0 | T79: =E79 -> 0 | U79: =SUM(E79:F79) -> 0 | V79: =SUM(E79:G79) -> 0 | W79: =SUM(E79:H79) -> 0 | X79: =SUM(E79:I79) -> 0 | Y79: =SUM(E79:J79) -> 0 | Z79: =SUM(E79:K79) -> 0 | AA79: =SUM(E79:L79) -> 0 | AB79: =SUM(E79:M79) -> 0 | AC79: =SUM(E79:N79) -> 0 | AD79: =SUM(E79:O79) -> 0 | AE79: =SUM(E79:P79) -> 0
C80: Beban BPJS Ketenagakerjaan | Q80: =SUM(E80:P80) -> 0 | T80: =E80 -> 0 | U80: =SUM(E80:F80) -> 0 | V80: =SUM(E80:G80) -> 0 | W80: =SUM(E80:H80) -> 0 | X80: =SUM(E80:I80) -> 0 | Y80: =SUM(E80:J80) -> 0 | Z80: =SUM(E80:K80) -> 0 | AA80: =SUM(E80:L80) -> 0 | AB80: =SUM(E80:M80) -> 0 | AC80: =SUM(E80:N80) -> 0 | AD80: =SUM(E80:O80) -> 0 | AE80: =SUM(E80:P80) -> 0
C81: Uang Makan & Minum | Q81: =SUM(E81:P81) -> 0 | T81: =E81 -> 0 | U81: =SUM(E81:F81) -> 0 | V81: =SUM(E81:G81) -> 0 | W81: =SUM(E81:H81) -> 0 | X81: =SUM(E81:I81) -> 0 | Y81: =SUM(E81:J81) -> 0 | Z81: =SUM(E81:K81) -> 0 | AA81: =SUM(E81:L81) -> 0 | AB81: =SUM(E81:M81) -> 0 | AC81: =SUM(E81:N81) -> 0 | AD81: =SUM(E81:O81) -> 0 | AE81: =SUM(E81:P81) -> 0
C82: Uang Pisah / Purna Tugas | Q82: =SUM(E82:P82) -> 0 | T82: =E82 -> 0 | U82: =SUM(E82:F82) -> 0 | V82: =SUM(E82:G82) -> 0 | W82: =SUM(E82:H82) -> 0 | X82: =SUM(E82:I82) -> 0 | Y82: =SUM(E82:J82) -> 0 | Z82: =SUM(E82:K82) -> 0 | AA82: =SUM(E82:L82) -> 0 | AB82: =SUM(E82:M82) -> 0 | AC82: =SUM(E82:N82) -> 0 | AD82: =SUM(E82:O82) -> 0 | AE82: =SUM(E82:P82) -> 0
A83: 93.01.30 | B83: Beban Pakaian Dinas & Olahraga | Q83: =SUM(E83:P83) -> 0 | T83: =E83 -> 0 | U83: =SUM(E83:F83) -> 0 | V83: =SUM(E83:G83) -> 0 | W83: =SUM(E83:H83) -> 0 | X83: =SUM(E83:I83) -> 0 | Y83: =SUM(E83:J83) -> 0 | Z83: =SUM(E83:K83) -> 0 | AA83: =SUM(E83:L83) -> 0 | AB83: =SUM(E83:M83) -> 0 | AC83: =SUM(E83:N83) -> 0 | AD83: =SUM(E83:O83) -> 0 | AE83: =SUM(E83:P83) -> 0
A84: 93.01.40 | B84: Beban Pendidikan & Latihan | Q84: =SUM(E84:P84) -> 0 | T84: =E84 -> 0 | U84: =SUM(E84:F84) -> 0 | V84: =SUM(E84:G84) -> 0 | W84: =SUM(E84:H84) -> 0 | X84: =SUM(E84:I84) -> 0 | Y84: =SUM(E84:J84) -> 0 | Z84: =SUM(E84:K84) -> 0 | AA84: =SUM(E84:L84) -> 0 | AB84: =SUM(E84:M84) -> 0 | AC84: =SUM(E84:N84) -> 0 | AD84: =SUM(E84:O84) -> 0 | AE84: =SUM(E84:P84) -> 0
A85: 93.01.50 | B85: Beban Pembinaan Pegawai Trandist | Q85: =SUM(E85:P85) -> 0 | T85: =E85 -> 0 | U85: =SUM(E85:F85) -> 0 | V85: =SUM(E85:G85) -> 0 | W85: =SUM(E85:H85) -> 0 | X85: =SUM(E85:I85) -> 0 | Y85: =SUM(E85:J85) -> 0 | Z85: =SUM(E85:K85) -> 0 | AA85: =SUM(E85:L85) -> 0 | AB85: =SUM(E85:M85) -> 0 | AC85: =SUM(E85:N85) -> 0 | AD85: =SUM(E85:O85) -> 0 | AE85: =SUM(E85:P85) -> 0
A86: 93.01.60 | B86: Beban Pemakaian Bahan/Perlengkapan | Q86: =SUM(E86:P86) -> 0 | R86: B. PEMAKAIAN BAHAN PEMBANTU | T86: =E86 -> 0 | U86: =SUM(E86:F86) -> 0 | V86: =SUM(E86:G86) -> 0 | W86: =SUM(E86:H86) -> 0 | X86: =SUM(E86:I86) -> 0 | Y86: =SUM(E86:J86) -> 0 | Z86: =SUM(E86:K86) -> 0 | AA86: =SUM(E86:L86) -> 0 | AB86: =SUM(E86:M86) -> 0 | AC86: =SUM(E86:N86) -> 0 | AD86: =SUM(E86:O86) -> 0 | AE86: =SUM(E86:P86) -> 0
A87: 93.01.70 | B87: Beban Bahan Bakar | Q87: =SUM(E87:P87) -> 0 | R87: B. PEMAKAIAN BAHAN BAKAR | T87: =E87 -> 0 | U87: =SUM(E87:F87) -> 0 | V87: =SUM(E87:G87) -> 0 | W87: =SUM(E87:H87) -> 0 | X87: =SUM(E87:I87) -> 0 | Y87: =SUM(E87:J87) -> 0 | Z87: =SUM(E87:K87) -> 0 | AA87: =SUM(E87:L87) -> 0 | AB87: =SUM(E87:M87) -> 0 | AC87: =SUM(E87:N87) -> 0 | AD87: =SUM(E87:O87) -> 0 | AE87: =SUM(E87:P87) -> 0
A88: 93.01.90 | B88: Rupa-Rupa Beban Operasi | Q88: =SUM(E88:P88) -> 0 | R88: B. OPERASI LAINNYA | T88: =E88 -> 0 | U88: =SUM(E88:F88) -> 0 | V88: =SUM(E88:G88) -> 0 | W88: =SUM(E88:H88) -> 0 | X88: =SUM(E88:I88) -> 0 | Y88: =SUM(E88:J88) -> 0 | Z88: =SUM(E88:K88) -> 0 | AA88: =SUM(E88:L88) -> 0 | AB88: =SUM(E88:M88) -> 0 | AC88: =SUM(E88:N88) -> 0 | AD88: =SUM(E88:O88) -> 0 | AE88: =SUM(E88:P88) -> 0
B89: Jumlah Beban Operasi Trand & Dist | E89: =SUM(E83:E88)+E73+E77 -> 0 | F89: =SUM(F83:F88)+F73+F77 -> 0 | G89: =SUM(G83:G88)+G73+G77 -> 0 | H89: =SUM(H83:H88)+H73+H77 -> 0 | I89: =SUM(I83:I88)+I73+I77 -> 0 | J89: =SUM(J83:J88)+J73+J77 -> 0 | K89: =SUM(K83:K88)+K73+K77 -> 0 | L89: =SUM(L83:L88)+L73+L77 -> 0 | ... P89: =SUM(P83:P88)+P73+P77 -> 0 | Q89: =SUM(E89:P89) -> 0 | T89: =E89 -> 0 | U89: =SUM(E89:F89) -> 0 | V89: =SUM(E89:G89) -> 0 | W89: =SUM(E89:H89) -> 0 | X89: =SUM(E89:I89) -> 0 | Y89: =SUM(E89:J89) -> 0 | Z89: =SUM(E89:K89) -> 0 | AA89: =SUM(E89:L89) -> 0 | AB89: =SUM(E89:M89) -> 0 | AC89: =SUM(E89:N89) -> 0 | AD89: =SUM(E89:O89) -> 0 | AE89: =SUM(E89:P89) -> 0
A90: 93.02.00 | B90: BEBAN PEMELIHARAAN TRAN & DIST | T90: =E90 -> 0 | U90: =SUM(E90:F90) -> 0 | V90: =SUM(E90:G90) -> 0 | W90: =SUM(E90:H90) -> 0 | X90: =SUM(E90:I90) -> 0 | Y90: =SUM(E90:J90) -> 0 | Z90: =SUM(E90:K90) -> 0 | AA90: =SUM(E90:L90) -> 0 | AB90: =SUM(E90:M90) -> 0 | AC90: =SUM(E90:N90) -> 0 | AD90: =SUM(E90:O90) -> 0 | AE90: =SUM(E90:P90) -> 0
A91: 93.02.20 | B91: Pemeliharaan Reservoir dan tangki | Q91: =SUM(E91:P91) -> 0 | T91: =E91 -> 0 | U91: =SUM(E91:F91) -> 0 | V91: =SUM(E91:G91) -> 0 | W91: =SUM(E91:H91) -> 0 | X91: =SUM(E91:I91) -> 0 | Y91: =SUM(E91:J91) -> 0 | Z91: =SUM(E91:K91) -> 0 | AA91: =SUM(E91:L91) -> 0 | AB91: =SUM(E91:M91) -> 0 | AC91: =SUM(E91:N91) -> 0 | AD91: =SUM(E91:O91) -> 0 | AE91: =SUM(E91:P91) -> 0
A92: 93.02.30 | B92: Pemeliharaan Pipa Transmisi & Distribusi | Q92: =SUM(E92:P92) -> 0 | T92: =E92 -> 0 | U92: =SUM(E92:F92) -> 0 | V92: =SUM(E92:G92) -> 0 | W92: =SUM(E92:H92) -> 0 | X92: =SUM(E92:I92) -> 0 | Y92: =SUM(E92:J92) -> 0 | Z92: =SUM(E92:K92) -> 0 | AA92: =SUM(E92:L92) -> 0 | AB92: =SUM(E92:M92) -> 0 | AC92: =SUM(E92:N92) -> 0 | AD92: =SUM(E92:O92) -> 0 | AE92: =SUM(E92:P92) -> 0
A93: 93.02.40 | B93: Pemeliharaan Pipa Dinas | Q93: =SUM(E93:P93) -> 0 | T93: =E93 -> 0 | U93: =SUM(E93:F93) -> 0 | V93: =SUM(E93:G93) -> 0 | W93: =SUM(E93:H93) -> 0 | X93: =SUM(E93:I93) -> 0 | Y93: =SUM(E93:J93) -> 0 | Z93: =SUM(E93:K93) -> 0 | AA93: =SUM(E93:L93) -> 0 | AB93: =SUM(E93:M93) -> 0 | AC93: =SUM(E93:N93) -> 0 | AD93: =SUM(E93:O93) -> 0 | AE93: =SUM(E93:P93) -> 0
A94: 93.02.50 | B94: Pemeliharaan Instalasi Pompa | Q94: =SUM(E94:P94) -> 0 | T94: =E94 -> 0 | U94: =SUM(E94:F94) -> 0 | V94: =SUM(E94:G94) -> 0 | W94: =SUM(E94:H94) -> 0 | X94: =SUM(E94:I94) -> 0 | Y94: =SUM(E94:J94) -> 0 | Z94: =SUM(E94:K94) -> 0 | AA94: =SUM(E94:L94) -> 0 | AB94: =SUM(E94:M94) -> 0 | AC94: =SUM(E94:N94) -> 0 | AD94: =SUM(E94:O94) -> 0 | AE94: =SUM(E94:P94) -> 0
A95: 93.02.60 | B95: Pemeliharaan Water Meter | Q95: =SUM(E95:P95) -> 0 | T95: =E95 -> 0 | U95: =SUM(E95:F95) -> 0 | V95: =SUM(E95:G95) -> 0 | W95: =SUM(E95:H95) -> 0 | X95: =SUM(E95:I95) -> 0 | Y95: =SUM(E95:J95) -> 0 | Z95: =SUM(E95:K95) -> 0 | AA95: =SUM(E95:L95) -> 0 | AB95: =SUM(E95:M95) -> 0 | AC95: =SUM(E95:N95) -> 0 | AD95: =SUM(E95:O95) -> 0 | AE95: =SUM(E95:P95) -> 0
A96: 93.02.90 | B96: Pemeliharaan Trandist Lainnya | Q96: =SUM(E96:P96) -> 0 | T96: =E96 -> 0 | U96: =SUM(E96:F96) -> 0 | V96: =SUM(E96:G96) -> 0 | W96: =SUM(E96:H96) -> 0 | X96: =SUM(E96:I96) -> 0 | Y96: =SUM(E96:J96) -> 0 | Z96: =SUM(E96:K96) -> 0 | AA96: =SUM(E96:L96) -> 0 | AB96: =SUM(E96:M96) -> 0 | AC96: =SUM(E96:N96) -> 0 | AD96: =SUM(E96:O96) -> 0 | AE96: =SUM(E96:P96) -> 0
B97: Jumlah Beban Pemeliharaan | E97: =SUM(E91:E96) -> 0 | F97: =SUM(F91:F96) -> 0 | G97: =SUM(G91:G96) -> 0 | H97: =SUM(H91:H96) -> 0 | I97: =SUM(I91:I96) -> 0 | J97: =SUM(J91:J96) -> 0 | K97: =SUM(K91:K96) -> 0 | L97: =SUM(L91:L96) -> 0 | ... P97: =SUM(P91:P96) -> 0 | Q97: =SUM(E97:P97) -> 0 | R97: B. PEMELIHARAAN | T97: =E97 -> 0 | U97: =SUM(E97:F97) -> 0 | V97: =SUM(E97:G97) -> 0 | W97: =SUM(E97:H97) -> 0 | X97: =SUM(E97:I97) -> 0 | Y97: =SUM(E97:J97) -> 0 | Z97: =SUM(E97:K97) -> 0 | AA97: =SUM(E97:L97) -> 0 | AB97: =SUM(E97:M97) -> 0 | AC97: =SUM(E97:N97) -> 0 | AD97: =SUM(E97:O97) -> 0 | AE97: =SUM(E97:P97) -> 0
B98: JUMLAH SEBELUM PENYUSUTAN | E98: =E97+E89 -> 0 | F98: =F97+F89 -> 0 | G98: =G97+G89 -> 0 | H98: =H97+H89 -> 0 | I98: =I97+I89 -> 0 | J98: =J97+J89 -> 0 | K98: =K97+K89 -> 0 | L98: =L97+L89 -> 0 | ... P98: =P97+P89 -> 0 | Q98: =SUM(E98:P98) -> 0 | T98: =E98 -> 0 | U98: =SUM(E98:F98) -> 0 | V98: =SUM(E98:G98) -> 0 | W98: =SUM(E98:H98) -> 0 | X98: =SUM(E98:I98) -> 0 | Y98: =SUM(E98:J98) -> 0 | Z98: =SUM(E98:K98) -> 0 | AA98: =SUM(E98:L98) -> 0 | AB98: =SUM(E98:M98) -> 0 | AC98: =SUM(E98:N98) -> 0 | AD98: =SUM(E98:O98) -> 0 | AE98: =SUM(E98:P98) -> 0
A99: 93.03.00 | B99: BEBAN PENYUSUTAN TRANS & DIST | Q99: =SUM(E99:P99) -> 0 | R99: B. PENYUSUTAN | T99: =E99 -> 0 | U99: =SUM(E99:F99) -> 0 | V99: =SUM(E99:G99) -> 0 | W99: =SUM(E99:H99) -> 0 | X99: =SUM(E99:I99) -> 0 | Y99: =SUM(E99:J99) -> 0 | Z99: =SUM(E99:K99) -> 0 | AA99: =SUM(E99:L99) -> 0 | AB99: =SUM(E99:M99) -> 0 | AC99: =SUM(E99:N99) -> 0 | AD99: =SUM(E99:O99) -> 0 | AE99: =SUM(E99:P99) -> 0
B100: JUMLAH BIAYA TRAND & DIST | E100: =SUM(E98:E99) -> 0 | F100: =SUM(F98:F99) -> 0 | G100: =SUM(G98:G99) -> 0 | H100: =SUM(H98:H99) -> 0 | I100: =SUM(I98:I99) -> 0 | J100: =SUM(J98:J99) -> 0 | K100: =SUM(K98:K99) -> 0 | L100: =SUM(L98:L99) -> 0 | ... Q100: =SUM(Q98:Q99) -> 0 | T100: =E100 -> 0 | U100: =SUM(E100:F100) -> 0 | V100: =SUM(E100:G100) -> 0 | W100: =SUM(E100:H100) -> 0 | X100: =SUM(E100:I100) -> 0 | Y100: =SUM(E100:J100) -> 0 | Z100: =SUM(E100:K100) -> 0 | AA100: =SUM(E100:L100) -> 0 | AB100: =SUM(E100:M100) -> 0 | AC100: =SUM(E100:N100) -> 0 | AD100: =SUM(E100:O100) -> 0 | AE100: =SUM(E100:P100) -> 0
A101: 96.00.00 | B101: BEBAN HARGA POKOK SAMBUNGAN BARU | Q101: =SUM(E101:P101) -> 0 | T101: =E101 -> 0 | U101: =SUM(E101:F101) -> 0 | V101: =SUM(E101:G101) -> 0 | W101: =SUM(E101:H101) -> 0 | X101: =SUM(E101:I101) -> 0 | Y101: =SUM(E101:J101) -> 0 | Z101: =SUM(E101:K101) -> 0 | AA101: =SUM(E101:L101) -> 0 | AB101: =SUM(E101:M101) -> 0 | AC101: =SUM(E101:N101) -> 0 | AD101: =SUM(E101:O101) -> 0 | AE101: =SUM(E101:P101) -> 0
B102: BIAYA LANGSUNG SEBELUM PENYUSUTAN | E102: =E98+E67+E32+E101 -> 0 | F102: =F98+F67+F32+F101 -> 0 | G102: =G98+G67+G32+G101 -> 0 | H102: =H98+H67+H32+H101 -> 0 | I102: =I98+I67+I32+I101 -> 0 | J102: =J98+J67+J32+J101 -> 0 | K102: =K98+K67+K32+K101 -> 0 | L102: =L98+L67+L32+L101 -> 0 | ... P102: =P98+P67+P32+P101 -> 0 | Q102: =SUM(E102:P102) -> 0 | T102: =E102 -> 0 | U102: =SUM(E102:F102) -> 0 | V102: =SUM(E102:G102) -> 0 | W102: =SUM(E102:H102) -> 0 | X102: =SUM(E102:I102) -> 0 | Y102: =SUM(E102:J102) -> 0 | Z102: =SUM(E102:K102) -> 0 | AA102: =SUM(E102:L102) -> 0 | AB102: =SUM(E102:M102) -> 0 | AC102: =SUM(E102:N102) -> 0 | AD102: =SUM(E102:O102) -> 0 | AE102: =SUM(E102:P102) -> 0
...

Sheet RINCIAN B. TDK LANGSUNG
A1: PEMERINTAH KABUPATEN SERUYAN
A2: PERUSAHAAN DAERAH AIR MINUM (PDAM) | Q2: P-11
A4: RINCIAN BIAYA UMUM DAN ADMINISTRASI
A5: TAHUN ANGGARAN 2026
A7: PDAM KABUPATEN SERUYAN
A8: NO | B8: URAIAN | E8: BULAN | Q8: JUMLAH | R8: MAPPING BEBAN
A9: PERK. | E9: 1 | F9: 2 | G9: 3 | H9: 4 | I9: 5 | J9: 6 | K9: 7 | L9: 8 | M9: 9 | N9: 10 | O9: 11 | P9: 12 | Q9: 2025 | R9: SAK - ETAP
A10: 1 | B10: 2 | E10: 3 | F10: 4 | G10: 5 | H10: 6 | I10: 7 | J10: 8 | K10: 9 | L10: 10 | M10: 11 | N10: 12 | O10: 13 | P10: 14 | Q10: 15 | R10: 16
A11: 97.00.00 | B11: BEBAN UMUM & ADMINISTRASI | T11: 1 | U11: 2 | V11: 3 | W11: 4 | X11: 5 | Y11: 6 | Z11: 7 | AA11: 8 | AB11: 9 | AC11: 10 | AD11: 11 | AE11: 12
A12: 97.01.10 | B12: Beban Pegawai Umum & Adm | E12: =SUM(E13:E16) -> 0 | F12: =SUM(F13:F16) -> 0 | G12: =SUM(G13:G16) -> 0 | H12: =SUM(H13:H16) -> 0 | I12: =SUM(I13:I16) -> 0 | J12: =SUM(J13:J16) -> 0 | K12: =SUM(K13:K16) -> 0 | L12: =SUM(L13:L16) -> 0 | ... P12: =SUM(P13:P16) -> 0 | Q12: =SUM(E12:P12) -> 0 | T12: =E12 -> 0 | U12: =SUM(E12:F12) -> 0 | V12: =SUM(E12:G12) -> 0 | W12: =SUM(E12:H12) -> 0 | X12: =SUM(E12:I12) -> 0 | Y12: =SUM(E12:J12) -> 0 | Z12: =SUM(E12:K12) -> 0 | AA12: =SUM(E12:L12) -> 0 | AB12: =SUM(E12:M12) -> 0 | AC12: =SUM(E12:N12) -> 0 | AD12: =SUM(E12:O12) -> 0 | AE12: =SUM(E12:P12) -> 0
C13: Direktur | Q13: =SUM(E13:P13) -> 0 | T13: =E13 -> 0 | U13: =SUM(E13:F13) -> 0 | V13: =SUM(E13:G13) -> 0 | W13: =SUM(E13:H13) -> 0 | X13: =SUM(E13:I13) -> 0 | Y13: =SUM(E13:J13) -> 0 | Z13: =SUM(E13:K13) -> 0 | AA13: =SUM(E13:L13) -> 0 | AB13: =SUM(E13:M13) -> 0 | AC13: =SUM(E13:N13) -> 0 | AD13: =SUM(E13:O13) -> 0 | AE13: =SUM(E13:P13) -> 0
C14: Pegawai Adm &Umum | Q14: =SUM(E14:P14) -> 0 | T14: =E14 -> 0 | U14: =SUM(E14:F14) -> 0 | V14: =SUM(E14:G14) -> 0 | W14: =SUM(E14:H14) -> 0 | X14: =SUM(E14:I14) -> 0 | Y14: =SUM(E14:J14) -> 0 | Z14: =SUM(E14:K14) -> 0 | AA14: =SUM(E14:L14) -> 0 | AB14: =SUM(E14:M14) -> 0 | AC14: =SUM(E14:N14) -> 0 | AD14: =SUM(E14:O14) -> 0 | AE14: =SUM(E14:P14) -> 0
C15: Lembur | Q15: =SUM(E15:P15) -> 0 | T15: =E15 -> 0 | U15: =SUM(E15:F15) -> 0 | V15: =SUM(E15:G15) -> 0 | W15: =SUM(E15:H15) -> 0 | X15: =SUM(E15:I15) -> 0 | Y15: =SUM(E15:J15) -> 0 | Z15: =SUM(E15:K15) -> 0 | AA15: =SUM(E15:L15) -> 0 | AB15: =SUM(E15:M15) -> 0 | AC15: =SUM(E15:N15) -> 0 | AD15: =SUM(E15:O15) -> 0 | AE15: =SUM(E15:P15) -> 0
C16: Insentife/THR/Dana Kesejahteraan/Bonus | Q16: =SUM(E16:P16) -> 0 | T16: =E16 -> 0 | U16: =SUM(E16:F16) -> 0 | V16: =SUM(E16:G16) -> 0 | W16: =SUM(E16:H16) -> 0 | X16: =SUM(E16:I16) -> 0 | Y16: =SUM(E16:J16) -> 0 | Z16: =SUM(E16:K16) -> 0 | AA16: =SUM(E16:L16) -> 0 | AB16: =SUM(E16:M16) -> 0 | AC16: =SUM(E16:N16) -> 0 | AD16: =SUM(E16:O16) -> 0 | AE16: =SUM(E16:P16) -> 0
A17: 97.01.20 | B17: Beban Kesejahteraan Karyawan Adm Umum | E17: =SUM(E18:E22) -> 0 | F17: =SUM(F18:F22) -> 0 | G17: =SUM(G18:G22) -> 0 | H17: =SUM(H18:H22) -> 0 | I17: =SUM(I18:I22) -> 0 | J17: =SUM(J18:J22) -> 0 | K17: =SUM(K18:K22) -> 0 | L17: =SUM(L18:L22) -> 0 | ... P17: =SUM(P18:P22) -> 0 | Q17: =SUM(E17:P17) -> 0 | T17: =E17 -> 0 | U17: =SUM(E17:F17) -> 0 | V17: =SUM(E17:G17) -> 0 | W17: =SUM(E17:H17) -> 0 | X17: =SUM(E17:I17) -> 0 | Y17: =SUM(E17:J17) -> 0 | Z17: =SUM(E17:K17) -> 0 | AA17: =SUM(E17:L17) -> 0 | AB17: =SUM(E17:M17) -> 0 | AC17: =SUM(E17:N17) -> 0 | AD17: =SUM(E17:O17) -> 0 | AE17: =SUM(E17:P17) -> 0
C18: Iuran Dana Pensiun | Q18: =SUM(E18:P18) -> 0 | T18: =E18 -> 0 | U18: =SUM(E18:F18) -> 0 | V18: =SUM(E18:G18) -> 0 | W18: =SUM(E18:H18) -> 0 | X18: =SUM(E18:I18) -> 0 | Y18: =SUM(E18:J18) -> 0 | Z18: =SUM(E18:K18) -> 0 | AA18: =SUM(E18:L18) -> 0 | AB18: =SUM(E18:M18) -> 0 | AC18: =SUM(E18:N18) -> 0 | AD18: =SUM(E18:O18) -> 0 | AE18: =SUM(E18:P18) -> 0
C19: Beban BPJS Kesehatan | Q19: =SUM(E19:P19) -> 0 | T19: =E19 -> 0 | U19: =SUM(E19:F19) -> 0 | V19: =SUM(E19:G19) -> 0 | W19: =SUM(E19:H19) -> 0 | X19: =SUM(E19:I19) -> 0 | Y19: =SUM(E19:J19) -> 0 | Z19: =SUM(E19:K19) -> 0 | AA19: =SUM(E19:L19) -> 0 | AB19: =SUM(E19:M19) -> 0 | AC19: =SUM(E19:N19) -> 0 | AD19: =SUM(E19:O19) -> 0 | AE19: =SUM(E19:P19) -> 0
C20: Beban BPJS Ketenagakerjaan | Q20: =SUM(E20:P20) -> 0 | T20: =E20 -> 0 | U20: =SUM(E20:F20) -> 0 | V20: =SUM(E20:G20) -> 0 | W20: =SUM(E20:H20) -> 0 | X20: =SUM(E20:I20) -> 0 | Y20: =SUM(E20:J20) -> 0 | Z20: =SUM(E20:K20) -> 0 | AA20: =SUM(E20:L20) -> 0 | AB20: =SUM(E20:M20) -> 0 | AC20: =SUM(E20:N20) -> 0 | AD20: =SUM(E20:O20) -> 0 | AE20: =SUM(E20:P20) -> 0
C21: Uang Makan & Minum | Q21: =SUM(E21:P21) -> 0 | T21: =E21 -> 0 | U21: =SUM(E21:F21) -> 0 | V21: =SUM(E21:G21) -> 0 | W21: =SUM(E21:H21) -> 0 | X21: =SUM(E21:I21) -> 0 | Y21: =SUM(E21:J21) -> 0 | Z21: =SUM(E21:K21) -> 0 | AA21: =SUM(E21:L21) -> 0 | AB21: =SUM(E21:M21) -> 0 | AC21: =SUM(E21:N21) -> 0 | AD21: =SUM(E21:O21) -> 0 | AE21: =SUM(E21:P21) -> 0
C22: Uang Pisah / Purna Tugas | Q22: =SUM(E22:P22) -> 0 | T22: =E22 -> 0 | U22: =SUM(E22:F22) -> 0 | V22: =SUM(E22:G22) -> 0 | W22: =SUM(E22:H22) -> 0 | X22: =SUM(E22:I22) -> 0 | Y22: =SUM(E22:J22) -> 0 | Z22: =SUM(E22:K22) -> 0 | AA22: =SUM(E22:L22) -> 0 | AB22: =SUM(E22:M22) -> 0 | AC22: =SUM(E22:N22) -> 0 | AD22: =SUM(E22:O22) -> 0 | AE22: =SUM(E22:P22) -> 0
A23: 97.01.30 | B23: Beban Pakaian Dinas & Olahraga | Q23: =SUM(E23:P23) -> 0 | T23: =E23 -> 0 | U23: =SUM(E23:F23) -> 0 | V23: =SUM(E23:G23) -> 0 | W23: =SUM(E23:H23) -> 0 | X23: =SUM(E23:I23) -> 0 | Y23: =SUM(E23:J23) -> 0 | Z23: =SUM(E23:K23) -> 0 | AA23: =SUM(E23:L23) -> 0 | AB23: =SUM(E23:M23) -> 0 | AC23: =SUM(E23:N23) -> 0 | AD23: =SUM(E23:O23) -> 0 | AE23: =SUM(E23:P23) -> 0
A24: 97.01.40 | B24: Pendidikan dan latihan | Q24: =SUM(E24:P24) -> 0 | T24: =E24 -> 0 | U24: =SUM(E24:F24) -> 0 | V24: =SUM(E24:G24) -> 0 | W24: =SUM(E24:H24) -> 0 | X24: =SUM(E24:I24) -> 0 | Y24: =SUM(E24:J24) -> 0 | Z24: =SUM(E24:K24) -> 0 | AA24: =SUM(E24:L24) -> 0 | AB24: =SUM(E24:M24) -> 0 | AC24: =SUM(E24:N24) -> 0 | AD24: =SUM(E24:O24) -> 0 | AE24: =SUM(E24:P24) -> 0
A25: 97.01.50 | B25: Beban Pembinaan Pegawai Umum | Q25: =SUM(E25:P25) -> 0 | T25: =E25 -> 0 | U25: =SUM(E25:F25) -> 0 | V25: =SUM(E25:G25) -> 0 | W25: =SUM(E25:H25) -> 0 | X25: =SUM(E25:I25) -> 0 | Y25: =SUM(E25:J25) -> 0 | Z25: =SUM(E25:K25) -> 0 | AA25: =SUM(E25:L25) -> 0 | AB25: =SUM(E25:M25) -> 0 | AC25: =SUM(E25:N25) -> 0 | AD25: =SUM(E25:O25) -> 0 | AE25: =SUM(E25:P25) -> 0
A26: 97.01.60 | B26: Beban Bantuan & sumbangan | Q26: =SUM(E26:P26) -> 0 | T26: =E26 -> 0 | U26: =SUM(E26:F26) -> 0 | V26: =SUM(E26:G26) -> 0 | W26: =SUM(E26:H26) -> 0 | X26: =SUM(E26:I26) -> 0 | Y26: =SUM(E26:J26) -> 0 | Z26: =SUM(E26:K26) -> 0 | AA26: =SUM(E26:L26) -> 0 | AB26: =SUM(E26:M26) -> 0 | AC26: =SUM(E26:N26) -> 0 | AD26: =SUM(E26:O26) -> 0 | AE26: =SUM(E26:P26) -> 0
A27: 97.01.90 | B27: Rupa-Rupa Beban Pegawai | Q27: =SUM(E27:P27) -> 0 | T27: =E27 -> 0 | U27: =SUM(E27:F27) -> 0 | V27: =SUM(E27:G27) -> 0 | W27: =SUM(E27:H27) -> 0 | X27: =SUM(E27:I27) -> 0 | Y27: =SUM(E27:J27) -> 0 | Z27: =SUM(E27:K27) -> 0 | AA27: =SUM(E27:L27) -> 0 | AB27: =SUM(E27:M27) -> 0 | AC27: =SUM(E27:N27) -> 0 | AD27: =SUM(E27:O27) -> 0 | AE27: =SUM(E27:P27) -> 0
B28: Pjak Pegawai | Q28: =SUM(E28:P28) -> 0 | T28: =E28 -> 0 | U28: =SUM(E28:F28) -> 0 | V28: =SUM(E28:G28) -> 0 | W28: =SUM(E28:H28) -> 0 | X28: =SUM(E28:I28) -> 0 | Y28: =SUM(E28:J28) -> 0 | Z28: =SUM(E28:K28) -> 0 | AA28: =SUM(E28:L28) -> 0 | AB28: =SUM(E28:M28) -> 0 | AC28: =SUM(E28:N28) -> 0 | AD28: =SUM(E28:O28) -> 0 | AE28: =SUM(E28:P28) -> 0
B29: Jumlah Beban Pegawai | E29: =SUM(E23:E28)+E17+E12 -> 0 | F29: =SUM(F23:F28)+F17+F12 -> 0 | G29: =SUM(G23:G28)+G17+G12 -> 0 | H29: =SUM(H23:H28)+H17+H12 -> 0 | I29: =SUM(I23:I28)+I17+I12 -> 0 | J29: =SUM(J23:J28)+J17+J12 -> 0 | K29: =SUM(K23:K28)+K17+K12 -> 0 | L29: =SUM(L23:L28)+L17+L12 -> 0 | ... P29: =SUM(P23:P28)+P17+P12 -> 0 | Q29: =SUM(E29:P29) -> 0 | R29: B. PEGAWAI | T29: =E29 -> 0 | U29: =SUM(E29:F29) -> 0 | V29: =SUM(E29:G29) -> 0 | W29: =SUM(E29:H29) -> 0 | X29: =SUM(E29:I29) -> 0 | Y29: =SUM(E29:J29) -> 0 | Z29: =SUM(E29:K29) -> 0 | AA29: =SUM(E29:L29) -> 0 | AB29: =SUM(E29:M29) -> 0 | AC29: =SUM(E29:N29) -> 0 | AD29: =SUM(E29:O29) -> 0 | AE29: =SUM(E29:P29) -> 0
A30: 97.02.00 | B30: BEBAN KANTOR | Q30: =SUM(E30:P30) -> 0 | T30: =E30 -> 0 | U30: =SUM(E30:F30) -> 0 | V30: =SUM(E30:G30) -> 0 | W30: =SUM(E30:H30) -> 0 | X30: =SUM(E30:I30) -> 0 | Y30: =SUM(E30:J30) -> 0 | Z30: =SUM(E30:K30) -> 0 | AA30: =SUM(E30:L30) -> 0 | AB30: =SUM(E30:M30) -> 0 | AC30: =SUM(E30:N30) -> 0 | AD30: =SUM(E30:O30) -> 0 | AE30: =SUM(E30:P30) -> 0
A31: 97.02.10 | B31: Beban Alat Tulis Kantor dan Fotocopy | Q31: =SUM(E31:P31) -> 0 | T31: =E31 -> 0 | U31: =SUM(E31:F31) -> 0 | V31: =SUM(E31:G31) -> 0 | W31: =SUM(E31:H31) -> 0 | X31: =SUM(E31:I31) -> 0 | Y31: =SUM(E31:J31) -> 0 | Z31: =SUM(E31:K31) -> 0 | AA31: =SUM(E31:L31) -> 0 | AB31: =SUM(E31:M31) -> 0 | AC31: =SUM(E31:N31) -> 0 | AD31: =SUM(E31:O31) -> 0 | AE31: =SUM(E31:P31) -> 0
A32: 97.02.20 | B32: Barang-barang Cetakkan | Q32: =SUM(E32:P32) -> 0 | T32: =E32 -> 0 | U32: =SUM(E32:F32) -> 0 | V32: =SUM(E32:G32) -> 0 | W32: =SUM(E32:H32) -> 0 | X32: =SUM(E32:I32) -> 0 | Y32: =SUM(E32:J32) -> 0 | Z32: =SUM(E32:K32) -> 0 | AA32: =SUM(E32:L32) -> 0 | AB32: =SUM(E32:M32) -> 0 | AC32: =SUM(E32:N32) -> 0 | AD32: =SUM(E32:O32) -> 0 | AE32: =SUM(E32:P32) -> 0
A33: 97.02.30 | B33: Perlengkapan Komputer | Q33: =SUM(E33:P33) -> 0 | T33: =E33 -> 0 | U33: =SUM(E33:F33) -> 0 | V33: =SUM(E33:G33) -> 0 | W33: =SUM(E33:H33) -> 0 | X33: =SUM(E33:I33) -> 0 | Y33: =SUM(E33:J33) -> 0 | Z33: =SUM(E33:K33) -> 0 | AA33: =SUM(E33:L33) -> 0 | AB33: =SUM(E33:M33) -> 0 | AC33: =SUM(E33:N33) -> 0 | AD33: =SUM(E33:O33) -> 0 | AE33: =SUM(E33:P33) -> 0
A34: 97.02.40 | B34: Beban Telepon, Telek dan Telegram | Q34: =SUM(E34:P34) -> 0 | T34: =E34 -> 0 | U34: =SUM(E34:F34) -> 0 | V34: =SUM(E34:G34) -> 0 | W34: =SUM(E34:H34) -> 0 | X34: =SUM(E34:I34) -> 0 | Y34: =SUM(E34:J34) -> 0 | Z34: =SUM(E34:K34) -> 0 | AA34: =SUM(E34:L34) -> 0 | AB34: =SUM(E34:M34) -> 0 | AC34: =SUM(E34:N34) -> 0 | AD34: =SUM(E34:O34) -> 0 | AE34: =SUM(E34:P34) -> 0
A35: 97.02.50 | B35: Beban Rapat dan Tamu | Q35: =SUM(E35:P35) -> 0 | T35: =E35 -> 0 | U35: =SUM(E35:F35) -> 0 | V35: =SUM(E35:G35) -> 0 | W35: =SUM(E35:H35) -> 0 | X35: =SUM(E35:I35) -> 0 | Y35: =SUM(E35:J35) -> 0 | Z35: =SUM(E35:K35) -> 0 | AA35: =SUM(E35:L35) -> 0 | AB35: =SUM(E35:M35) -> 0 | AC35: =SUM(E35:N35) -> 0 | AD35: =SUM(E35:O35) -> 0 | AE35: =SUM(E35:P35) -> 0
C36: Dana Representatif Direktur | Q36: =SUM(E36:P36) -> 0 | T36: =E36 -> 0 | U36: =SUM(E36:F36) -> 0 | V36: =SUM(E36:G36) -> 0 | W36: =SUM(E36:H36) -> 0 | X36: =SUM(E36:I36) -> 0 | Y36: =SUM(E36:J36) -> 0 | Z36: =SUM(E36:K36) -> 0 | AA36: =SUM(E36:L36) -> 0 | AB36: =SUM(E36:M36) -> 0 | AC36: =SUM(E36:N36) -> 0 | AD36: =SUM(E36:O36) -> 0 | AE36: =SUM(E36:P36) -> 0
C37: Biaya Rapat dan Tamu | Q37: =SUM(E37:P37) -> 0 | T37: =E37 -> 0 | U37: =SUM(E37:F37) -> 0 | V37: =SUM(E37:G37) -> 0 | W37: =SUM(E37:H37) -> 0 | X37: =SUM(E37:I37) -> 0 | Y37: =SUM(E37:J37) -> 0 | Z37: =SUM(E37:K37) -> 0 | AA37: =SUM(E37:L37) -> 0 | AB37: =SUM(E37:M37) -> 0 | AC37: =SUM(E37:N37) -> 0 | AD37: =SUM(E37:O37) -> 0 | AE37: =SUM(E37:P37) -> 0
A38: 97.02.60 | B38: Benda Pos dan materai | Q38: =SUM(E38:P38) -> 0 | T38: =E38 -> 0 | U38: =SUM(E38:F38) -> 0 | V38: =SUM(E38:G38) -> 0 | W38: =SUM(E38:H38) -> 0 | X38: =SUM(E38:I38) -> 0 | Y38: =SUM(E38:J38) -> 0 | Z38: =SUM(E38:K38) -> 0 | AA38: =SUM(E38:L38) -> 0 | AB38: =SUM(E38:M38) -> 0 | AC38: =SUM(E38:N38) -> 0 | AD38: =SUM(E38:O38) -> 0 | AE38: =SUM(E38:P38) -> 0
A39: 97.02.70 | B39: Beban Listrik/Penerangan | Q39: =SUM(E39:P39) -> 0 | T39: =E39 -> 0 | U39: =SUM(E39:F39) -> 0 | V39: =SUM(E39:G39) -> 0 | W39: =SUM(E39:H39) -> 0 | X39: =SUM(E39:I39) -> 0 | Y39: =SUM(E39:J39) -> 0 | Z39: =SUM(E39:K39) -> 0 | AA39: =SUM(E39:L39) -> 0 | AB39: =SUM(E39:M39) -> 0 | AC39: =SUM(E39:N39) -> 0 | AD39: =SUM(E39:O39) -> 0 | AE39: =SUM(E39:P39) -> 0
A40: 97.02.80 | B40: Beban cleaning Service | Q40: =SUM(E40:P40) -> 0 | T40: =E40 -> 0 | U40: =SUM(E40:F40) -> 0 | V40: =SUM(E40:G40) -> 0 | W40: =SUM(E40:H40) -> 0 | X40: =SUM(E40:I40) -> 0 | Y40: =SUM(E40:J40) -> 0 | Z40: =SUM(E40:K40) -> 0 | AA40: =SUM(E40:L40) -> 0 | AB40: =SUM(E40:M40) -> 0 | AC40: =SUM(E40:N40) -> 0 | AD40: =SUM(E40:O40) -> 0 | AE40: =SUM(E40:P40) -> 0
A41: 97.02.90 | B41: Rupa-rupa Beban Kantor | Q41: =SUM(E41:P41) -> 0 | T41: =E41 -> 0 | U41: =SUM(E41:F41) -> 0 | V41: =SUM(E41:G41) -> 0 | W41: =SUM(E41:H41) -> 0 | X41: =SUM(E41:I41) -> 0 | Y41: =SUM(E41:J41) -> 0 | Z41: =SUM(E41:K41) -> 0 | AA41: =SUM(E41:L41) -> 0 | AB41: =SUM(E41:M41) -> 0 | AC41: =SUM(E41:N41) -> 0 | AD41: =SUM(E41:O41) -> 0 | AE41: =SUM(E41:P41) -> 0
B42: Paket Internet (Wifi) | Q42: =SUM(E42:P42) -> 0 | T42: =E42 -> 0 | U42: =SUM(E42:F42) -> 0 | V42: =SUM(E42:G42) -> 0 | W42: =SUM(E42:H42) -> 0 | X42: =SUM(E42:I42) -> 0 | Y42: =SUM(E42:J42) -> 0 | Z42: =SUM(E42:K42) -> 0 | AA42: =SUM(E42:L42) -> 0 | AB42: =SUM(E42:M42) -> 0 | AC42: =SUM(E42:N42) -> 0 | AD42: =SUM(E42:O42) -> 0 | AE42: =SUM(E42:P42) -> 0
B43: Rupa-rupa beban kantor lainnya | Q43: =SUM(E43:P43) -> 0 | T43: =E43 -> 0 | U43: =SUM(E43:F43) -> 0 | V43: =SUM(E43:G43) -> 0 | W43: =SUM(E43:H43) -> 0 | X43: =SUM(E43:I43) -> 0 | Y43: =SUM(E43:J43) -> 0 | Z43: =SUM(E43:K43) -> 0 | AA43: =SUM(E43:L43) -> 0 | AB43: =SUM(E43:M43) -> 0 | AC43: =SUM(E43:N43) -> 0 | AD43: =SUM(E43:O43) -> 0 | AE43: =SUM(E43:P43) -> 0
B44: Jumlah Beban Kantor | E44: =SUM(E31:E43) -> 0 | F44: =SUM(F31:F43) -> 0 | G44: =SUM(G31:G43) -> 0 | H44: =SUM(H31:H43) -> 0 | I44: =SUM(I31:I43) -> 0 | J44: =SUM(J31:J43) -> 0 | K44: =SUM(K31:K43) -> 0 | L44: =SUM(L31:L43) -> 0 | ... P44: =SUM(P31:P43) -> 0 | Q44: =SUM(E44:P44) -> 0 | R44: B. KANTOR | T44: =E44 -> 0 | U44: =SUM(E44:F44) -> 0 | V44: =SUM(E44:G44) -> 0 | W44: =SUM(E44:H44) -> 0 | X44: =SUM(E44:I44) -> 0 | Y44: =SUM(E44:J44) -> 0 | Z44: =SUM(E44:K44) -> 0 | AA44: =SUM(E44:L44) -> 0 | AB44: =SUM(E44:M44) -> 0 | AC44: =SUM(E44:N44) -> 0 | AD44: =SUM(E44:O44) -> 0 | AE44: =SUM(E44:P44) -> 0
A45: 97.03.00 | B45: BEBAN HUBUNGAN PELANGGAN | Q45: =SUM(E45:P45) -> 0 | T45: =E45 -> 0 | U45: =SUM(E45:F45) -> 0 | V45: =SUM(E45:G45) -> 0 | W45: =SUM(E45:H45) -> 0 | X45: =SUM(E45:I45) -> 0 | Y45: =SUM(E45:J45) -> 0 | Z45: =SUM(E45:K45) -> 0 | AA45: =SUM(E45:L45) -> 0 | AB45: =SUM(E45:M45) -> 0 | AC45: =SUM(E45:N45) -> 0 | AD45: =SUM(E45:O45) -> 0 | AE45: =SUM(E45:P45) -> 0
A46: 97.03.30 | B46: Beban Penagihan Rekening | Q46: =SUM(E46:P46) -> 0 | T46: =E46 -> 0 | U46: =SUM(E46:F46) -> 0 | V46: =SUM(E46:G46) -> 0 | W46: =SUM(E46:H46) -> 0 | X46: =SUM(E46:I46) -> 0 | Y46: =SUM(E46:J46) -> 0 | Z46: =SUM(E46:K46) -> 0 | AA46: =SUM(E46:L46) -> 0 | AB46: =SUM(E46:M46) -> 0 | AC46: =SUM(E46:N46) -> 0 | AD46: =SUM(E46:O46) -> 0 | AE46: =SUM(E46:P46) -> 0
A47: 97.03.70 | B47: Beban Promosi | Q47: =SUM(E47:P47) -> 0 | T47: =E47 -> 0 | U47: =SUM(E47:F47) -> 0 | V47: =SUM(E47:G47) -> 0 | W47: =SUM(E47:H47) -> 0 | X47: =SUM(E47:I47) -> 0 | Y47: =SUM(E47:J47) -> 0 | Z47: =SUM(E47:K47) -> 0 | AA47: =SUM(E47:L47) -> 0 | AB47: =SUM(E47:M47) -> 0 | AC47: =SUM(E47:N47) -> 0 | AD47: =SUM(E47:O47) -> 0 | AE47: =SUM(E47:P47) -> 0
A48: 97.03.80 | B48: Rupa-rupa Beban Langganan | Q48: =SUM(E48:P48) -> 0 | T48: =E48 -> 0 | U48: =SUM(E48:F48) -> 0 | V48: =SUM(E48:G48) -> 0 | W48: =SUM(E48:H48) -> 0 | X48: =SUM(E48:I48) -> 0 | Y48: =SUM(E48:J48) -> 0 | Z48: =SUM(E48:K48) -> 0 | AA48: =SUM(E48:L48) -> 0 | AB48: =SUM(E48:M48) -> 0 | AC48: =SUM(E48:N48) -> 0 | AD48: =SUM(E48:O48) -> 0 | AE48: =SUM(E48:P48) -> 0
B49: Jumlah Beban Hubungan Langganan | E49: =SUM(E46:E48) -> 0 | F49: =SUM(F46:F48) -> 0 | G49: =SUM(G46:G48) -> 0 | H49: =SUM(H46:H48) -> 0 | I49: =SUM(I46:I48) -> 0 | J49: =SUM(J46:J48) -> 0 | K49: =SUM(K46:K48) -> 0 | L49: =SUM(L46:L48) -> 0 | ... P49: =SUM(P46:P48) -> 0 | Q49: =SUM(E49:P49) -> 0 | R49: B. HUBUNGAN LANGGANAN | T49: =E49 -> 0 | U49: =SUM(E49:F49) -> 0 | V49: =SUM(E49:G49) -> 0 | W49: =SUM(E49:H49) -> 0 | X49: =SUM(E49:I49) -> 0 | Y49: =SUM(E49:J49) -> 0 | Z49: =SUM(E49:K49) -> 0 | AA49: =SUM(E49:L49) -> 0 | AB49: =SUM(E49:M49) -> 0 | AC49: =SUM(E49:N49) -> 0 | AD49: =SUM(E49:O49) -> 0 | AE49: =SUM(E49:P49) -> 0
A50: 97.04.00 | B50: BEBAN PENELITIAN DAN PENGEMBANGAN | Q50: =SUM(E50:P50) -> 0 | T50: =E50 -> 0 | U50: =SUM(E50:F50) -> 0 | V50: =SUM(E50:G50) -> 0 | W50: =SUM(E50:H50) -> 0 | X50: =SUM(E50:I50) -> 0 | Y50: =SUM(E50:J50) -> 0 | Z50: =SUM(E50:K50) -> 0 | AA50: =SUM(E50:L50) -> 0 | AB50: =SUM(E50:M50) -> 0 | AC50: =SUM(E50:N50) -> 0 | AD50: =SUM(E50:O50) -> 0 | AE50: =SUM(E50:P50) -> 0
Q51: =SUM(E51:P51) -> 0 | T51: =E51 -> 0 | U51: =SUM(E51:F51) -> 0 | V51: =SUM(E51:G51) -> 0 | W51: =SUM(E51:H51) -> 0 | X51: =SUM(E51:I51) -> 0 | Y51: =SUM(E51:J51) -> 0 | Z51: =SUM(E51:K51) -> 0 | AA51: =SUM(E51:L51) -> 0 | AB51: =SUM(E51:M51) -> 0 | AC51: =SUM(E51:N51) -> 0 | AD51: =SUM(E51:O51) -> 0 | AE51: =SUM(E51:P51) -> 0
B52: Jumlah Beban penelitian dan Pengembangan | E52: =SUM(E51) -> 0 | F52: =SUM(F51) -> 0 | G52: =SUM(G51) -> 0 | H52: =SUM(H51) -> 0 | I52: =SUM(I51) -> 0 | J52: =SUM(J51) -> 0 | K52: =SUM(K51) -> 0 | L52: =SUM(L51) -> 0 | ... P52: =SUM(P51) -> 0 | Q52: =SUM(E52:P52) -> 0 | R52: B. PENELITIAN DAN PENGEMBANGAN | T52: =E52 -> 0 | U52: =SUM(E52:F52) -> 0 | V52: =SUM(E52:G52) -> 0 | W52: =SUM(E52:H52) -> 0 | X52: =SUM(E52:I52) -> 0 | Y52: =SUM(E52:J52) -> 0 | Z52: =SUM(E52:K52) -> 0 | AA52: =SUM(E52:L52) -> 0 | AB52: =SUM(E52:M52) -> 0 | AC52: =SUM(E52:N52) -> 0 | AD52: =SUM(E52:O52) -> 0 | AE52: =SUM(E52:P52) -> 0
A53: 97.06.00 | B53: BEBAN PEMELIHARAAN | Q53: =SUM(E53:P53) -> 0 | T53: =E53 -> 0 | U53: =SUM(E53:F53) -> 0 | V53: =SUM(E53:G53) -> 0 | W53: =SUM(E53:H53) -> 0 | X53: =SUM(E53:I53) -> 0 | Y53: =SUM(E53:J53) -> 0 | Z53: =SUM(E53:K53) -> 0 | AA53: =SUM(E53:L53) -> 0 | AB53: =SUM(E53:M53) -> 0 | AC53: =SUM(E53:N53) -> 0 | AD53: =SUM(E53:O53) -> 0 | AE53: =SUM(E53:P53) -> 0
A54: 97.06.10 | B54: Pemeliharaan Inventaris Kantor | Q54: =SUM(E54:P54) -> 0 | T54: =E54 -> 0 | U54: =SUM(E54:F54) -> 0 | V54: =SUM(E54:G54) -> 0 | W54: =SUM(E54:H54) -> 0 | X54: =SUM(E54:I54) -> 0 | Y54: =SUM(E54:J54) -> 0 | Z54: =SUM(E54:K54) -> 0 | AA54: =SUM(E54:L54) -> 0 | AB54: =SUM(E54:M54) -> 0 | AC54: =SUM(E54:N54) -> 0 | AD54: =SUM(E54:O54) -> 0 | AE54: =SUM(E54:P54) -> 0
A55: 97.06.20 | B55: Pemeliharaan Kendaraan | Q55: =SUM(E55:P55) -> 0 | T55: =E55 -> 0 | U55: =SUM(E55:F55) -> 0 | V55: =SUM(E55:G55) -> 0 | W55: =SUM(E55:H55) -> 0 | X55: =SUM(E55:I55) -> 0 | Y55: =SUM(E55:J55) -> 0 | Z55: =SUM(E55:K55) -> 0 | AA55: =SUM(E55:L55) -> 0 | AB55: =SUM(E55:M55) -> 0 | AC55: =SUM(E55:N55) -> 0 | AD55: =SUM(E55:O55) -> 0 | AE55: =SUM(E55:P55) -> 0
A56: 97.06.30 | B56: Pemeliharaan Bangunan | Q56: =SUM(E56:P56) -> 0 | T56: =E56 -> 0 | U56: =SUM(E56:F56) -> 0 | V56: =SUM(E56:G56) -> 0 | W56: =SUM(E56:H56) -> 0 | X56: =SUM(E56:I56) -> 0 | Y56: =SUM(E56:J56) -> 0 | Z56: =SUM(E56:K56) -> 0 | AA56: =SUM(E56:L56) -> 0 | AB56: =SUM(E56:M56) -> 0 | AC56: =SUM(E56:N56) -> 0 | AD56: =SUM(E56:O56) -> 0 | AE56: =SUM(E56:P56) -> 0
A57: 97.06.40 | B57: Pemeliharaan Instalasi | Q57: =SUM(E57:P57) -> 0 | T57: =E57 -> 0 | U57: =SUM(E57:F57) -> 0 | V57: =SUM(E57:G57) -> 0 | W57: =SUM(E57:H57) -> 0 | X57: =SUM(E57:I57) -> 0 | Y57: =SUM(E57:J57) -> 0 | Z57: =SUM(E57:K57) -> 0 | AA57: =SUM(E57:L57) -> 0 | AB57: =SUM(E57:M57) -> 0 | AC57: =SUM(E57:N57) -> 0 | AD57: =SUM(E57:O57) -> 0 | AE57: =SUM(E57:P57) -> 0
A58: 97.06.50 | B58: Pemeliharaan Taman dan Lapangan | Q58: =SUM(E58:P58) -> 0 | T58: =E58 -> 0 | U58: =SUM(E58:F58) -> 0 | V58: =SUM(E58:G58) -> 0 | W58: =SUM(E58:H58) -> 0 | X58: =SUM(E58:I58) -> 0 | Y58: =SUM(E58:J58) -> 0 | Z58: =SUM(E58:K58) -> 0 | AA58: =SUM(E58:L58) -> 0 | AB58: =SUM(E58:M58) -> 0 | AC58: =SUM(E58:N58) -> 0 | AD58: =SUM(E58:O58) -> 0 | AE58: =SUM(E58:P58) -> 0
B59: Jumlah Beban Pemeliharaan | E59: =SUM(E54:E58) -> 0 | F59: =SUM(F54:F58) -> 0 | G59: =SUM(G54:G58) -> 0 | H59: =SUM(H54:H58) -> 0 | I59: =SUM(I54:I58) -> 0 | J59: =SUM(J54:J58) -> 0 | K59: =SUM(K54:K58) -> 0 | L59: =SUM(L54:L58) -> 0 | ... P59: =SUM(P54:P58) -> 0 | Q59: =SUM(E59:P59) -> 0 | R59: B. PEMELIHARAAN | T59: =E59 -> 0 | U59: =SUM(E59:F59) -> 0 | V59: =SUM(E59:G59) -> 0 | W59: =SUM(E59:H59) -> 0 | X59: =SUM(E59:I59) -> 0 | Y59: =SUM(E59:J59) -> 0 | Z59: =SUM(E59:K59) -> 0 | AA59: =SUM(E59:L59) -> 0 | AB59: =SUM(E59:M59) -> 0 | AC59: =SUM(E59:N59) -> 0 | AD59: =SUM(E59:O59) -> 0 | AE59: =SUM(E59:P59) -> 0
A60: 97.07.00 | B60: RUPA-RUPA BIAYA UMUM | Q60: =SUM(E60:P60) -> 0 | T60: =E60 -> 0 | U60: =SUM(E60:F60) -> 0 | V60: =SUM(E60:G60) -> 0 | W60: =SUM(E60:H60) -> 0 | X60: =SUM(E60:I60) -> 0 | Y60: =SUM(E60:J60) -> 0 | Z60: =SUM(E60:K60) -> 0 | AA60: =SUM(E60:L60) -> 0 | AB60: =SUM(E60:M60) -> 0 | AC60: =SUM(E60:N60) -> 0 | AD60: =SUM(E60:O60) -> 0 | AE60: =SUM(E60:P60) -> 0
A61: 97.07.10 | B61: Beban Iuran/Berlangganan | Q61: =SUM(E61:P61) -> 0 | T61: =E61 -> 0 | U61: =SUM(E61:F61) -> 0 | V61: =SUM(E61:G61) -> 0 | W61: =SUM(E61:H61) -> 0 | X61: =SUM(E61:I61) -> 0 | Y61: =SUM(E61:J61) -> 0 | Z61: =SUM(E61:K61) -> 0 | AA61: =SUM(E61:L61) -> 0 | AB61: =SUM(E61:M61) -> 0 | AC61: =SUM(E61:N61) -> 0 | AD61: =SUM(E61:O61) -> 0 | AE61: =SUM(E61:P61) -> 0
A62: 97.07.20 | B62: Beban Penyisihan / Penghapusan Piutang | Q62: =SUM(E62:P62) -> 0 | T62: =E62 -> 0 | U62: =SUM(E62:F62) -> 0 | V62: =SUM(E62:G62) -> 0 | W62: =SUM(E62:H62) -> 0 | X62: =SUM(E62:I62) -> 0 | Y62: =SUM(E62:J62) -> 0 | Z62: =SUM(E62:K62) -> 0 | AA62: =SUM(E62:L62) -> 0 | AB62: =SUM(E62:M62) -> 0 | AC62: =SUM(E62:N62) -> 0 | AD62: =SUM(E62:O62) -> 0 | AE62: =SUM(E62:P62) -> 0
A63: 97.07.30 | B63: Beban Badan Pengawas | Q63: =SUM(E63:P63) -> 0 | T63: =E63 -> 0 | U63: =SUM(E63:F63) -> 0 | V63: =SUM(E63:G63) -> 0 | W63: =SUM(E63:H63) -> 0 | X63: =SUM(E63:I63) -> 0 | Y63: =SUM(E63:J63) -> 0 | Z63: =SUM(E63:K63) -> 0 | AA63: =SUM(E63:L63) -> 0 | AB63: =SUM(E63:M63) -> 0 | AC63: =SUM(E63:N63) -> 0 | AD63: =SUM(E63:O63) -> 0 | AE63: =SUM(E63:P63) -> 0
A64: 97.07.40 | B64: Beban Perjalanan Dinas | Q64: =SUM(E64:P64) -> 0 | T64: =E64 -> 0 | U64: =SUM(E64:F64) -> 0 | V64: =SUM(E64:G64) -> 0 | W64: =SUM(E64:H64) -> 0 | X64: =SUM(E64:I64) -> 0 | Y64: =SUM(E64:J64) -> 0 | Z64: =SUM(E64:K64) -> 0 | AA64: =SUM(E64:L64) -> 0 | AB64: =SUM(E64:M64) -> 0 | AC64: =SUM(E64:N64) -> 0 | AD64: =SUM(E64:O64) -> 0 | AE64: =SUM(E64:P64) -> 0
A65: 97.07.50 | B65: Beban Jasa Profesional | Q65: =SUM(E65:P65) -> 0 | T65: =E65 -> 0 | U65: =SUM(E65:F65) -> 0 | V65: =SUM(E65:G65) -> 0 | W65: =SUM(E65:H65) -> 0 | X65: =SUM(E65:I65) -> 0 | Y65: =SUM(E65:J65) -> 0 | Z65: =SUM(E65:K65) -> 0 | AA65: =SUM(E65:L65) -> 0 | AB65: =SUM(E65:M65) -> 0 | AC65: =SUM(E65:N65) -> 0 | AD65: =SUM(E65:O65) -> 0 | AE65: =SUM(E65:P65) -> 0
B66: Beban Audit | Q66: =SUM(E66:P66) -> 0 | T66: =E66 -> 0 | U66: =SUM(E66:F66) -> 0 | V66: =SUM(E66:G66) -> 0 | W66: =SUM(E66:H66) -> 0 | X66: =SUM(E66:I66) -> 0 | Y66: =SUM(E66:J66) -> 0 | Z66: =SUM(E66:K66) -> 0 | AA66: =SUM(E66:L66) -> 0 | AB66: =SUM(E66:M66) -> 0 | AC66: =SUM(E66:N66) -> 0 | AD66: =SUM(E66:O66) -> 0 | AE66: =SUM(E66:P66) -> 0
B67: Beban Jasa Manajemen | Q67: =SUM(E67:P67) -> 0 | T67: =E67 -> 0 | U67: =SUM(E67:F67) -> 0 | V67: =SUM(E67:G67) -> 0 | W67: =SUM(E67:H67) -> 0 | X67: =SUM(E67:I67) -> 0 | Y67: =SUM(E67:J67) -> 0 | Z67: =SUM(E67:K67) -> 0 | AA67: =SUM(E67:L67) -> 0 | AB67: =SUM(E67:M67) -> 0 | AC67: =SUM(E67:N67) -> 0 | AD67: =SUM(E67:O67) -> 0 | AE67: =SUM(E67:P67) -> 0
A68: 97.07.60 | B68: Beban Sewa | Q68: =SUM(E68:P68) -> 0 | T68: =E68 -> 0 | U68: =SUM(E68:F68) -> 0 | V68: =SUM(E68:G68) -> 0 | W68: =SUM(E68:H68) -> 0 | X68: =SUM(E68:I68) -> 0 | Y68: =SUM(E68:J68) -> 0 | Z68: =SUM(E68:K68) -> 0 | AA68: =SUM(E68:L68) -> 0 | AB68: =SUM(E68:M68) -> 0 | AC68: =SUM(E68:N68) -> 0 | AD68: =SUM(E68:O68) -> 0 | AE68: =SUM(E68:P68) -> 0
A69: 97.07.70 | B69: Beban Asuransi / Keamanan | Q69: =SUM(E69:P69) -> 0 | T69: =E69 -> 0 | U69: =SUM(E69:F69) -> 0 | V69: =SUM(E69:G69) -> 0 | W69: =SUM(E69:H69) -> 0 | X69: =SUM(E69:I69) -> 0 | Y69: =SUM(E69:J69) -> 0 | Z69: =SUM(E69:K69) -> 0 | AA69: =SUM(E69:L69) -> 0 | AB69: =SUM(E69:M69) -> 0 | AC69: =SUM(E69:N69) -> 0 | AD69: =SUM(E69:O69) -> 0 | AE69: =SUM(E69:P69) -> 0
A70: 97.07.80 | B70: Beban Pajak Pemda/Perijinan | Q70: =SUM(E70:P70) -> 0 | T70: =E70 -> 0 | U70: =SUM(E70:F70) -> 0 | V70: =SUM(E70:G70) -> 0 | W70: =SUM(E70:H70) -> 0 | X70: =SUM(E70:I70) -> 0 | Y70: =SUM(E70:J70) -> 0 | Z70: =SUM(E70:K70) -> 0 | AA70: =SUM(E70:L70) -> 0 | AB70: =SUM(E70:M70) -> 0 | AC70: =SUM(E70:N70) -> 0 | AD70: =SUM(E70:O70) -> 0 | AE70: =SUM(E70:P70) -> 0
B71: Pajak Bumi dan Bangunan | Q71: =SUM(E71:P71) -> 0 | T71: =E71 -> 0 | U71: =SUM(E71:F71) -> 0 | V71: =SUM(E71:G71) -> 0 | W71: =SUM(E71:H71) -> 0 | X71: =SUM(E71:I71) -> 0 | Y71: =SUM(E71:J71) -> 0 | Z71: =SUM(E71:K71) -> 0 | AA71: =SUM(E71:L71) -> 0 | AB71: =SUM(E71:M71) -> 0 | AC71: =SUM(E71:N71) -> 0 | AD71: =SUM(E71:O71) -> 0 | AE71: =SUM(E71:P71) -> 0
A72: 97.07.90 | B72: Rupa-rupa Beban Umum Lainnya | Q72: =SUM(E72:P72) -> 0 | T72: =E72 -> 0 | U72: =SUM(E72:F72) -> 0 | V72: =SUM(E72:G72) -> 0 | W72: =SUM(E72:H72) -> 0 | X72: =SUM(E72:I72) -> 0 | Y72: =SUM(E72:J72) -> 0 | Z72: =SUM(E72:K72) -> 0 | AA72: =SUM(E72:L72) -> 0 | AB72: =SUM(E72:M72) -> 0 | AC72: =SUM(E72:N72) -> 0 | AD72: =SUM(E72:O72) -> 0 | AE72: =SUM(E72:P72) -> 0
B73: Pawai & EXPO Seruyan | Q73: =SUM(E73:P73) -> 0 | T73: =E73 -> 0 | U73: =SUM(E73:F73) -> 0 | V73: =SUM(E73:G73) -> 0 | W73: =SUM(E73:H73) -> 0 | X73: =SUM(E73:I73) -> 0 | Y73: =SUM(E73:J73) -> 0 | Z73: =SUM(E73:K73) -> 0 | AA73: =SUM(E73:L73) -> 0 | AB73: =SUM(E73:M73) -> 0 | AC73: =SUM(E73:N73) -> 0 | AD73: =SUM(E73:O73) -> 0 | AE73: =SUM(E73:P73) -> 0
B74: Beban Umum Lainnya | Q74: =SUM(E74:P74) -> 0 | T74: =E74 -> 0 | U74: =SUM(E74:F74) -> 0 | V74: =SUM(E74:G74) -> 0 | W74: =SUM(E74:H74) -> 0 | X74: =SUM(E74:I74) -> 0 | Y74: =SUM(E74:J74) -> 0 | Z74: =SUM(E74:K74) -> 0 | AA74: =SUM(E74:L74) -> 0 | AB74: =SUM(E74:M74) -> 0 | AC74: =SUM(E74:N74) -> 0 | AD74: =SUM(E74:O74) -> 0 | AE74: =SUM(E74:P74) -> 0
B75: Jumlah Rupa-rupa beban umum lainnya | E75: =SUM(E60:E74) -> 0 | F75: =SUM(F60:F74) -> 0 | G75: =SUM(G60:G74) -> 0 | H75: =SUM(H60:H74) -> 0 | I75: =SUM(I60:I74) -> 0 | J75: =SUM(J60:J74) -> 0 | K75: =SUM(K60:K74) -> 0 | L75: =SUM(L60:L74) -> 0 | ... P75: =SUM(P60:P74) -> 0 | Q75: =SUM(E75:P75) -> 0 | R75: B. OPERASI LAINNYA | T75: =E75 -> 0 | U75: =SUM(E75:F75) -> 0 | V75: =SUM(E75:G75) -> 0 | W75: =SUM(E75:H75) -> 0 | X75: =SUM(E75:I75) -> 0 | Y75: =SUM(E75:J75) -> 0 | Z75: =SUM(E75:K75) -> 0 | AA75: =SUM(E75:L75) -> 0 | AB75: =SUM(E75:M75) -> 0 | AC75: =SUM(E75:N75) -> 0 | AD75: =SUM(E75:O75) -> 0 | AE75: =SUM(E75:P75) -> 0
A76: 97.08.00 | B76: Beban Imbalan Pasca Kerja | Q76: =SUM(E76:P76) -> 0 | T76: =E76 -> 0 | U76: =SUM(E76:F76) -> 0 | V76: =SUM(E76:G76) -> 0 | W76: =SUM(E76:H76) -> 0 | X76: =SUM(E76:I76) -> 0 | Y76: =SUM(E76:J76) -> 0 | Z76: =SUM(E76:K76) -> 0 | AA76: =SUM(E76:L76) -> 0 | AB76: =SUM(E76:M76) -> 0 | AC76: =SUM(E76:N76) -> 0 | AD76: =SUM(E76:O76) -> 0 | AE76: =SUM(E76:P76) -> 0
B77: Jumlah Beban Umum dan Adm sebelum penyust | E77: =E75+E59+E49+E44+E29+E52+E76 -> 0 | F77: =F75+F59+F49+F44+F29+F52+F76 -> 0 | G77: =G75+G59+G49+G44+G29+G52+G76 -> 0 | H77: =H75+H59+H49+H44+H29+H52+H76 -> 0 | I77: =I75+I59+I49+I44+I29+I52+I76 -> 0 | J77: =J75+J59+J49+J44+J29+J52+J76 -> 0 | K77: =K75+K59+K49+K44+K29+K52+K76 -> 0 | L77: =L75+L59+L49+L44+L29+L52+L76 -> 0 | ... P77: =P75+P59+P49+P44+P29+P52+P76 -> 0 | Q77: =SUM(E77:P77) -> 0 | T77: =E77 -> 0 | U77: =SUM(E77:F77) -> 0 | V77: =SUM(E77:G77) -> 0 | W77: =SUM(E77:H77) -> 0 | X77: =SUM(E77:I77) -> 0 | Y77: =SUM(E77:J77) -> 0 | Z77: =SUM(E77:K77) -> 0 | AA77: =SUM(E77:L77) -> 0 | AB77: =SUM(E77:M77) -> 0 | AC77: =SUM(E77:N77) -> 0 | AD77: =SUM(E77:O77) -> 0 | AE77: =SUM(E77:P77) -> 0
A78: 97.09.00 | B78: BEBAN PENYST. NON PABRIK AIR | Q78: =SUM(E78:P78) -> 0 | R78: B. PENYUSUTAN NON PABRIK AIR | T78: =E78 -> 0 | U78: =SUM(E78:F78) -> 0 | V78: =SUM(E78:G78) -> 0 | W78: =SUM(E78:H78) -> 0 | X78: =SUM(E78:I78) -> 0 | Y78: =SUM(E78:J78) -> 0 | Z78: =SUM(E78:K78) -> 0 | AA78: =SUM(E78:L78) -> 0 | AB78: =SUM(E78:M78) -> 0 | AC78: =SUM(E78:N78) -> 0 | AD78: =SUM(E78:O78) -> 0 | AE78: =SUM(E78:P78) -> 0
B79: BEBAN AMORTISASI ASET TIDAK BERWUJUD | Q79: =SUM(E79:P79) -> 0 | R79: B. AMORTISASI ASET TIDAK BERWUJUD | T79: =E79 -> 0 | U79: =SUM(E79:F79) -> 0 | V79: =SUM(E79:G79) -> 0 | W79: =SUM(E79:H79) -> 0 | X79: =SUM(E79:I79) -> 0 | Y79: =SUM(E79:J79) -> 0 | Z79: =SUM(E79:K79) -> 0 | AA79: =SUM(E79:L79) -> 0 | AB79: =SUM(E79:M79) -> 0 | AC79: =SUM(E79:N79) -> 0 | AD79: =SUM(E79:O79) -> 0 | AE79: =SUM(E79:P79) -> 0
B80: JUMLAH BEBAN UMUM & ADM | E80: =SUM(E77:E79) -> 0 | F80: =SUM(F77:F79) -> 0 | G80: =SUM(G77:G79) -> 0 | H80: =SUM(H77:H79) -> 0 | I80: =SUM(I77:I79) -> 0 | J80: =SUM(J77:J79) -> 0 | K80: =SUM(K77:K79) -> 0 | L80: =SUM(L77:L79) -> 0 | ... Q80: =SUM(Q77:Q79) -> 0 | T80: =E80 -> 0 | U80: =SUM(E80:F80) -> 0 | V80: =SUM(E80:G80) -> 0 | W80: =SUM(E80:H80) -> 0 | X80: =SUM(E80:I80) -> 0 | Y80: =SUM(E80:J80) -> 0 | Z80: =SUM(E80:K80) -> 0 | AA80: =SUM(E80:L80) -> 0 | AB80: =SUM(E80:M80) -> 0 | AC80: =SUM(E80:N80) -> 0 | AD80: =SUM(E80:O80) -> 0 | AE80: =SUM(E80:P80) -> 0
Q82: =Q80+'RINCIAN B. LANGSUNG USAHA'!Q104 -> 0
D83: =H74+H69+H64+H63+H61+H58+H56+H55+H43+H42+H40+H39+H38+H36+H34+H33+H31+H24+H23+H17+H12+H48 -> 0 | Q83: =#REF! -> #REF!
D85: =H74+H69+H64+H63+H61+H58+H56+H55+H48+H43+H42+H40+H39+H38+H36+H34+H33+H31+H24+H23+H17+H12 -> 0
D86: =D85+'RINCIAN B. LANGSUNG USAHA'!D125 -> 4030000
D87: =[2]DVUD!$H$301+[2]DVUD!$H$347 -> 44439000
D88: =D86+D87 -> 48469000
D90: =I12+I17+I24+I28+I31+I33+I34+I36+I38+I39+I40+I42+I43+I54+I55+I57+I58+I61+I63+I64+I69+I74 -> 0
D92: =D90+'RINCIAN B. LANGSUNG USAHA'!D143 -> 0
D93: =[2]DVUD!$H$426+[2]DVUD!$H$454+[2]DVUD!$H$456 -> 26171000
D94: =D92+D93 -> 26171000
D95: =[2]DVUD!$H$500 -> 619258031
D96: =D94-D95 -> -593087031
D101: =H74+H69+H64+H63+H61+H58+H57+H56+H55+H48+H43+H42+H40+H39+H38+H36+H34+H33+H31+H24+H23+H17+H12 -> 0
D104: =H79+H78 -> 0
D105: =D104+'RINCIAN B. LANGSUNG USAHA'!D116 -> 7064800
D106: ='[6]KANTOR (2)'!$H$193 -> 200710176
D107: =D105-D106 -> -193645376
D110: =I79+I78 -> 0
D111: =D110+'RINCIAN B. LANGSUNG USAHA'!D117 -> 0
D112: ='[6]KANTOR (2)'!$H$249 -> 221351877
D113: =D111-D112 -> -221351877

Sheet B. NON OPERASIONAL
A1: PEMERINTAH KABUPATEN SERUYAN
A2: PERUSAHAAN DAERAH AIR MINUM (PDAM) | O2: P-12
A4: RENCANA BIAYA DILUAR USAHA / LAIN-LAIN
A5: TAHUN ANGGARAN 2025
A7: PDAM KABUPATEN SERUYAN
A8: NO | B8: URAIAN | C8: BULAN | O8: JUMLAH | P8: MAPPING BEBAN
A9: PERK. | C9: 1 | D9: 2 | E9: 3 | F9: 4 | G9: 5 | H9: 6 | I9: 7 | J9: 8 | K9: 9 | L9: 10 | M9: 11 | N9: 12 | O9: 2025 | P9: SAK ETAP
A10: 1 | B10: 2 | C10: 3 | D10: 4 | E10: 5 | F10: 6 | G10: 7 | H10: 8 | I10: 9 | J10: 10 | K10: 11 | L10: 12 | M10: 13 | N10: 14 | O10: 15 | P10: 16
A11: 98.00.00 | B11: BEBAN NON OPERASIONAL
A12: 98.01.00 | B12: Beban Bank | O12: =SUM(C12:N12) -> 0 | P12: B. BANK
A14: JUMLAH BIAYA UMUM & ADM | C14: =SUM(C11:C13) -> 0 | D14: =SUM(D11:D13) -> 0 | E14: =SUM(E11:E13) -> 0 | F14: =SUM(F11:F13) -> 0 | G14: =SUM(G11:G13) -> 0 | H14: =SUM(H11:H13) -> 0 | I14: =SUM(I11:I13) -> 0 | J14: =SUM(J11:J13) -> 0 | ... O14: =SUM(O11:O13) -> 0

Sheet P-9. Beban Operasi
A1: PEMERINTAH KABUPATEN SERUYAN
A2: PERUSAHAAN UMUM DAERAH AIR MINUM (PERUMDAM) | P2: LAMPIRAN 9
A3: TIRTA SERUYAN
A4: RENCANA BIAYA OPERASI
A5: TAHUN ANGGARAN 2026 | S5: =S64+S113+'P-10. Beban Umum & Adm'!S25 -> 0
A7: PERUMDAM TIRTA SERUYAN
A8: NO | B8: URAIAN | E8: BULAN | Q8: JUMLAH | R8: REALISASI | S8: SISA
A9: PERK. | E9: 1 | F9: 2 | G9: 3 | H9: 4 | I9: 5 | J9: 6 | K9: 7 | L9: 8 | M9: 9 | N9: 10 | O9: 11 | P9: 12 | Q9: 2026 | R9: 2026 | S9: 2026
A10: 1 | B10: 2 | E10: 3 | F10: 4 | G10: 5 | H10: 6 | I10: 7 | J10: 8 | K10: 9 | L10: 10 | M10: 11 | N10: 12 | O10: 13 | P10: 14 | Q10: 16
A11: 91.00.00 | B11: BEBAN SUMBER AIR | Q11: =SUM(F11:P11) -> 0 | S11: =Q11-R11 -> 0
A12: 91.01.00 | B12: BEBAN OPERASIONAL SUMBER AIR | Q12: =SUM(E12:P12) -> 0 | S12: =Q12-R12 -> 0
A13: 91.01.10 | B13: Biaya Pegawai | Q13: =SUM(E13:P13) -> 0 | S13: =Q13-R13 -> 0
B14: Gaji dan Honor Sumber Air | Q14: =SUM(E14:P14) -> 0 | S14: =Q14-R14 -> 0
B15: Insentif / THR dan Bonus | Q15: =SUM(E15:P15) -> 0 | S15: =Q15-R15 -> 0
A16: 91.01.20 | B16: Beban Kesejahteraan Karyawan Sumber Air | Q16: =SUM(E16:P16) -> 0 | S16: =Q16-R16 -> 0
B17: Beban Iuran Dana Pensiun Sumber Air | Q17: =SUM(E17:P17) -> 0 | S17: =Q17-R17 -> 0
B18: Beban BPJS Kesehatan Sumber Air | Q18: =SUM(E18:P18) -> 0 | S18: =Q18-R18 -> 0
B19: Beban BPJS Ketenagkerjaan Sumber Air | Q19: =SUM(E19:P19) -> 0 | S19: =Q19-R19 -> 0
B20: Uang Makan dan minum Sumber Air | Q20: =SUM(E20:P20) -> 0 | S20: =Q20-R20 -> 0
B21: Uang Pisah/Purna Tugas | Q21: =SUM(E21:P21) -> 0 | S21: =Q21-R21 -> 0
A22: 91.01.30 | B22: Beban Pakaian Dinas & Olahraga | Q22: =SUM(E22:P22) -> 0 | S22: =Q22-R22 -> 0
A23: 91.01.40 | B23: Beban Pendidikan & latihan Sumber air | Q23: =SUM(E23:P23) -> 0 | S23: =Q23-R23 -> 0
A24: 91.01.50 | B24: Beban Pembinaan Pegawai Sumber Air | Q24: =SUM(E24:P24) -> 0 | S24: =Q24-R24 -> 0
A25: 91.02.10 | B25: Pemakaian Bahan bakar (SOLAR) | Q25: =SUM(E25:P25) -> 0 | S25: =Q25-R25 -> 0
C26: Intake Sei. Mitak | Q26: =SUM(E26:P26) -> 0 | U26: asumsi harga dexlite 15,000
C27: Intake Tanjung Paring | Q27: =SUM(E27:P27) -> 0 | Z27: =Q28-S28 -> 0
C28: Jumlah Bahan Bakar | E28: =SUM(E26:E27) -> 0 | F28: =SUM(F26:F27) -> 0 | G28: =SUM(G26:G27) -> 0 | H28: =SUM(H26:H27) -> 0 | I28: =SUM(I26:I27) -> 0 | J28: =SUM(J26:J27) -> 0 | K28: =SUM(K26:K27) -> 0 | L28: =SUM(L26:L27) -> 0 | ... Q28: =SUM(Q26:Q27) -> 0 | R28: ='RINCIAN B. LANGSUNG USAHA'!Q18 -> 0 | S28: =Q28-R28 -> 0 | Z28: =Q29-S29 -> 0
A29: 91.02.20 | B29: Biaya Listrik PLN | Q29: =SUM(E29:P29) -> 0 | S29: =Q29-R29 -> 0 | Z29: =Q30-S30 -> 0
C30: Induk PDAM | Q30: =SUM(E30:P30) -> 0 | Z30: =Q31-S31 -> 0
C31: IKK Kartika Bhakti | Q31: =SUM(E31:P31) -> 0 | Z31: =Q32-S32 -> 0
C32: IKK Pembuang Hulu | Q32: =SUM(E32:P32) -> 0 | Z32: =Q33-S33 -> 0
C33: Jumlah Biaya Listrik PLN | E33: =SUM(E30:E32) -> 0 | F33: =SUM(F30:F32) -> 0 | G33: =SUM(G30:G32) -> 0 | H33: =SUM(H30:H32) -> 0 | I33: =SUM(I30:I32) -> 0 | J33: =SUM(J30:J32) -> 0 | K33: =SUM(K30:K32) -> 0 | L33: =SUM(L30:L32) -> 0 | ... Q33: =SUM(Q30:Q32) -> 0 | R33: ='RINCIAN B. LANGSUNG USAHA'!Q19 -> 0 | S33: =Q33-R33 -> 0 | Z33: =Q34-S34 -> 0
A34: 91.02.30 | B34: Pemakaian Bahan Pembantu | Q34: =SUM(E34:P34) -> 0 | R34: ='RINCIAN B. LANGSUNG USAHA'!Q20 -> 0 | S34: =Q34-R34 -> 0 | Z34: =Q35-S35 -> 0
A35: 91.02.40 | B35: Rupa-Rupa Biaya Operasi Sumber Air | Q35: =SUM(E35:P35) -> 0 | R35: ='RINCIAN B. LANGSUNG USAHA'!Q21 -> 0 | S35: =Q35-R35 -> 0 | Z35: =Q36-S36 -> 0
B36: Beban Operasi Sumber Air | E36: =SUM(E13:E24)+E28+E33+E34+E35 -> 0 | F36: =SUM(F13:F24)+F28+F33+F34+F35 -> 0 | G36: =SUM(G13:G24)+G28+G33+G34+G35 -> 0 | H36: =SUM(H13:H24)+H28+H33+H34+H35 -> 0 | I36: =SUM(I13:I24)+I28+I33+I34+I35 -> 0 | J36: =SUM(J13:J24)+J28+J33+J34+J35 -> 0 | K36: =SUM(K13:K24)+K28+K33+K34+K35 -> 0 | L36: =SUM(L13:L24)+L28+L33+L34+L35 -> 0 | ... P36: =SUM(P13:P24)+P28+P33+P34+P35 -> 0 | Q36: =SUM(E36:P36) -> 0 | R36: =SUM(R11:R35) -> 0 | S36: =SUM(S11:S35) -> 0 | T36: ='RINCIAN B. LANGSUNG USAHA'!Q22 -> 0 | Z36: =Q37-S37 -> 0
A37: 91.03.00 | B37: BEBAN PEMELIHARAAN SUMBER AIR | Z37: =Q38-S38 -> 0
A38: 91.03.10 | B38: Pemeliharaan bangunan dan penyempurnaan tanah | Q38: =SUM(E38:P38) -> 0 | R38: ='RINCIAN B. LANGSUNG USAHA'!Q24 -> 0 | S38: =Q38-R38 -> 0 | U38: Perbaikan intake | Z38: =Q39-S39 -> 0
A39: 91.03.40 | B39: Pemeliharaan Mata air dan Saluran | Q39: =SUM(E39:P39) -> 0 | R39: ='RINCIAN B. LANGSUNG USAHA'!Q25 -> 0 | S39: =Q39-R39 -> 0 | Z39: =Q40-S40 -> 0
A40: 91.03.60 | B40: Pemeliharaan Pipa Induk | Q40: =SUM(E40:P40) -> 0 | R40: ='RINCIAN B. LANGSUNG USAHA'!Q26 -> 0 | S40: =Q40-R40 -> 0 | Z40: =Q41-S41 -> 0
A41: 91.03.70 | B41: Pemeliharaan Alat Pembangkit Tenaga | Q41: =SUM(E41:P41) -> 0 | R41: ='RINCIAN B. LANGSUNG USAHA'!Q27 -> 0 | S41: =Q41-R41 -> 0 | Z41: =Q42-S42 -> 0
A42: 91.03.80 | B42: Pemeliharaan Alat Perpompaan | Q42: =SUM(E42:P42) -> 0 | R42: ='RINCIAN B. LANGSUNG USAHA'!Q28 -> 0 | S42: =Q42-R42 -> 0 | Z42: =Q43-S43 -> 0
A43: 91.03.90 | B43: Pemeliharaan Instalasi Sumber Air Lainnya | Q43: =SUM(E43:P43) -> 0 | R43: ='RINCIAN B. LANGSUNG USAHA'!Q29 -> 0 | S43: =Q43-R43 -> 0 | Z43: =Q44-S44 -> 0
B44: Jumlah Biaya Pemeliharaan Sumber Air | E44: =SUM(E38:E43) -> 0 | F44: =SUM(F38:F43) -> 0 | G44: =SUM(G38:G43) -> 0 | H44: =SUM(H38:H43) -> 0 | I44: =SUM(I38:I43) -> 0 | J44: =SUM(J38:J43) -> 0 | K44: =SUM(K38:K43) -> 0 | L44: =SUM(L38:L43) -> 0 | ... P44: =SUM(P38:P43) -> 0 | Q44: =SUM(E44:P44) -> 0 | R44: =SUM(R38:R43) -> 0 | S44: =SUM(S38:S43) -> 0 | T44: ='RINCIAN B. LANGSUNG USAHA'!Q30 -> 0 | Z44: =Q45-S45 -> 0
A45: 91.04.00 | B45: BEBAN AIR BAKU (PAJAK AIR PERMUKAAN) | Q45: =SUM(E45:P45) -> 0 | R45: ='RINCIAN B. LANGSUNG USAHA'!Q31 -> 0 | S45: =Q45-R45 -> 0 | T45: ='RINCIAN B. LANGSUNG USAHA'!Q31 -> 0 | Z45: =Q46-S46 -> 0
B46: JUMLAH SEBELUM PENYUSUTAN | E46: =E44+E36+E45 -> 0 | F46: =F44+F36+F45 -> 0 | G46: =G44+G36+G45 -> 0 | H46: =H44+H36+H45 -> 0 | I46: =I44+I36+I45 -> 0 | J46: =J44+J36+J45 -> 0 | K46: =K44+K36+K45 -> 0 | L46: =L44+L36+L45 -> 0 | ... P46: =P44+P36+P45 -> 0 | Q46: =SUM(E46:P46) -> 0 | R46: ='RINCIAN B. LANGSUNG USAHA'!Q32 -> 0 | S46: =Q46-R46 -> 0 | Z46: =Q47-S47 -> 0
A47: 91.05.00 | B47: BEBAN PENYUSUTAN SUMBER AIR | Q47: =SUM(E47:P47) -> 0 | R47: ='RINCIAN B. LANGSUNG USAHA'!Q33 -> 0 | S47: =Q47-R47 -> 0 | Z47: =Q48-S48 -> 0
B48: JUMLAH BIAYA SUMBER AIR | E48: =SUM(E46:E47) -> 0 | F48: =SUM(F46:F47) -> 0 | G48: =SUM(G46:G47) -> 0 | H48: =SUM(H46:H47) -> 0 | I48: =SUM(I46:I47) -> 0 | J48: =SUM(J46:J47) -> 0 | K48: =SUM(K46:K47) -> 0 | L48: =SUM(L46:L47) -> 0 | ... P48: =SUM(P46:P47) -> 0 | Q48: =SUM(E48:P48) -> 0 | R48: =SUM(R46:R47) -> 0 | S48: =SUM(S46:S47) -> 0 | T48: ='RINCIAN B. LANGSUNG USAHA'!Q34 -> 0 | Z48: =Q49-S49 -> 0
A49: 92.00.00 | B49: BEBAN PENGOLAHAN AIR | Q49: =SUM(E49:P49) -> 0 | Z49: =Q50-S50 -> 0
A50: 92.01.10 | B50: Beban Pegawai Pengolahan Air | Z50: =Q51-S51 -> 0
B51: Gaji & Honor Pengolahan Air | R51: ='RINCIAN B. LANGSUNG USAHA'!Q37+'RINCIAN B. LANGSUNG USAHA'!Q48-R56 -> 0 | S51: =SUM(Q52:Q55)-R51 -> 0 | Z51: =Q52-S52 -> 0
C52: Induk PDAM | Q52: =SUM(E52:P52) -> 0 | Z52: =Q53-S53 -> 0
C53: IKK Kartika Bhakti | Q53: =SUM(E53:P53) -> 0 | Z53: =Q54-S54 -> 0
C54: IKK Pembuang Hulu | Q54: =SUM(E54:P54) -> 0 | Z54: =Q55-S55 -> 0
B55: Lembur Pegawai Pengolahan Air | Z55: =Q56-S56 -> 0
B56: Insentif / THR dan Bonus | Q56: =SUM(E56:P56) -> 0 | R56: ='RINCIAN B. LANGSUNG USAHA'!Q43 -> 0 | S56: =SUM(Q57:Q60)-R56 -> 0 | Z56: =Q57-S57 -> 0
A57: 92.01.20 | B57: Beban Kesejahteraan Karyawan Pengolahan Air | Q57: =SUM(E57:P57) -> 0 | Z57: =Q58-S58 -> 0
B58: Beban Iuran Dana Pensiun Pengolahan Air | Q58: =SUM(E58:P58) -> 0 | R58: ='RINCIAN B. LANGSUNG USAHA'!Q45 -> 0 | S58: =Q58-R58 -> 0 | Z58: =Q59-S59 -> 0
B59: Beban BPJS Kesehatan Pengolahan Air | Q59: =SUM(E59:P59) -> 0 | R59: ='RINCIAN B. LANGSUNG USAHA'!Q46 -> 0 | S59: =Q59-R59 -> 0 | Z59: =Q60-S60 -> 0
B60: Beban BPJS Ketenagkerjaan Pengolahan Air | Q60: =SUM(E60:P60) -> 0 | R60: ='RINCIAN B. LANGSUNG USAHA'!Q47 -> 0 | S60: =Q60-R60 -> 0 | Z60: =Q61-S61 -> 0
B61: Uang Makan dan minum Pengolahan Air | Q61: =SUM(E61:P61) -> 0 | S61: =Q61-R61 -> 0 | Z61: =Q62-S62 -> 0
B62: Uang Pisah/Purna Tugas | Q62: =SUM(E62:P62) -> 0 | R62: ='RINCIAN B. LANGSUNG USAHA'!Q49 -> 0 | S62: =Q62-R62 -> 0 | Z62: =Q63-S63 -> 0
A63: 92.01.30 | B63: Beban Pakaian Dinas & Olahraga | Q63: =SUM(E63:P63) -> 0 | R63: ='RINCIAN B. LANGSUNG USAHA'!Q50 -> 0 | S63: =Q63-R63 -> 0 | Z63: =Q64-S64 -> 0
A64: 92.01.40 | B64: Beban Pendidikan & latihan Pengolahan Air | Q64: =SUM(E64:P64) -> 0 | R64: ='RINCIAN B. LANGSUNG USAHA'!Q51 -> 0 | S64: =Q64-R64 -> 0 | U64: dibulatkan hitungan 1 pegawai 1 Luar Prov 1 luar daerah | Z64: =Q65-S65 -> 0
A65: 92.01.50 | B65: Beban Pembinaan Pegawai Pengoahan Air | Q65: =SUM(E65:P65) -> 0 | U65: =214100000/12 -> 17841667 | V65: diturunkan jd 15 jt menyesuaikan keuangan | Z65: =Q66-S66 -> 0
A66: 92.02.10 | B66: Beban Pemakaian Bahan Kimia | Z66: =Q67-S67 -> 0
B67: Tawas | V67: Harga Lama | W67: Data Dari Produksi | Z67: =Q68-S68 -> 0
C68: Induk PDAM | Q68: =SUM(E68:P68) -> 0 | U68: harga 7700dan 3500 kg | V68: 7200 | W68: =40300/12 -> 3358.3333 | Z68: =Q69-S69 -> 0
C69: IKK Kartika Bhakti | Q69: =SUM(E69:P69) -> 0 | U69: harga 7700dan 900 kg | Z69: =Q70-S70 -> 0
C70: IKK Pembuang Hulu | Q70: =SUM(E70:P70) -> 0 | U70: harga 7700dan 1100 kg | Z70: =Q71-S71 -> 0
C71: Jumlah Tawas | E71: =SUM(E68:E70) -> 0 | F71: =SUM(F68:F70) -> 0 | G71: =SUM(G68:G70) -> 0 | H71: =SUM(H68:H70) -> 0 | I71: =SUM(I68:I70) -> 0 | J71: =SUM(J68:J70) -> 0 | K71: =SUM(K68:K70) -> 0 | L71: =SUM(L68:L70) -> 0 | ... Q71: =SUM(Q68:Q70) -> 0 | R71: ='RINCIAN B. LANGSUNG USAHA'!Q54 -> 0 | S71: =Q71-R71 -> 0 | Z71: =Q72-S72 -> 0
B72: Soda Ash | Z72: =Q73-S73 -> 0
C73: Induk PDAM | Q73: =SUM(E73:P73) -> 0 | U73: harga 17450 dan 350 kg | V73: 16950 | W73: =4500/12 -> 375 | Z73: =Q74-S74 -> 0
C74: IKK Kartika Bhakti | Q74: =SUM(E74:P74) -> 0 | U74: harga 17450 dan 350 kg | Z74: =Q75-S75 -> 0
C75: IKK Pembuang Hulu | Q75: =SUM(E75:P75) -> 0 | U75: harga 17450 dan 320 kg | Z75: =Q76-S76 -> 0
C76: Jumlah Soda Ash | E76: =SUM(E73:E75) -> 0 | F76: =SUM(F73:F75) -> 0 | G76: =SUM(G73:G75) -> 0 | H76: =SUM(H73:H75) -> 0 | I76: =SUM(I73:I75) -> 0 | J76: =SUM(J73:J75) -> 0 | K76: =SUM(K73:K75) -> 0 | L76: =SUM(L73:L75) -> 0 | ... Q76: =SUM(Q73:Q75) -> 0 | R76: ='RINCIAN B. LANGSUNG USAHA'!Q55 -> 0 | S76: =Q76-R76 -> 0 | Z76: =Q77-S77 -> 0
B77: Kaporit | Z77: =Q78-S78 -> 0
C78: Induk PDAM | U78: harga 40700 dan 45 kg | V78: 40200 | W78: =900/12 -> 75 | Z78: =Q79-S79 -> 0
C79: IKK Kartika Bhakti | U79: harga 40700 dan 20 kg | Z79: =Q80-S80 -> 0
C80: IKK Pembuang Hulu | U80: harga 40700 dan 20 kg | Z80: =Q81-S81 -> 0
C81: Jumlah Kaporit | E81: =SUM(E78:E80) -> 0 | F81: =SUM(F78:F80) -> 0 | G81: =SUM(G78:G80) -> 0 | H81: =SUM(H78:H80) -> 0 | I81: =SUM(I78:I80) -> 0 | J81: =SUM(J78:J80) -> 0 | K81: =SUM(K78:K80) -> 0 | L81: =SUM(L78:L80) -> 0 | ... Q81: =SUM(Q78:Q80) -> 0 | R81: ='RINCIAN B. LANGSUNG USAHA'!Q56 -> 0 | S81: =Q81-R81 -> 0 | Z81: =Q82-S82 -> 0
B82: Magnoflog | Z82: =Q83-S83 -> 0
C83: Induk PDAM | Q83: =SUM(E83:P83) -> 0 | U83: harga 126100 dan 75 kg | V83: 125600 | W83: =900/12 -> 75 | Z83: =Q84-S84 -> 0
C84: IKK Kartika Bhakti | Q84: =SUM(E84:P84) -> 0 | U84: harga 126100 dan 40 kg | Z84: =Q85-S85 -> 0
C85: IKK Pembuang Hulu | Q85: =SUM(E85:P85) -> 0 | U85: harga 126100 dan 5 kg | Z85: =Q86-S86 -> 0
C86: Jumlah MAGNOFLOG | E86: =SUM(E83:E85) -> 0 | F86: =SUM(F83:F85) -> 0 | G86: =SUM(G83:G85) -> 0 | H86: =SUM(H83:H85) -> 0 | I86: =SUM(I83:I85) -> 0 | J86: =SUM(J83:J85) -> 0 | K86: =SUM(K83:K85) -> 0 | L86: =SUM(L83:L85) -> 0 | ... Q86: =SUM(Q83:Q85) -> 0 | R86: ='RINCIAN B. LANGSUNG USAHA'!Q57 -> 0 | S86: =Q86-R86 -> 0 | Z86: =Q87-S87 -> 0
B87: Jumlah Bahan Kimia | E87: =E71+E76+E81+E86 -> 0 | F87: =F71+F76+F81+F86 -> 0 | G87: =G71+G76+G81+G86 -> 0 | H87: =H71+H76+H81+H86 -> 0 | I87: =I71+I76+I81+I86 -> 0 | J87: =J71+J76+J81+J86 -> 0 | K87: =K71+K76+K81+K86 -> 0 | L87: =L71+L76+L81+L86 -> 0 | ... P87: =P71+P76+P81+P86 -> 0 | Q87: =SUM(E87:P87) -> 0 | U87: 1012407840 | V87: Total dulu | Z87: =Q88-S88 -> 0
A88: 92.02.20 | B88: Beban Pemakaian Bahan Pembantu | Q88: =SUM(E88:P88) -> 0 | R88: ='RINCIAN B. LANGSUNG USAHA'!Q58 -> 0 | S88: =Q88-R88 -> 0 | Z88: =Q89-S89 -> 0
A89: 92.02.50 | B89: Rupa-Rupa Beban Pengolahan Air | Q89: =SUM(E89:P89) -> 0 | R89: ='RINCIAN B. LANGSUNG USAHA'!Q59 -> 0 | S89: =Q89-R89 -> 0 | Z89: =Q90-S90 -> 0
B90: Jumlah Beban Operasi Pengolahan Air | E90: =SUM(E52:E65)+E87+E88+E89 -> 0 | F90: =SUM(F52:F65)+F87+F88+F89 -> 0 | G90: =SUM(G52:G65)+G87+G88+G89 -> 0 | H90: =SUM(H52:H65)+H87+H88+H89 -> 0 | I90: =SUM(I52:I65)+I87+I88+I89 -> 0 | J90: =SUM(J52:J65)+J87+J88+J89 -> 0 | K90: =SUM(K52:K65)+K87+K88+K89 -> 0 | L90: =SUM(L52:L65)+L87+L88+L89 -> 0 | ... P90: =SUM(P52:P65)+P87+P88+P89 -> 0 | Q90: =SUM(E90:P90) -> 0 | R90: =SUM(R49:R89) -> 0 | S90: =SUM(S49:S89) -> 0 | T90: ='RINCIAN B. LANGSUNG USAHA'!Q60 -> 0 | Z90: =Q91-S91 -> 0
A91: 92.03.00 | B91: BEBAN PEMELIHARAAN PENGOLAHAN AIR | T91: =R90-T90 -> 0 | Z91: =Q92-S92 -> 0
A92: 92.03.10 | B92: Pemeliharaan Bangunan dan penyemp. Tanah | Q92: =SUM(E92:P92) -> 0 | R92: ='RINCIAN B. LANGSUNG USAHA'!Q62 -> 0 | S92: =Q92-R92 -> 0 | Z92: =Q93-S93 -> 0
A93: 92.03.20 | B93: Pemeliharaan Instalasi Pengolahan Air | Q93: =SUM(E93:P93) -> 0 | R93: ='RINCIAN B. LANGSUNG USAHA'!Q63 -> 0 | S93: =Q93-R93 -> 0 | Z93: =Q94-S94 -> 0
A94: 92.03.30 | B94: Pemeliharaan Instalasi Pompa | Q94: =SUM(E94:P94) -> 0 | R94: ='RINCIAN B. LANGSUNG USAHA'!Q64 -> 0 | S94: =Q94-R94 -> 0 | Z94: =Q95-S95 -> 0
A95: 92.03.90 | B95: Pemeliharaan Instalasi Pengolahan Lainnya | Q95: =SUM(E95:P95) -> 0 | R95: ='RINCIAN B. LANGSUNG USAHA'!Q65 -> 0 | S95: =Q95-R95 -> 0 | Z95: =Q96-S96 -> 0
B96: Jumlah Beban Pemeliharaan Pengolahan Air | E96: =SUM(E92:E95) -> 0 | F96: =SUM(F92:F95) -> 0 | G96: =SUM(G92:G95) -> 0 | H96: =SUM(H92:H95) -> 0 | I96: =SUM(I92:I95) -> 0 | J96: =SUM(J92:J95) -> 0 | K96: =SUM(K92:K95) -> 0 | L96: =SUM(L92:L95) -> 0 | ... P96: =SUM(P92:P95) -> 0 | Q96: =SUM(Q93:Q95) -> 0 | R96: =SUM(R92:R95) -> 0 | S96: =SUM(S92:S95) -> 0 | T96: ='RINCIAN B. LANGSUNG USAHA'!Q66 -> 0 | Z96: =Q97-S97 -> 0
B97: JUMLAH SEBELUM PENYUSUTAN | E97: =E96+E90 -> 0 | F97: =F96+F90 -> 0 | G97: =G96+G90 -> 0 | H97: =H96+H90 -> 0 | I97: =I96+I90 -> 0 | J97: =J96+J90 -> 0 | K97: =K96+K90 -> 0 | L97: =L96+L90 -> 0 | ... P97: =P96+P90 -> 0 | Q97: =SUM(E97:P97) -> 0 | R97: ='RINCIAN B. LANGSUNG USAHA'!Q67 -> 0 | S97: =Q97-R97 -> 0 | Z97: =Q98-S98 -> 0
A98: 92.05.00 | B98: BEBAN PENYUSUTAN PENGOLAHAN AIR | Q98: =SUM(E98:P98) -> 0 | R98: ='RINCIAN B. LANGSUNG USAHA'!Q68 -> 0 | S98: =Q98-R98 -> 0 | Z98: =Q99-S99 -> 0
B99: JUMLAH BIAYA PENGOLAHAN AIR | E99: =SUM(E97:E98) -> 0 | F99: =SUM(F97:F98) -> 0 | G99: =SUM(G97:G98) -> 0 | H99: =SUM(H97:H98) -> 0 | I99: =SUM(I97:I98) -> 0 | J99: =SUM(J97:J98) -> 0 | K99: =SUM(K97:K98) -> 0 | L99: =SUM(L97:L98) -> 0 | ... P99: =SUM(P97:P98) -> 0 | Q99: =SUM(E99:P99) -> 0 | R99: =SUM(R97:R98) -> 0 | S99: =SUM(S97:S98) -> 0 | T99: ='RINCIAN B. LANGSUNG USAHA'!Q69 -> 0 | Z99: =Q100-S100 -> 0
A100: 93.00.00 | B100: BEBAN TRANSMISI DAN DISTRIBUSI | Z100: =Q101-S101 -> 0
A101: 93.01.00 | B101: BEBAN OPERASIONAL TRANDIST | Z101: =Q102-S102 -> 0
...

Sheet P-10. Beban Umum & Adm
A1: PEMERINTAH KABUPATEN SERUYAN
A2: PERUSAHAAN UMUM DAERAH AIR MINUM (PERUMDAM) | P2: LAMPIRAN 10
A3: TIRTA SERUYAN
A5: RENCANA BIAYA UMUM DAN ADMINISTRASI
A6: TAHUN ANGGARAN 2026
A8: PERUMDAM TIRTA SERUYAN
A9: NO | B9: URAIAN | E9: BULAN | Q9: JUMLAH | R9: REALISASI | S9: SISA
A10: PERK. | E10: 1 | F10: 2 | G10: 3 | H10: 4 | I10: 5 | J10: 6 | K10: 7 | L10: 8 | M10: 9 | N10: 10 | O10: 11 | P10: 12 | Q10: 2026 | R10: 2026 | S10: 2026
A11: 1 | B11: 2 | E11: 3 | F11: 4 | G11: 5 | H11: 6 | I11: 7 | J11: 8 | K11: 9 | L11: 10 | M11: 11 | N11: 12 | O11: 13 | P11: 14 | Q11: 15
A12: 97.00.00 | B12: BEBAN UMUM DAN ADMINISTRASI
A13: 97.01.10 | B13: Beban Pegawai Umum & Administrasi | R13: ='RINCIAN B. TDK LANGSUNG'!Q12 -> 0 | S13: =SUM(Q14:Q17)-R13 -> 0
B14: Direktur | Q14: =SUM(E14:P14) -> 0
B15: Pegawai Induk PERUMDAM | Q15: =SUM(E15:P15) -> 0
B16: Lembur pegawai Adm & Umum | Q16: =SUM(E16:P16) -> 0
B17: Insentif / THR , dana kesejahteraan pegawai dan Bonus / Uang Cuti | Q17: =SUM(E17:P17) -> 0
A18: 97.01.20 | B18: Beban Kesejahteraan Karyawan Umum & Adm | Q18: =SUM(E18:P18) -> 0
B19: Beban Iuran Dana Pensiun Umum & Adm | Q19: =SUM(E19:P19) -> 0 | R19: ='RINCIAN B. TDK LANGSUNG'!Q18 -> 0 | S19: =Q19-R19 -> 0
B20: Beban BPJS Kesehatan Umum & Adm | Q20: =SUM(E20:P20) -> 0 | R20: ='RINCIAN B. TDK LANGSUNG'!Q19 -> 0 | S20: =Q20-R20 -> 0
B21: Beban BPJS Ketenagkerjaan Umum & Adm | Q21: =SUM(E21:P21) -> 0 | R21: ='RINCIAN B. TDK LANGSUNG'!Q20 -> 0 | S21: =Q21-R21 -> 0
B22: Uang Makan/Minum Pegawai | Q22: =SUM(E22:P22) -> 0 | R22: ='RINCIAN B. TDK LANGSUNG'!Q21 -> 0 | S22: =Q22-R22 -> 0
B23: Uang Pisah/Purna Tugas | Q23: =SUM(E23:P23) -> 0 | R23: ='RINCIAN B. TDK LANGSUNG'!Q22 -> 0 | S23: =Q23-R23 -> 0
A24: 97.01.30 | B24: Beban Pakaian Dinas & Olahraga | Q24: =SUM(E24:P24) -> 0 | R24: ='RINCIAN B. TDK LANGSUNG'!Q23 -> 0 | S24: =Q24-R24 -> 0
A25: 97.01.40 | B25: Beban Pendidikan & latihan Umum & Adm | Q25: =SUM(E25:P25) -> 0 | R25: ='RINCIAN B. TDK LANGSUNG'!Q24 -> 0 | S25: =Q25-R25 -> 0 | V25: =U25/12 -> 0
A26: 97.01.50 | B26: Beban Pembinaan Pegawai Umum & Adm | Q26: =SUM(E26:P26) -> 0 | R26: ='RINCIAN B. TDK LANGSUNG'!Q25 -> 0 | S26: =Q26-R26 -> 0
A27: 97.01.60 | B27: Beban Bantuan & Sumbangan | Q27: =SUM(E27:P27) -> 0 | R27: ='RINCIAN B. TDK LANGSUNG'!Q26 -> 0 | S27: =Q27-R27 -> 0
A28: 97.01.90 | B28: Rupa-Rupa Biaya Pegawai | Q28: =SUM(E28:P28) -> 0 | R28: ='RINCIAN B. TDK LANGSUNG'!Q27 -> 0 | S28: =Q28-R28 -> 0
B29: Pajak Pegawai | Q29: =SUM(E29:P29) -> 0 | R29: ='RINCIAN B. TDK LANGSUNG'!Q28 -> 0 | S29: =Q29-R29 -> 0
B30: Jumlah Biaya Pegawai | E30: =SUM(E14:E29) -> 0 | F30: =SUM(F14:F29) -> 0 | G30: =SUM(G14:G29) -> 0 | H30: =SUM(H14:H29) -> 0 | I30: =SUM(I14:I29) -> 0 | J30: =SUM(J14:J29) -> 0 | K30: =SUM(K14:K29) -> 0 | L30: =SUM(L14:L29) -> 0 | ... P30: =SUM(P14:P29) -> 0 | Q30: =SUM(E30:P30) -> 0 | R30: =SUM(R11:R29) -> 0 | S30: =SUM(S11:S29) -> 0 | T30: ='RINCIAN B. TDK LANGSUNG'!Q29 -> 0
A31: 97.02.00 | B31: BEBAN KANTOR
A32: 97.02.10 | B32: Beban Alat Tulis Kantor dan Fotocopy | Q32: =SUM(E32:P32) -> 0 | R32: ='RINCIAN B. TDK LANGSUNG'!Q31 -> 0 | S32: =Q32-R32 -> 0
A33: 97.02.20 | B33: Barang-barang Cetakkan | Q33: =SUM(E33:P33) -> 0 | R33: ='RINCIAN B. TDK LANGSUNG'!Q32 -> 0 | S33: =Q33-R33 -> 0
A34: 97.02.30 | B34: Perlengkapan Komputer | Q34: =SUM(E34:P34) -> 0 | R34: ='RINCIAN B. TDK LANGSUNG'!Q33 -> 0 | S34: =Q34-R34 -> 0
A35: 97.02.40 | B35: Beban Telepon, Telek dan Telegram | Q35: =SUM(E35:P35) -> 0 | R35: ='RINCIAN B. TDK LANGSUNG'!Q34 -> 0 | S35: =Q35-R35 -> 0
A36: 97.02.50 | B36: Beban Rapat dan Tamu | Q36: =SUM(E36:P36) -> 0 | R36: ='RINCIAN B. TDK LANGSUNG'!Q36+'RINCIAN B. TDK LANGSUNG'!Q37 -> 0 | S36: =Q36-R36 -> 0
A37: 97.02.60 | B37: Benda Pos dan materai | Q37: =SUM(E37:P37) -> 0 | R37: ='RINCIAN B. TDK LANGSUNG'!Q38 -> 0 | S37: =Q37-R37 -> 0
A38: 97.02.70 | B38: Beban Listrik/Penerangan | Q38: =SUM(E38:P38) -> 0 | R38: ='RINCIAN B. TDK LANGSUNG'!Q39 -> 0 | S38: =Q38-R38 -> 0
A39: 97.02.80 | B39: Beban cleaning Service | Q39: =SUM(E39:P39) -> 0 | R39: ='RINCIAN B. TDK LANGSUNG'!Q40 -> 0 | S39: =Q39-R39 -> 0
A40: 97.02.90 | B40: Rupa-rupa Beban Kantor | S40: =Q40-R40 -> 0
B41: Paket Internet (Wifi) | Q41: =SUM(E41:P41) -> 0 | R41: ='RINCIAN B. TDK LANGSUNG'!Q42 -> 0 | S41: =Q41-R41 -> 0
B42: Rupa-rupa beban kantor lainnya | Q42: =SUM(E42:P42) -> 0 | R42: ='RINCIAN B. TDK LANGSUNG'!Q43 -> 0 | S42: =Q42-R42 -> 0
B43: Jumlah Beban Kantor | E43: =SUM(E32:E42) -> 0 | F43: =SUM(F32:F42) -> 0 | G43: =SUM(G32:G42) -> 0 | H43: =SUM(H32:H42) -> 0 | I43: =SUM(I32:I42) -> 0 | J43: =SUM(J32:J42) -> 0 | K43: =SUM(K32:K42) -> 0 | L43: =SUM(L32:L42) -> 0 | ... P43: =SUM(P32:P42) -> 0 | Q43: =SUM(E43:P43) -> 0 | R43: =SUM(R32:R42) -> 0 | S43: =SUM(S32:S42) -> 0 | T43: ='RINCIAN B. TDK LANGSUNG'!Q44 -> 0
A44: 97.03.00 | B44: BIAYA HUBUNGAN PELANGGAN | Q44: =SUM(E44:P44) -> 0
A45: 97.03.30 | B45: Beban Penagihan Rekening Air | Q45: =SUM(E45:P45) -> 0 | R45: ='RINCIAN B. TDK LANGSUNG'!Q46 -> 0 | S45: =Q45-R45 -> 0
A46: 97.03.70 | B46: Beban Promosi | Q46: =SUM(E46:P46) -> 0 | R46: ='RINCIAN B. TDK LANGSUNG'!Q47 -> 0 | S46: =Q46-R46 -> 0
A47: 97.03.80 | B47: Rupa-rupa Biaya Langganan | Q47: =SUM(E47:P47) -> 0 | R47: ='RINCIAN B. TDK LANGSUNG'!Q48 -> 0 | S47: =Q47-R47 -> 0
B48: Jumlah Biaya Hubungan Langganan | E48: =SUM(E45:E47) -> 0 | F48: =SUM(F45:F47) -> 0 | G48: =SUM(G45:G47) -> 0 | H48: =SUM(H45:H47) -> 0 | I48: =SUM(I45:I47) -> 0 | J48: =SUM(J45:J47) -> 0 | K48: =SUM(K45:K47) -> 0 | L48: =SUM(L45:L47) -> 0 | ... P48: =SUM(P45:P47) -> 0 | Q48: =SUM(E48:P48) -> 0 | R48: =SUM(R45:R47) -> 0 | S48: =SUM(S45:S47) -> 0 | T48: ='RINCIAN B. TDK LANGSUNG'!Q49 -> 0
A49: 97.04.00 | B49: BEBAN PENELITIAN DAN PENGEMBANGAN
B50: Pembuatan Dokumen Renbis | Q50: =SUM(E50:P50) -> 0
B51: Pembuatan Website | Q51: =SUM(E51:P51) -> 0
B52: Penyusunan POS | Q52: =SUM(E52:P52) -> 0
B53: Penyusunan Kebijakan Akuntansi & Aset
B54: Penyusunan RPAM | Q54: =SUM(E54:P54) -> 0
B55: Jumlah Biaya penelitian dan Pengembangan | E55: =SUM(E50:E54) -> 0 | F55: =SUM(F50:F54) -> 0 | G55: =SUM(G50:G54) -> 0 | H55: =SUM(H50:H54) -> 0 | I55: =SUM(I50:I54) -> 0 | J55: =SUM(J50:J54) -> 0 | K55: =SUM(K50:K54) -> 0 | L55: =SUM(L50:L54) -> 0 | ... P55: =SUM(P50:P54) -> 0 | Q55: =SUM(E55:P55) -> 0 | R55: ='RINCIAN B. TDK LANGSUNG'!Q52 -> 0 | S55: =Q55-R55 -> 0
A56: 97.06.00 | B56: BEBAN PEMELIHARAAN | Q56: =SUM(E56:P56) -> 0
A57: 97.06.10 | B57: Pemeliharaan Inventaris Kantor | Q57: =SUM(E57:P57) -> 0 | R57: ='RINCIAN B. TDK LANGSUNG'!Q54 -> 0 | S57: =Q57-R57 -> 0
A58: 97.06.20 | B58: Pemeliharaan Kendaraan | Q58: =SUM(E58:P58) -> 0 | R58: ='RINCIAN B. TDK LANGSUNG'!Q55 -> 0 | S58: =Q58-R58 -> 0
A59: 97.06.30 | B59: Pemeliharaan Bangunan | Q59: =SUM(E59:P59) -> 0 | R59: ='RINCIAN B. TDK LANGSUNG'!Q56 -> 0 | S59: =Q59-R59 -> 0
A60: 97.06.40 | B60: Pemeliharaan Instalasi | Q60: =SUM(E60:P60) -> 0 | R60: ='RINCIAN B. TDK LANGSUNG'!Q57 -> 0 | S60: =Q60-R60 -> 0
A61: 97.06.50 | B61: Pemeliharaan Taman dan Lapangan | Q61: =SUM(E61:P61) -> 0 | R61: ='RINCIAN B. TDK LANGSUNG'!Q58 -> 0 | S61: =Q61-R61 -> 0
B62: Jumlah Biaya Pemeliharaan | E62: =SUM(E57:E61) -> 0 | F62: =SUM(F57:F61) -> 0 | G62: =SUM(G57:G61) -> 0 | H62: =SUM(H57:H61) -> 0 | I62: =SUM(I57:I61) -> 0 | J62: =SUM(J57:J61) -> 0 | K62: =SUM(K57:K61) -> 0 | L62: =SUM(L57:L61) -> 0 | ... P62: =SUM(P57:P61) -> 0 | Q62: =SUM(E62:P62) -> 0 | R62: =SUM(R57:R61) -> 0 | S62: =SUM(S57:S61) -> 0
A63: 97.07.00 | B63: RUPA-RUPA BEBAN UMUM | Q63: =SUM(E63:P63) -> 0
A64: 97.07.10 | B64: Beban Iuran/Berlangganan
B65: Beban Iuran Keanggotaan | Q65: =SUM(E65:P65) -> 0 | R65: ='RINCIAN B. TDK LANGSUNG'!Q61 -> 0 | S65: =SUM(Q65:Q66)-R65 -> 0
B66: Beban Langganan Media Cetak | Q66: =SUM(E66:P66) -> 0
A67: 97.07.20 | B67: Beban Penghapusan Piutang | Q67: =SUM(E67:P67) -> 0 | R67: ='RINCIAN B. TDK LANGSUNG'!Q62 -> 0 | S67: =Q67-R67 -> 0
A68: 97.07.30 | B68: Beban Badan Pengawas | Q68: =SUM(E68:P68) -> 0 | R68: ='RINCIAN B. TDK LANGSUNG'!Q63 -> 0 | S68: =Q68-R68 -> 0
A69: 97.07.40 | B69: Beban Perjalanan Dinas | Q69: =SUM(E69:P69) -> 0 | R69: ='RINCIAN B. TDK LANGSUNG'!Q64 -> 0 | S69: =Q69-R69 -> 0
A70: 97.07.50 | B70: Beban Jasa Profesional | Q70: =SUM(E70:P70) -> 0
B71: Beban Audit | Q71: =SUM(E71:P71) -> 0 | R71: ='RINCIAN B. TDK LANGSUNG'!Q66+'RINCIAN B. TDK LANGSUNG'!Q67 -> 0 | S71: =Q71-R71 -> 0
B72: Beban Jasa Manajemen | Q72: =SUM(E72:P72) -> 0
A73: 97.07.60 | B73: Beban Sewa | Q73: =SUM(E73:P73) -> 0
A74: 97.07.70 | B74: Beban Asuransi / Keamanan | Q74: =SUM(E74:P74) -> 0
B75: Beban Keamanan | Q75: =SUM(E75:P75) -> 0 | R75: ='RINCIAN B. TDK LANGSUNG'!Q69 -> 0 | S75: =Q75-R75 -> 0
A76: 97.07.80 | B76: Beban Pajak Pemda/Perijinan | Q76: =SUM(E76:P76) -> 0
B77: Pajak Bumi dan Bangunan | Q77: =SUM(E77:P77) -> 0 | R77: ='RINCIAN B. TDK LANGSUNG'!Q70 -> 0 | S77: =Q77-R77 -> 0
A78: 97.07.90 | B78: Rupa-rupa Beban Umum Lainnya | Q78: =SUM(E78:P78) -> 0 | R78: ='RINCIAN B. TDK LANGSUNG'!Q73+'RINCIAN B. TDK LANGSUNG'!Q74 -> 0 | S78: =SUM(Q79:Q81)-R78 -> 0
B79: Assesement dan Pelantikan Direktur | Q79: =SUM(E79:P79) -> 0
B80: Pawai & EXPO Seruyan | Q80: =SUM(E80:P80) -> 0
B81: Beban Umum Lainnya | Q81: =SUM(E81:P81) -> 0
B82: Jumlah Rupa-rupa beban umum lainnya | E82: =SUM(E63:E81) -> 0 | F82: =SUM(F63:F81) -> 0 | G82: =SUM(G63:G81) -> 0 | H82: =SUM(H63:H81) -> 0 | I82: =SUM(I63:I81) -> 0 | J82: =SUM(J63:J81) -> 0 | K82: =SUM(K63:K81) -> 0 | L82: =SUM(L63:L81) -> 0 | ... P82: =SUM(P63:P81) -> 0 | Q82: =SUM(E82:P82) -> 0 | R82: =SUM(R65:R81) -> 0 | S82: =SUM(S65:S81) -> 0
B83: Jumlah Biaya Umum dan Adm sebelum penyust | E83: =E82+E62+E48+E43+E30+E55 -> 0 | F83: =F82+F62+F48+F43+F30+F55 -> 0 | G83: =G82+G62+G48+G43+G30+G55 -> 0 | H83: =H82+H62+H48+H43+H30+H55 -> 0 | I83: =I82+I62+I48+I43+I30+I55 -> 0 | J83: =J82+J62+J48+J43+J30+J55 -> 0 | K83: =K82+K62+K48+K43+K30+K55 -> 0 | L83: =L82+L62+L48+L43+L30+L55 -> 0 | ... P83: =P82+P62+P48+P43+P30+P55 -> 0 | Q83: =SUM(E83:P83) -> 0 | R83: =R82+R62+R48+R43+R30+R55 -> 0 | S83: =S82+S62+S48+S43+S30+S55 -> 0
A84: 97.09.00 | B84: Beban Depresiasi & Amortisasi Umum | Q84: =SUM(E84:P84) -> 0 | R84: ='RINCIAN B. TDK LANGSUNG'!Q78+'RINCIAN B. TDK LANGSUNG'!Q79 -> 0 | S84: =Q84-R84 -> 0
B85: JUMLAH BIAYA UMUM & ADM | E85: =SUM(E83:E84) -> 0 | F85: =SUM(F83:F84) -> 0 | G85: =SUM(G83:G84) -> 0 | H85: =SUM(H83:H84) -> 0 | I85: =SUM(I83:I84) -> 0 | J85: =SUM(J83:J84) -> 0 | K85: =SUM(K83:K84) -> 0 | L85: =SUM(L83:L84) -> 0 | ... S85: =SUM(S83:S84) -> 0
R86: ='RINCIAN B. TDK LANGSUNG'!Q80 -> 0 | S86: =Q85-R85 -> 0
S88: =S86-S85 -> 0

Sheet P-10. Biaya Operasi
A1: PEMERINTAH KABUPATEN SERUYAN
A2: PERUSAHAAN DAERAH AIR MINUM (PDAM) | Q2: P-10
A4: RENCANA BIAYA OPERASI
A5: TAHUN ANGGARAN 2023
A7: PDAM KABUPATEN SERUYAN
A8: NO | B8: URAIAN | E8: BULAN | Q8: JUMLAH | R8: MAPPING BEBAN SAK - ETAP | S8: REALISASI | T8: SISA ANGGARAN
A9: PERK. | E9: 1 | F9: 2 | G9: 3 | H9: 4 | I9: 5 | J9: 6 | K9: 7 | L9: 8 | M9: 9 | N9: 10 | O9: 11 | P9: 12 | Q9: 2023 | S9: 2023 | T9: 2023
A10: 1 | B10: 2 | E10: 3 | F10: 4 | G10: 5 | H10: 6 | I10: 7 | J10: 8 | K10: 9 | L10: 10 | M10: 11 | N10: 12 | O10: 13 | P10: 14 | Q10: 15 | R10: 16 | S10: 17 | T10: 17
A11: 91.00.00 | B11: BIAYA SUMBER AIR | Q11: =SUM(F11:P11) -> 0
A12: 91.01.00 | B12: BIAYA OPERASIONAL SUMBER AIR | Q12: =SUM(F12:P12) -> 0
A13: 91.01.10 | B13: Biaya Pegawai | J13: 3000000 | K13: 3000000 | L13: 3000000 | M13: 3000000 | N13: 3000000 | Q13: =SUM(E13:P13) -> 15000000 | R13: B. PEGAWAI | S13: ='RINCIAN B. LANGSUNG USAHA'!Q13 -> 0 | T13: =Q13-S13 -> 15000000
A14: 91.01.20 | B14: Pemakaian Bahan bakar (SOLAR) | Q14: =SUM(E14:P14) -> 0
C15: Intake Sei. Mitak | E15: =16000*35 -> 560000 | F15: =16000*35 -> 560000 | G15: =16000*35 -> 560000 | H15: =16000*35 -> 560000 | I15: =16000*35 -> 560000 | J15: =16000*35 -> 560000 | K15: =16000*35 -> 560000 | L15: =16000*35 -> 560000 | ... P15: =16000*35 -> 560000 | Q15: =SUM(E15:P15) -> 6720000
C16: Intake Tanjung Paring | J16: =16000*1300 -> 20800000 | K16: =16000*1300 -> 20800000 | L16: =16000*1300 -> 20800000 | M16: =16000*1300 -> 20800000 | N16: =16000*1300 -> 20800000 | Q16: =SUM(E16:P16) -> 104000000
C17: Jumlah Bahan Bakar | E17: =SUM(E15:E16) -> 560000 | F17: =SUM(F15:F16) -> 560000 | G17: =SUM(G15:G16) -> 560000 | H17: =SUM(H15:H16) -> 560000 | I17: =SUM(I15:I16) -> 560000 | J17: =SUM(J15:J16) -> 21360000 | K17: =SUM(K15:K16) -> 21360000 | L17: =SUM(L15:L16) -> 21360000 | ... Q17: =SUM(Q15:Q16) -> 110720000 | R17: B. PEMAKAIAN BAHAN BAKAR | S17: ='RINCIAN B. LANGSUNG USAHA'!Q18 -> 0 | T17: =Q17-S17 -> 110720000
A18: 91.01.30 | B18: Biaya Listrik PLN | Q18: =SUM(E18:P18) -> 0 | T18: =Q18-S18 -> 0
C19: Induk PDAM | E19: 49000000 | F19: 49000000 | G19: 49000000 | H19: 49000000 | I19: 49000000 | J19: 49000000 | K19: 49000000 | L19: 49000000 | M19: 49000000 | N19: 49000000 | O19: 49000000 | P19: 49000000 | Q19: =SUM(E19:P19) -> 588000000
C20: IKK Kartika Bhakti | E20: 9000000 | F20: 9000000 | G20: 9000000 | H20: 9000000 | I20: 9000000 | J20: 9000000 | K20: 9000000 | L20: 9000000 | M20: 9000000 | N20: 9000000 | O20: 9000000 | P20: 9000000 | Q20: =SUM(E20:P20) -> 108000000
C21: IKK Pembuang Hulu | E21: 22000000 | F21: 22000000 | G21: 22000000 | H21: 22000000 | I21: 22000000 | J21: 22000000 | K21: 22000000 | L21: 22000000 | M21: 22000000 | N21: 22000000 | O21: 22000000 | P21: 22000000 | Q21: =SUM(E21:P21) -> 264000000
C22: Jumlah Biaya Listrik PLN | E22: =SUM(E19:E21) -> 80000000 | F22: =SUM(F19:F21) -> 80000000 | G22: =SUM(G19:G21) -> 80000000 | H22: =SUM(H19:H21) -> 80000000 | I22: =SUM(I19:I21) -> 80000000 | J22: =SUM(J19:J21) -> 80000000 | K22: =SUM(K19:K21) -> 80000000 | L22: =SUM(L19:L21) -> 80000000 | ... Q22: =SUM(Q19:Q21) -> 960000000 | R22: B. LISTRIK | S22: ='RINCIAN B. LANGSUNG USAHA'!Q19 -> 0 | T22: =Q22-S22 -> 960000000
A23: 91.01.40 | B23: Pemakaian Bahan Pembantu | E23: 500000 | F23: 0 | G23: 0 | H23: 500000 | I23: 0 | J23: 500000 | K23: 0 | L23: 500000 | M23: 0 | N23: 0 | O23: 500000 | P23: 0 | Q23: =SUM(E23:P23) -> 2500000 | R23: B. PEMAKAIAN BAHAN PEMBANTU | S23: ='RINCIAN B. LANGSUNG USAHA'!Q20 -> 0 | T23: =Q23-S23 -> 2500000
A24: 91.01.90 | B24: Rupa-Rupa Biaya Operasi | E24: 250000 | F24: 250000 | G24: 250000 | H24: 250000 | I24: 250000 | J24: 250000 | K24: 250000 | L24: 250000 | M24: 250000 | N24: 250000 | O24: 250000 | P24: 250000 | Q24: =SUM(E24:P24) -> 3000000 | R24: B. OPERASI LAINNYA | S24: ='RINCIAN B. LANGSUNG USAHA'!Q21 -> 0 | T24: =Q24-S24 -> 3000000
B25: B. Operasi Sumber Air | E25: =E12+E13+E17+E22+E23+E24 -> 81310000 | F25: =F12+F13+F17+F22+F23+F24 -> 80810000 | G25: =G12+G13+G17+G22+G23+G24 -> 80810000 | H25: =H12+H13+H17+H22+H23+H24 -> 81310000 | I25: =I12+I13+I17+I22+I23+I24 -> 80810000 | J25: =J12+J13+J17+J22+J23+J24 -> 105110000 | K25: =K12+K13+K17+K22+K23+K24 -> 104610000 | L25: =L12+L13+L17+L22+L23+L24 -> 105110000 | ... P25: =P12+P13+P17+P22+P23+P24 -> 80810000 | Q25: =SUM(E25:P25) -> 1091220000 | S25: =SUM(S13:S24) -> 0 | T25: =SUM(T13:T24) -> 1091220000
A26: 91.02.00 | B26: BIAYA PEMELIHARAAN SUMBER AIR
A27: 91.02.10 | B27: Pemeliharaan bangunan dan penyempurnaan tanah | M27: 10000000 | Q27: =SUM(E27:P27) -> 10000000 | S27: ='RINCIAN B. LANGSUNG USAHA'!Q24 -> 0 | T27: =Q27-S27 -> 10000000
A28: 91.02.40 | B28: Pemeliharaan Mata air dan Saluran | Q28: =SUM(E28:P28) -> 0 | S28: ='RINCIAN B. LANGSUNG USAHA'!Q25 -> 0 | T28: =Q28-S28 -> 0
A29: 91.02.60 | B29: Pemeliharaan Pipa Induk | E29: 500000 | F29: 500000 | G29: 500000 | H29: 500000 | I29: 500000 | J29: 500000 | K29: 500000 | L29: 500000 | M29: 500000 | N29: 500000 | O29: 500000 | P29: 500000 | Q29: =SUM(E29:P29) -> 6000000 | S29: ='RINCIAN B. LANGSUNG USAHA'!Q26 -> 0 | T29: =Q29-S29 -> 6000000
A30: 91.02.70 | B30: Pemeliharaan Alat Pembangkit Tenaga | F30: 1500000 | O30: 1500000 | Q30: =SUM(E30:P30) -> 3000000 | S30: ='RINCIAN B. LANGSUNG USAHA'!Q27 -> 0 | T30: =Q30-S30 -> 3000000
A31: 91.02.80 | B31: Pemeliharaan Alat Perpompaan | E31: 16500000 | F31: 16500000 | J31: 16500000 | K31: 16500000 | N31: 16500000 | Q31: =SUM(E31:P31) -> 82500000 | S31: ='RINCIAN B. LANGSUNG USAHA'!Q28 -> 0 | T31: =Q31-S31 -> 82500000
A32: 91.02.90 | B32: Pemeliharaan Instalasi Sumber Air Lainnya | E32: 500000 | F32: 500000 | G32: 500000 | H32: 500000 | I32: 500000 | J32: 500000 | K32: 500000 | L32: 500000 | M32: 500000 | N32: 500000 | O32: 500000 | P32: 500000 | Q32: =SUM(E32:P32) -> 6000000 | S32: ='RINCIAN B. LANGSUNG USAHA'!Q29 -> 0 | T32: =Q32-S32 -> 6000000
B33: Jumlah Biaya Pemeliharaan Sumber Air | E33: =SUM(E27:E32) -> 17500000 | F33: =SUM(F27:F32) -> 19000000 | G33: =SUM(G27:G32) -> 1000000 | H33: =SUM(H27:H32) -> 1000000 | I33: =SUM(I27:I32) -> 1000000 | J33: =SUM(J27:J32) -> 17500000 | K33: =SUM(K27:K32) -> 17500000 | L33: =SUM(L27:L32) -> 1000000 | ... P33: =SUM(P27:P32) -> 1000000 | Q33: =SUM(E33:P33) -> 107500000 | R33: B. PEMELIHARAAN | S33: =SUM(S27:S32) -> 0 | T33: =SUM(T27:T32) -> 107500000
A34: 91.03.00 | B34: BIAYA AIR BAKU (PAJAK AIR PERMUKAAN) | G34: =(121889+53632+870246)*150*10% -> 15686505 | Q34: =SUM(E34:P34) -> 15686505 | R34: B. BAHAN BAKU | S34: ='RINCIAN B. LANGSUNG USAHA'!Q31 -> 0 | T34: =Q34-S34 -> 15686505
B35: JUMLAH SEBELUM PENYUSUTAN | E35: =E33+E25+E34 -> 98810000 | F35: =F33+F25+F34 -> 99810000 | G35: =G33+G25+G34 -> 97496505 | H35: =H33+H25+H34 -> 82310000 | I35: =I33+I25+I34 -> 81810000 | J35: =J33+J25+J34 -> 122610000 | K35: =K33+K25+K34 -> 122110000 | L35: =L33+L25+L34 -> 106110000 | ... P35: =P33+P25+P34 -> 81810000 | Q35: =SUM(E35:P35) -> 1214406505 | S35: =S34+S33+S25 -> 0 | T35: =Q35-S35 -> 1214406505
A36: 91.09.00 | B36: BIAYA PENYUSUTAN SUMBER AIR | E36: =9180831+18140880+1000000 -> 28321711 | F36: =9180831+18140880+1000000 -> 28321711 | G36: =9180831+18140880+1000000 -> 28321711 | H36: =9180831+18140880+1000000 -> 28321711 | I36: =9180831+18140880+1000000 -> 28321711 | J36: =9180831+18140880+1000000 -> 28321711 | K36: =9180831+18140880+1000000 -> 28321711 | L36: =9180831+18140880+1000000 -> 28321711 | ... P36: =9180831+18140880+1000000 -> 28321711 | Q36: =SUM(E36:P36) -> 339860532 | R36: B. PENYUSUTAN | S36: ='RINCIAN B. LANGSUNG USAHA'!Q33 -> 0 | T36: =Q36-S36 -> 339860532
B37: JUMLAH BIAYA SUMBER AIR | E37: =SUM(E35:E36) -> 127131711 | F37: =SUM(F35:F36) -> 128131711 | G37: =SUM(G35:G36) -> 125818216 | H37: =SUM(H35:H36) -> 110631711 | I37: =SUM(I35:I36) -> 110131711 | J37: =SUM(J35:J36) -> 150931711 | K37: =SUM(K35:K36) -> 150431711 | L37: =SUM(L35:L36) -> 134431711 | ... P37: =SUM(P35:P36) -> 110131711 | Q37: =SUM(E37:P37) -> 1554267037 | S37: =SUM(S35:S36) -> 0 | T37: =SUM(T35:T36) -> 1554267037
Q38: =SUM(E38:P38) -> 0
A39: 92.00.00 | B39: BIAYA PENGOLAHAN AIR | Q39: =SUM(E39:P39) -> 0
A40: 92.01.10 | B40: Biaya Pegawai
C41: Induk PDAM | E41: 26500000 | F41: 26500000 | G41: 26500000 | H41: 26500000 | I41: 26500000 | J41: 26500000 | K41: 26500000 | L41: 26500000 | M41: 26500000 | N41: 26500000 | O41: 26500000 | P41: 26500000 | Q41: =SUM(E41:P41) -> 318000000
C42: IKK Kartika Bhakti | E42: =14000000 -> 14000000 | F42: =14000000 -> 14000000 | G42: =14000000 -> 14000000 | H42: =14000000 -> 14000000 | I42: =14000000 -> 14000000 | J42: =14000000 -> 14000000 | K42: =14000000 -> 14000000 | L42: =14000000 -> 14000000 | ... P42: =14000000 -> 14000000 | Q42: =SUM(E42:P42) -> 168000000
C43: IKK Pembuang Hulu | E43: =18500000 -> 18500000 | F43: =18500000 -> 18500000 | G43: =18500000 -> 18500000 | H43: =18500000 -> 18500000 | I43: =18500000 -> 18500000 | J43: =18500000 -> 18500000 | K43: =18500000 -> 18500000 | L43: =18500000 -> 18500000 | ... P43: =18500000 -> 18500000 | Q43: =SUM(E43:P43) -> 222000000
C44: Jumlah Biaya Pegawai | E44: =SUM(E41:E43) -> 59000000 | F44: =SUM(F41:F43) -> 59000000 | G44: =SUM(G41:G43) -> 59000000 | H44: =SUM(H41:H43) -> 59000000 | I44: =SUM(I41:I43) -> 59000000 | J44: =SUM(J41:J43) -> 59000000 | K44: =SUM(K41:K43) -> 59000000 | L44: =SUM(L41:L43) -> 59000000 | ... P44: =SUM(P41:P43) -> 59000000 | Q44: =SUM(E44:P44) -> 708000000 | R44: B. PEGAWAI | S44: ='RINCIAN B. LANGSUNG USAHA'!Q37 -> 0 | T44: =Q44-S44 -> 708000000
A45: 92.01.20 | B45: Pemakaian Bahan Kimia
B46: Tawas
C47: Induk PDAM | E47: =3875*9500 -> 36812500 | F47: =3500*9500 -> 33250000 | G47: =3875*9500 -> 36812500 | H47: =3705*9500 -> 35197500 | I47: =3875*9500 -> 36812500 | J47: =3750*9500 -> 35625000 | K47: =3875*9500 -> 36812500 | L47: =3875*9500 -> 36812500 | M47: =3750*9500 -> 35625000 | N47: =3875*9500 -> 36812500 | O47: =3750*9500 -> 35625000 | P47: =3875*9500 -> 36812500 | Q47: =SUM(E47:P47) -> 433010000
C48: IKK Kartika Bhakti | E48: =1860*9500 -> 17670000 | F48: =1680*9500 -> 15960000 | G48: =1860*9500 -> 17670000 | H48: =1800*9500 -> 17100000 | I48: =1860*9500 -> 17670000 | J48: =1800*9500 -> 17100000 | K48: =1860*9500 -> 17670000 | L48: =1800*9500 -> 17100000 | M48: =1800*9500 -> 17100000 | N48: =1860*9500 -> 17670000 | O48: =1800*9500 -> 17100000 | P48: =1860*9500 -> 17670000 | Q48: =SUM(E48:P48) -> 207480000
C49: IKK Pembuang Hulu | E49: =1136*9500 -> 10792000 | F49: =1008*9500 -> 9576000 | G49: =1136*9500 -> 10792000 | H49: =1100*9500 -> 10450000 | I49: =1136*9500 -> 10792000 | J49: =1100*9500 -> 10450000 | K49: =1136*9500 -> 10792000 | L49: =1100*9500 -> 10450000 | M49: =1100*9500 -> 10450000 | N49: =1136*9500 -> 10792000 | O49: =1100*9500 -> 10450000 | P49: =1136*9500 -> 10792000 | Q49: =SUM(E49:P49) -> 126578000
C50: Jumlah Tawas | E50: =SUM(E47:E49) -> 65274500 | F50: =SUM(F47:F49) -> 58786000 | G50: =SUM(G47:G49) -> 65274500 | H50: =SUM(H47:H49) -> 62747500 | I50: =SUM(I47:I49) -> 65274500 | J50: =SUM(J47:J49) -> 63175000 | K50: =SUM(K47:K49) -> 65274500 | L50: =SUM(L47:L49) -> 64362500 | ... Q50: =SUM(Q47:Q49) -> 767068000 | R50: B. PEMAKAIAN BAHAN KIMIA | S50: ='RINCIAN B. LANGSUNG USAHA'!Q54 -> 0 | T50: =Q50-S50 -> 767068000
B51: Soda Ash
C52: Induk PDAM | E52: =19000*806 -> 15314000 | F52: =19000*728 -> 13832000 | G52: =19000*806 -> 15314000 | H52: =19000*780 -> 14820000 | I52: =19000*806 -> 15314000 | J52: =19000*780 -> 14820000 | K52: =19000*806 -> 15314000 | L52: =19000*780 -> 14820000 | M52: =19000*780 -> 14820000 | N52: =19000*806 -> 15314000 | O52: =19000*780 -> 14820000 | P52: =19000*806 -> 15314000 | Q52: =SUM(E52:P52) -> 179816000
C53: IKK Kartika Bhakti | E53: =19000*403 -> 7657000 | F53: =19000*364 -> 6916000 | G53: =19000*403 -> 7657000 | H53: =19000*390 -> 7410000 | I53: =19000*403 -> 7657000 | J53: =19000*390 -> 7410000 | K53: =19000*403 -> 7657000 | L53: =19000*390 -> 7410000 | M53: =19000*390 -> 7410000 | N53: =19000*403 -> 7657000 | O53: =19000*390 -> 7410000 | P53: =19000*403 -> 7657000 | Q53: =SUM(E53:P53) -> 89908000
C54: IKK Pembuang Hulu | E54: =19000*310 -> 5890000 | F54: =19000*280 -> 5320000 | G54: =19000*310 -> 5890000 | H54: =19000*300 -> 5700000 | I54: =19000*310 -> 5890000 | J54: =19000*300 -> 5700000 | K54: =19000*310 -> 5890000 | L54: =19000*300 -> 5700000 | M54: =19000*300 -> 5700000 | N54: =19000*310 -> 5890000 | O54: =19000*300 -> 5700000 | P54: =19000*310 -> 5890000 | Q54: =SUM(E54:P54) -> 69160000
C55: Jumlah Soda Ash | E55: =SUM(E52:E54) -> 28861000 | F55: =SUM(F52:F54) -> 26068000 | G55: =SUM(G52:G54) -> 28861000 | H55: =SUM(H52:H54) -> 27930000 | I55: =SUM(I52:I54) -> 28861000 | J55: =SUM(J52:J54) -> 27930000 | K55: =SUM(K52:K54) -> 28861000 | L55: =SUM(L52:L54) -> 27930000 | ... Q55: =SUM(Q52:Q54) -> 338884000 | R55: B. PEMAKAIAN BAHAN KIMIA | S55: ='RINCIAN B. LANGSUNG USAHA'!Q55 -> 0 | T55: =Q55-S55 -> 338884000
B56: Kaporit
C57: Induk PDAM | E57: =61000*31 -> 1891000 | F57: =61000*28 -> 1708000 | G57: =61000*31 -> 1891000 | H57: =61000*30 -> 1830000 | I57: =61000*31 -> 1891000 | J57: =61000*30 -> 1830000 | K57: =61000*31 -> 1891000 | L57: =61000*30 -> 1830000 | M57: =61000*30 -> 1830000 | N57: =61000*31 -> 1891000 | O57: =61000*30 -> 1830000 | P57: =61000*31 -> 1891000 | Q57: =SUM(E57:P57) -> 22204000
C58: IKK Kartika Bhakti | E58: =61000*31 -> 1891000 | F58: =61000*28 -> 1708000 | G58: =61000*31 -> 1891000 | H58: =61000*30 -> 1830000 | I58: =61000*31 -> 1891000 | J58: =61000*30 -> 1830000 | K58: =61000*31 -> 1891000 | L58: =61000*30 -> 1830000 | M58: =61000*30 -> 1830000 | N58: =61000*31 -> 1891000 | O58: =61000*30 -> 1830000 | P58: =61000*31 -> 1891000 | Q58: =SUM(E58:P58) -> 22204000
C59: IKK Pembuang Hulu | E59: =61000*16 -> 976000 | F59: =61000*14 -> 854000 | G59: =61000*16 -> 976000 | H59: =61000*15 -> 915000 | I59: =61000*16 -> 976000 | J59: =61000*15 -> 915000 | K59: =61000*16 -> 976000 | L59: =61000*15 -> 915000 | M59: =61000*15 -> 915000 | N59: =61000*16 -> 976000 | O59: =61000*15 -> 915000 | P59: =61000*16 -> 976000 | Q59: =SUM(E59:P59) -> 11285000
C60: Jumlah Kaporit | E60: =SUM(E57:E59) -> 4758000 | F60: =SUM(F57:F59) -> 4270000 | G60: =SUM(G57:G59) -> 4758000 | H60: =SUM(H57:H59) -> 4575000 | I60: =SUM(I57:I59) -> 4758000 | J60: =SUM(J57:J59) -> 4575000 | K60: =SUM(K57:K59) -> 4758000 | L60: =SUM(L57:L59) -> 4575000 | ... Q60: =SUM(Q57:Q59) -> 55693000 | R60: B. PEMAKAIAN BAHAN KIMIA | S60: ='RINCIAN B. LANGSUNG USAHA'!Q56 -> 0 | T60: =Q60-S60 -> 55693000
B61: Jumlah Bahan Kimia | E61: =E50+E55+E60 -> 98893500 | F61: =F50+F55+F60 -> 89124000 | G61: =G50+G55+G60 -> 98893500 | H61: =H50+H55+H60 -> 95252500 | I61: =I50+I55+I60 -> 98893500 | J61: =J50+J55+J60 -> 95680000 | K61: =K50+K55+K60 -> 98893500 | L61: =L50+L55+L60 -> 96867500 | ... P61: =P50+P55+P60 -> 98893500 | Q61: =SUM(E61:P61) -> 1161645000 | S61: =SUM(S50:S60) -> 0 | T61: =SUM(T50:T60) -> 1161645000
A62: 92.01.30 | B62: Pemakaian Bahan Pembantu | E62: =500000+1000000 -> 1500000 | F62: 500000 | G62: 500000 | H62: 500000 | I62: 500000 | J62: 500000 | K62: 1500000 | L62: 500000 | M62: 500000 | N62: 500000 | O62: 500000 | P62: 500000 | Q62: =SUM(E62:P62) -> 8000000 | R62: B. PEMAKAIAN BAHAN PEMBANTU | S62: ='RINCIAN B. LANGSUNG USAHA'!Q58 -> 0 | T62: =Q62-S62 -> 8000000
A63: 92.01.90 | B63: Rupa-Rupa Beban Pengolahan Air | E63: 700000 | F63: =500000+4000000 -> 4500000 | G63: 4500000 | H63: 700000 | I63: =500000+4000000 -> 4500000 | J63: 700000 | K63: 4500000 | L63: =500000+4000000 -> 4500000 | M63: 700000 | N63: 700000 | O63: =500000+4000000 -> 4500000 | P63: 4500000 | Q63: =SUM(E63:P63) -> 35000000 | R63: B. OPERASI LAINNYA | S63: ='RINCIAN B. LANGSUNG USAHA'!Q59 -> 0 | T63: =Q63-S63 -> 35000000
B64: Jumlah Biaya Operasi Pengolahan Air | E64: =SUM(E61:E63)+E44 -> 160093500 | F64: =SUM(F61:F63)+F44 -> 153124000 | G64: =SUM(G61:G63)+G44 -> 162893500 | H64: =SUM(H61:H63)+H44 -> 155452500 | I64: =SUM(I61:I63)+I44 -> 162893500 | J64: =SUM(J61:J63)+J44 -> 155880000 | K64: =SUM(K61:K63)+K44 -> 163893500 | L64: =SUM(L61:L63)+L44 -> 160867500 | ... P64: =SUM(P61:P63)+P44 -> 162893500 | Q64: =SUM(E64:P64) -> 1912645000 | S64: =SUM(S61:S63)+S44 -> 0 | T64: =SUM(T61:T63)+T44 -> 1912645000
A65: 92.02.00 | B65: BIAYA PEMELIHARAAN PENGOLAHAN
A66: 92.02.10 | B66: Pemeliharaan Bangunan dan penyemp. Tanah | Q66: =SUM(E66:P66) -> 0 | S66: ='RINCIAN B. LANGSUNG USAHA'!Q62 -> 0 | T66: =Q66-S66 -> 0
A67: 92.02.20 | B67: Pemeliharaan Instalasi Pengolahan Air | E67: 500000 | F67: 500000 | G67: 500000 | H67: 500000 | I67: 500000 | J67: 10000000 | K67: 5000000 | L67: 500000 | M67: 500000 | N67: 500000 | O67: 500000 | P67: 500000 | Q67: =SUM(E67:P67) -> 20000000 | S67: ='RINCIAN B. LANGSUNG USAHA'!Q63 -> 0 | T67: =Q67-S67 -> 20000000
A68: 92.02.30 | B68: Pemeliharaan Instalasi Pompa | F68: 1300000 | H68: 1300000 | J68: 1300000 | L68: 1300000 | N68: 1300000 | P68: 1300000 | Q68: =SUM(E68:P68) -> 7800000 | S68: ='RINCIAN B. LANGSUNG USAHA'!Q64 -> 0 | T68: =Q68-S68 -> 7800000
A69: 92.02.90 | B69: Pemeliharaan Instalasi Pengolahan Lainnya | E69: 500000 | F69: 500000 | G69: 500000 | H69: 500000 | I69: 500000 | J69: 500000 | K69: 500000 | L69: =500000 -> 500000 | M69: 500000 | N69: 500000 | O69: 500000 | P69: 500000 | Q69: =SUM(E69:P69) -> 6000000 | S69: ='RINCIAN B. LANGSUNG USAHA'!Q65 -> 0 | T69: =Q69-S69 -> 6000000
B70: Jumlah Biaya Pemeliharaan | E70: =SUM(E66:E69) -> 1000000 | F70: =SUM(F66:F69) -> 2300000 | G70: =SUM(G66:G69) -> 1000000 | H70: =SUM(H66:H69) -> 2300000 | I70: =SUM(I66:I69) -> 1000000 | J70: =SUM(J66:J69) -> 11800000 | K70: =SUM(K66:K69) -> 5500000 | L70: =SUM(L66:L69) -> 2300000 | ... P70: =SUM(P66:P69) -> 2300000 | Q70: =SUM(Q67:Q69) -> 33800000 | R70: B. PEMELIHARAAN | S70: =SUM(S66:S69) -> 0 | T70: =SUM(T66:T69) -> 33800000
B71: JUMLAH SEBELUM PENYUSUTAN | E71: =E70+E64 -> 161093500 | F71: =F70+F64 -> 155424000 | G71: =G70+G64 -> 163893500 | H71: =H70+H64 -> 157752500 | I71: =I70+I64 -> 163893500 | J71: =J70+J64 -> 167680000 | K71: =K70+K64 -> 169393500 | L71: =L70+L64 -> 163167500 | ... P71: =P70+P64 -> 165193500 | Q71: =SUM(E71:P71) -> 1946445000 | S71: =S70+S64 -> 0 | T71: =T70+T64 -> 1946445000
A72: 92.09.00 | B72: BIAYA PENYUSUTAN PENGOLAHAN | E72: =16925846+1000000 -> 17925846 | F72: =16925846+1000000 -> 17925846 | G72: =16925846+1000000 -> 17925846 | H72: =16925846+1000000 -> 17925846 | I72: =16925846+1000000 -> 17925846 | J72: =16925846+1000000 -> 17925846 | K72: =16925846+1000000 -> 17925846 | L72: =16925846+1000000 -> 17925846 | ... P72: =16925846+1000000 -> 17925846 | Q72: =SUM(E72:P72) -> 215110152 | R72: B. PENYUSUTAN | S72: ='RINCIAN B. LANGSUNG USAHA'!Q68 -> 0 | T72: =Q72-S72 -> 215110152
B73: JUMLAH BIAYA PENGOLAHAN AIR | E73: =SUM(E71:E72) -> 179019346 | F73: =SUM(F71:F72) -> 173349846 | G73: =SUM(G71:G72) -> 181819346 | H73: =SUM(H71:H72) -> 175678346 | I73: =SUM(I71:I72) -> 181819346 | J73: =SUM(J71:J72) -> 185605846 | K73: =SUM(K71:K72) -> 187319346 | L73: =SUM(L71:L72) -> 181093346 | ... P73: =SUM(P71:P72) -> 183119346 | Q73: =SUM(E73:P73) -> 2161555152 | S73: =SUM(S71:S72) -> 0 | T73: =SUM(T71:T72) -> 2161555152
A77: 93.00.00 | B77: BIAYA TRANSMISI DAN DISTRIBUSI
A78: 93.01.00 | B78: BIAYA OPERASI TRANSMISI DAN DISTRIBUSI
A79: 93.01.10 | B79: Biaya Pegawai | E79: 24500000 | F79: 24500000 | G79: 24500000 | H79: 24500000 | I79: 24500000 | J79: 24500000 | K79: 24500000 | L79: 24500000 | M79: 24500000 | N79: 24500000 | O79: 24500000 | P79: 24500000 | Q79: =SUM(E79:P79) -> 294000000 | R79: B. PEGAWAI | S79: ='RINCIAN B. LANGSUNG USAHA'!Q73 -> 0 | T79: =Q79-S79 -> 294000000
A80: 93.01.20 | B80: Biaya Pemakaian Bahan/Perlengkapan | E80: 1000000 | F80: 1000000 | G80: 1000000 | H80: 1000000 | I80: 1000000 | J80: 1000000 | K80: 1000000 | L80: 1000000 | M80: 1000000 | N80: 1000000 | O80: 1000000 | P80: 1000000 | Q80: =SUM(E80:P80) -> 12000000 | R80: B. PEMAKAIAN BAHAN PEMBANTU | S80: ='RINCIAN B. LANGSUNG USAHA'!Q86 -> 0 | T80: =Q80-S80 -> 12000000
A81: 93.01.30 | B81: Beban Bahan Bakar | E81: =200*12000 -> 2400000 | F81: =200*12000 -> 2400000 | G81: =200*12000 -> 2400000 | H81: =200*12000 -> 2400000 | I81: =200*12000 -> 2400000 | J81: =200*12000 -> 2400000 | K81: =200*12000 -> 2400000 | L81: =200*12000 -> 2400000 | ... P81: =200*12000 -> 2400000 | Q81: =SUM(E81:P81) -> 28800000 | R81: B. PEMAKAIAN BAHAN BAKAR | S81: ='RINCIAN B. LANGSUNG USAHA'!Q87 -> 0 | T81: =Q81-S81 -> 28800000
A82: 93.01.90 | B82: Rupa-Rupa Biaya Operasi | E82: 100000 | F82: 100000 | G82: 100000 | H82: 100000 | I82: 100000 | J82: 100000 | K82: 100000 | L82: 100000 | M82: 100000 | N82: 100000 | O82: 100000 | P82: 100000 | Q82: =SUM(E82:P82) -> 1200000 | R82: B. OPERASI LAINNYA | S82: ='RINCIAN B. LANGSUNG USAHA'!Q88 -> 0 | T82: =Q82-S82 -> 1200000
B83: Jumlah Biaya Operasi Trand & Dist | E83: =SUM(E79:E82) -> 28000000 | F83: =SUM(F79:F82) -> 28000000 | G83: =SUM(G79:G82) -> 28000000 | H83: =SUM(H79:H82) -> 28000000 | I83: =SUM(I79:I82) -> 28000000 | J83: =SUM(J79:J82) -> 28000000 | K83: =SUM(K79:K82) -> 28000000 | L83: =SUM(L79:L82) -> 28000000 | ... P83: =SUM(P79:P82) -> 28000000 | Q83: =SUM(E83:P83) -> 336000000 | S83: =SUM(S79:S82) -> 0 | T83: =SUM(T79:T82) -> 336000000
A84: 93.02.00 | B84: BIAYA PEMELIHARAAN TRAN & DIST
A85: 93.02.20 | B85: Pemeliharaan Reservoir dan tangki | E85: 1500000 | I85: 1500000 | N85: 1500000 | Q85: =SUM(E85:P85) -> 4500000 | R85: B. PEMELIHARAAN | S85: ='RINCIAN B. LANGSUNG USAHA'!Q91 -> 0 | T85: =Q85-S85 -> 4500000
A86: 93.02.30 | B86: Pemeliharaan Pipa Transmisi & Distribusi | E86: 22500000 | F86: 22500000 | G86: 22500000 | H86: 22500000 | I86: 22500000 | J86: 22500000 | K86: 22500000 | L86: 22500000 | M86: 22500000 | N86: 22500000 | O86: 22500000 | P86: 22500000 | Q86: =SUM(E86:P86) -> 270000000 | R86: B. PEMELIHARAAN | S86: ='RINCIAN B. LANGSUNG USAHA'!Q92 -> 0 | T86: =Q86-S86 -> 270000000
A87: 93.02.40 | B87: Pemeliharaan Pipa Dinas | Q87: =SUM(E87:P87) -> 0 | R87: B. PEMELIHARAAN | S87: ='RINCIAN B. LANGSUNG USAHA'!Q93 -> 0 | T87: =Q87-S87 -> 0
A88: 93.02.50 | B88: Pemeliharaan Instalasi Pompa | E88: 2000000 | F88: 2000000 | G88: 2000000 | H88: 2000000 | I88: 2000000 | J88: 2000000 | K88: 2000000 | L88: 2000000 | M88: 2000000 | N88: 2000000 | O88: 2000000 | P88: 2000000 | Q88: =SUM(E88:P88) -> 24000000 | R88: B. PEMELIHARAAN | S88: ='RINCIAN B. LANGSUNG USAHA'!Q94 -> 0 | T88: =Q88-S88 -> 24000000
A89: 93.02.60 | B89: Pemeliharaan Water Meter | E89: =40*488400 -> 19536000 | F89: =40*488400 -> 19536000 | G89: =40*488400 -> 19536000 | H89: =40*488400 -> 19536000 | I89: =40*488400 -> 19536000 | J89: =40*488400 -> 19536000 | K89: =40*488400 -> 19536000 | L89: =40*488400 -> 19536000 | ... P89: =40*488400 -> 19536000 | Q89: =SUM(E89:P89) -> 234432000 | R89: B. PEMELIHARAAN | S89: ='RINCIAN B. LANGSUNG USAHA'!Q95 -> 0 | T89: =Q89-S89 -> 234432000
A90: 93.02.90 | B90: Pemeliharaan Trandist Lainnya | E90: 1000000 | F90: 1000000 | G90: 1000000 | H90: 1000000 | I90: 1000000 | J90: 1000000 | K90: 1000000 | L90: 1000000 | M90: 1000000 | N90: 1000000 | O90: 1000000 | P90: 1000000 | Q90: =SUM(E90:P90) -> 12000000 | R90: B. PEMELIHARAAN | S90: ='RINCIAN B. LANGSUNG USAHA'!Q96 -> 0 | T90: =Q90-S90 -> 12000000
B91: Jumlah Biaya Pemeliharaan | E91: =SUM(E85:E90) -> 46536000 | F91: =SUM(F85:F90) -> 45036000 | G91: =SUM(G85:G90) -> 45036000 | H91: =SUM(H85:H90) -> 45036000 | I91: =SUM(I85:I90) -> 46536000 | J91: =SUM(J85:J90) -> 45036000 | K91: =SUM(K85:K90) -> 45036000 | L91: =SUM(L85:L90) -> 45036000 | ... P91: =SUM(P85:P90) -> 45036000 | Q91: =SUM(E91:P91) -> 544932000 | S91: =SUM(S84:S90) -> 0 | T91: =SUM(T84:T90) -> 544932000
B92: JUMLAH SEBELUM PENYUSUTAN | E92: =E91+E83 -> 74536000 | F92: =F91+F83 -> 73036000 | G92: =G91+G83 -> 73036000 | H92: =H91+H83 -> 73036000 | I92: =I91+I83 -> 74536000 | J92: =J91+J83 -> 73036000 | K92: =K91+K83 -> 73036000 | L92: =L91+L83 -> 73036000 | ... P92: =P91+P83 -> 73036000 | Q92: =SUM(E92:P92) -> 880932000 | S92: =S91+S83 -> 0 | T92: =T91+T83 -> 880932000
A93: 93.09.00 | B93: BIAYA PENYUSUTAN TRANS & DIST | E93: =28956548+2000000 -> 30956548 | F93: =28956548+2000000 -> 30956548 | G93: =28956548+2000000 -> 30956548 | H93: =28956548+2000000 -> 30956548 | I93: =28956548+2000000 -> 30956548 | J93: =28956548+2000000 -> 30956548 | K93: =28956548+2000000 -> 30956548 | L93: =28956548+2000000 -> 30956548 | ... P93: =28956548+2000000 -> 30956548 | Q93: =SUM(E93:P93) -> 371478576 | R93: B. PENYUSUTAN | S93: ='RINCIAN B. LANGSUNG USAHA'!Q99 -> 0 | T93: =Q93-S93 -> 371478576
B94: JUMLAH BIAYA TRAND & DIST | E94: =SUM(E92:E93) -> 105492548 | F94: =SUM(F92:F93) -> 103992548 | G94: =SUM(G92:G93) -> 103992548 | H94: =SUM(H92:H93) -> 103992548 | I94: =SUM(I92:I93) -> 105492548 | J94: =SUM(J92:J93) -> 103992548 | K94: =SUM(K92:K93) -> 103992548 | L94: =SUM(L92:L93) -> 103992548 | ... Q94: =SUM(Q92:Q93) -> 1252410576 | S94: =SUM(S92:S93) -> 0 | T94: =SUM(T92:T93) -> 1252410576
B95: BIAYA LANGSUNG SEBELUM PENYUSUTAN | E95: =E92+E71+E35 -> 334439500 | F95: =F92+F71+F35 -> 328270000 | G95: =G92+G71+G35 -> 334426005 | H95: =H92+H71+H35 -> 313098500 | I95: =I92+I71+I35 -> 320239500 | J95: =J92+J71+J35 -> 363326000 | K95: =K92+K71+K35 -> 364539500 | L95: =L92+L71+L35 -> 342313500 | ... P95: =P92+P71+P35 -> 320039500 | Q95: =SUM(E95:P95) -> 4041783505 | S95: =S92+S71+S35 -> 0 | T95: =T92+T71+T35 -> 4041783505
B96: TOTAL BIAYA PENYUSUTAN | E96: =E93+E72+E36 -> 77204105 | F96: =F93+F72+F36 -> 77204105 | G96: =G93+G72+G36 -> 77204105 | H96: =H93+H72+H36 -> 77204105 | I96: =I93+I72+I36 -> 77204105 | J96: =J93+J72+J36 -> 77204105 | K96: =K93+K72+K36 -> 77204105 | L96: =L93+L72+L36 -> 77204105 | ... P96: =P93+P72+P36 -> 77204105 | Q96: =SUM(E96:P96) -> 926449260 | R96: B. PENYUSUTAN | S96: =S93+S72+S36 -> 0 | T96: =T93+T72+T36 -> 926449260
B97: JUMLAH BIAYA OPERASI | E97: =SUM(E95:E96) -> 411643605 | F97: =SUM(F95:F96) -> 405474105 | G97: =SUM(G95:G96) -> 411630110 | H97: =SUM(H95:H96) -> 390302605 | I97: =SUM(I95:I96) -> 397443605 | J97: =SUM(J95:J96) -> 440530105 | K97: =SUM(K95:K96) -> 441743605 | L97: =SUM(L95:L96) -> 419517605 | ... Q97: =SUM(Q95:Q96) -> 4968232765 | S97: =SUM(S95:S96) -> 0 | T97: =SUM(T95:T96) -> 4968232765
S98: ='RINCIAN B. LANGSUNG USAHA'!Q104 -> 0
E100: =E94+E73+E37 -> 411643605 | F100: =F94+F73+F37 -> 405474105 | G100: =G94+G73+G37 -> 411630110 | H100: =H94+H73+H37 -> 390302605 | I100: =I94+I73+I37 -> 397443605 | J100: =J94+J73+J37 -> 440530105 | K100: =K94+K73+K37 -> 441743605 | L100: =L94+L73+L37 -> 419517605 | ... P100: =P94+P73+P37 -> 397243605 | Q100: =SUM(E100:P100) -> 4968232765

Sheet P-11. Biaya UMUM & ADM
A1: PEMERINTAH KABUPATEN SERUYAN
A2: PERUSAHAAN DAERAH AIR MINUM (PDAM) | Q2: P-11
A4: RENCANA BIAYA UMUM DAN ADMINISTRASI
A5: TAHUN ANGGARAN 2023
A7: PDAM KABUPATEN SERUYAN
A8: NO | B8: URAIAN | E8: BULAN | Q8: JUMLAH | R8: MAPPING BEBAN | S8: REALISASI | T8: SISA ANGGARAN
A9: PERK. | E9: 1 | F9: 2 | G9: 3 | H9: 4 | I9: 5 | J9: 6 | K9: 7 | L9: 8 | M9: 9 | N9: 10 | O9: 11 | P9: 12 | Q9: 2023 | R9: SAK - ETAP | S9: 2023 | T9: 2023
A10: 1 | B10: 2 | E10: 3 | F10: 4 | G10: 5 | H10: 6 | I10: 7 | J10: 8 | K10: 9 | L10: 10 | M10: 11 | N10: 12 | O10: 13 | P10: 14 | Q10: 15 | R10: 16 | S10: 17 | T10: 17
A11: 96.01.00 | B11: BIAYA PEGAWAI
A12: 96.01.10 | B12: Gaji dan Tunjangan Pegawai
B13: Direktur | E13: 17550000 | F13: 17550000 | G13: 17550000 | H13: 17550000 | I13: 17550000 | J13: 17550000 | K13: 17550000 | L13: 17550000 | M13: 17550000 | N13: 17550000 | O13: 17550000 | P13: 17550000 | Q13: =SUM(E13:P13) -> 210600000
B14: Pegawai Induk PDAM | E14: =110000000-E13 -> 92450000 | F14: =110000000-F13 -> 92450000 | G14: =110000000-G13 -> 92450000 | H14: =110000000-H13 -> 92450000 | I14: =110000000-I13 -> 92450000 | J14: =110000000-J13 -> 92450000 | K14: =110000000-K13 -> 92450000 | L14: =110000000-L13 -> 92450000 | ... P14: =110000000-P13 -> 92450000 | Q14: =SUM(E14:P14) -> 1109400000
B15: Jumlah Gaji dan Honor Pegawai | E15: =SUM(E13:E14) -> 110000000 | F15: =SUM(F13:F14) -> 110000000 | G15: =SUM(G13:G14) -> 110000000 | H15: =SUM(H13:H14) -> 110000000 | I15: =SUM(I13:I14) -> 110000000 | J15: =SUM(J13:J14) -> 110000000 | K15: =SUM(K13:K14) -> 110000000 | L15: =SUM(L13:L14) -> 110000000 | ... Q15: =SUM(Q13:Q14) -> 1320000000 | R15: B. PEGAWAI | S15: ='RINCIAN B. TDK LANGSUNG'!#REF! -> #REF! | T15: =Q15-S15 -> #REF!
A16: 96.01.30 | B16: Iuran Pensiun | E16: 20000000 | F16: 20000000 | G16: 20000000 | H16: 20000000 | I16: 20000000 | J16: 20000000 | K16: 20000000 | L16: 20000000 | M16: 20000000 | N16: 20000000 | O16: 20000000 | P16: 20000000 | Q16: =SUM(E16:P16) -> 240000000 | S16: ='RINCIAN B. TDK LANGSUNG'!#REF! -> #REF! | T16: =Q16-S16 -> #REF!
A17: 96.01.50 | B17: Insentife/Kesejahteraan Karyawan | Q17: =SUM(Q18:Q20) -> 452800320 | S17: ='RINCIAN B. TDK LANGSUNG'!#REF! -> #REF! | T17: =Q17-S17 -> #REF!
B18: Uang Makan/Minum Pegawai | E18: 27500000 | F18: 27500000 | G18: 27500000 | H18: 27500000 | I18: 27500000 | J18: 27500000 | K18: 27500000 | L18: 27500000 | M18: 27500000 | N18: 27500000 | O18: 27500000 | P18: 27500000 | Q18: =SUM(E18:P18) -> 330000000
B19: Honor Tim Pengadaan dan Tim Kegiatan | F19: =7000000+(4*3000000) -> 19000000 | H19: =3000000+11000000 -> 14000000 | I19: 3000000 | J19: 6000000 | L19: 6000000 | N19: 6000000 | O19: 3000000 | P19: 12000000 | Q19: =SUM(E19:P19) -> 69000000
B20: Pesangon dan Jasa Pengabdian | E20: 36250320 | I20: 17550000 | Q20: =SUM(E20:P20) -> 53800320
B21: Gaji Ke 13 (Tunjangan Hari Raya) | H21: =H15+'[7]P-10. Biaya Operasi'!H79+'[7]P-10. Biaya Operasi'!H44 -> 193500000 | Q21: =SUM(E21:P21) -> 193500000 | S21: ='RINCIAN B. TDK LANGSUNG'!#REF! -> #REF! | T21: =Q21-S21 -> #REF!
B22: Gaji ke 14 (Tunjangan Cuti) | P22: 120000000 | Q22: =SUM(E22:P22) -> 120000000 | S22: ='RINCIAN B. TDK LANGSUNG'!#REF! -> #REF! | T22: =Q22-S22 -> #REF!
A23: 96.01.60 | B23: Pembinaan Karyawan & Pakaian Dinas | E23: =(500000*47) -> 23500000 | G23: =(600000*47) -> 28200000 | Q23: =SUM(E23:P23) -> 51700000 | S23: ='RINCIAN B. TDK LANGSUNG'!Q23 -> 0 | T23: =Q23-S23 -> 51700000
A24: 96.01.70 | B24: Bantuan dan Sumbangan Uang Duka | E24: 250000 | F24: 250000 | G24: 250000 | H24: 250000 | I24: 250000 | J24: 250000 | K24: 250000 | L24: 250000 | M24: 250000 | N24: 250000 | O24: 250000 | P24: 250000 | Q24: =SUM(E24:P24) -> 3000000 | S24: ='RINCIAN B. TDK LANGSUNG'!Q24 -> 0 | T24: =Q24-S24 -> 3000000
A25: 96.01.80 | B25: Pendidikan dan latihan | E25: 10000000 | F25: 12500000 | G25: 10000000 | H25: 10000000 | I25: 12500000 | J25: 12500000 | K25: 15000000 | L25: 15000000 | M25: 15000000 | N25: 15000000 | O25: 15000000 | P25: 12500000 | Q25: =SUM(E25:P25) -> 155000000 | S25: ='RINCIAN B. TDK LANGSUNG'!Q25 -> 0 | T25: =Q25-S25 -> 155000000
A26: 96.01.90 | B26: Rupa-Rupa Biaya Pegawai | Q26: =SUM(E26:P26) -> 0 | T26: =Q26-S26 -> 0
B27: Pajak Pegawai | E27: 7500000 | F27: 2500000 | G27: 2500000 | H27: 2500000 | I27: 5000000 | J27: 2500000 | K27: 2500000 | L27: 2500000 | M27: 2500000 | N27: 2500000 | O27: 2500000 | P27: 2500000 | Q27: =SUM(E27:P27) -> 37500000 | S27: ='RINCIAN B. TDK LANGSUNG'!Q28 -> 0 | T27: =Q27-S27 -> 37500000
B28: Jumlah Biaya Pegawai | E28: =SUM(E15:E27) -> 235000320 | F28: =SUM(F15:F27) -> 191750000 | G28: =SUM(G15:G27) -> 198450000 | H28: =SUM(H15:H27) -> 377750000 | I28: =SUM(I15:I27) -> 195800000 | J28: =SUM(J15:J27) -> 178750000 | K28: =SUM(K15:K27) -> 175250000 | L28: =SUM(L15:L27) -> 181250000 | ... P28: =SUM(P15:P27) -> 304750000 | Q28: =SUM(E28:P28) -> 2573500320 | R28: B. PEGAWAI | S28: =SUM(S15:S27) -> #REF! | T28: =SUM(T15:T27) -> #REF!
A29: 96.02.00 | B29: BIAYA KANTOR
A30: 96.02.10 | B30: Biaya Alat Tulis Kantor dan Fotocopy | E30: 2200000 | F30: 2200000 | G30: 2200000 | H30: 2200000 | I30: 2200000 | J30: 2200000 | K30: 2200000 | L30: 2200000 | M30: 2200000 | N30: 2200000 | O30: 2200000 | P30: 2200000 | Q30: =SUM(E30:P30) -> 26400000 | S30: ='RINCIAN B. TDK LANGSUNG'!Q31 -> 0 | T30: =Q30-S30 -> 26400000
A31: 96.02.20 | B31: Barang-barang Cetakkan | E31: 1500000 | I31: 1500000 | N31: 1500000 | Q31: =SUM(E31:P31) -> 4500000 | S31: ='RINCIAN B. TDK LANGSUNG'!Q32 -> 0 | T31: =Q31-S31 -> 4500000
A32: 96.02.30 | B32: Perlengkapan Komputer | E32: 1500000 | F32: 500000 | G32: 500000 | H32: 500000 | I32: 500000 | J32: 1500000 | K32: 500000 | L32: 500000 | M32: 500000 | N32: 500000 | O32: 1500000 | P32: 500000 | Q32: =SUM(E32:P32) -> 9000000 | S32: ='RINCIAN B. TDK LANGSUNG'!Q33 -> 0 | T32: =Q32-S32 -> 9000000
A33: 96.02.40 | B33: Biaya Telepon, Telek dan Telegram | E33: 100000 | F33: 100000 | G33: 100000 | H33: 100000 | I33: 100000 | J33: 100000 | K33: 100000 | L33: 100000 | M33: 100000 | N33: 100000 | O33: 100000 | P33: 100000 | Q33: =SUM(E33:P33) -> 1200000 | S33: ='RINCIAN B. TDK LANGSUNG'!Q34 -> 0 | T33: =Q33-S33 -> 1200000
A34: 96.02.50 | B34: Biaya Rapat dan Tamu | E34: 4000000 | F34: 500000 | G34: 10000000 | H34: 4000000 | I34: 500000 | J34: 500000 | K34: 4000000 | L34: 500000 | M34: 500000 | N34: 4000000 | O34: 500000 | P34: 500000 | Q34: =SUM(E34:P34) -> 29500000 | S34: ='RINCIAN B. TDK LANGSUNG'!Q37 -> 0 | T34: =Q34-S34 -> 29500000
A35: 96.02.60 | B35: Benda Pos dan materai | E35: 550000 | F35: 550000 | G35: 550000 | H35: 550000 | I35: 550000 | J35: 550000 | K35: 550000 | L35: 550000 | M35: 550000 | N35: 550000 | O35: 550000 | P35: 550000 | Q35: =SUM(E35:P35) -> 6600000 | S35: ='RINCIAN B. TDK LANGSUNG'!Q38 -> 0 | T35: =Q35-S35 -> 6600000
A36: 96.02.70 | B36: Biaya Listrik/Penerangan | E36: 3500000 | F36: 3500000 | G36: 3500000 | H36: 3500000 | I36: 3500000 | J36: 3500000 | K36: 3500000 | L36: 3500000 | M36: 3500000 | N36: 3500000 | O36: 3500000 | P36: 3500000 | Q36: =SUM(E36:P36) -> 42000000 | S36: ='RINCIAN B. TDK LANGSUNG'!Q39 -> 0 | T36: =Q36-S36 -> 42000000
A37: 96.02.80 | B37: Biaya cleaning Service | E37: 2300000 | F37: 2300000 | G37: 2300000 | H37: 2300000 | I37: 2300000 | J37: 2300000 | K37: 2300000 | L37: 2300000 | M37: 2300000 | N37: 2300000 | O37: 2300000 | P37: 2300000 | Q37: =SUM(E37:P37) -> 27600000 | S37: ='RINCIAN B. TDK LANGSUNG'!Q40 -> 0 | T37: =Q37-S37 -> 27600000
A38: 96.02.90 | B38: Rupa-rupa Biaya Kantor | T38: =Q38-S38 -> 0
B39: Paket Internet (Wifi) | E39: 1800000 | F39: 1800000 | G39: 1800000 | H39: 1800000 | I39: 1800000 | J39: 1800000 | K39: 1800000 | L39: 1800000 | M39: 1800000 | N39: 1800000 | O39: 1800000 | P39: 1800000 | Q39: =SUM(E39:P39) -> 21600000 | S39: ='RINCIAN B. TDK LANGSUNG'!Q42 -> 0 | T39: =Q39-S39 -> 21600000
B40: Rupa-rupa biaya kantor lainnya | E40: 1000000 | F40: 1000000 | G40: 1000000 | H40: 1000000 | I40: 1000000 | J40: 1000000 | K40: 1000000 | L40: 1000000 | M40: 1000000 | N40: 1000000 | O40: 1000000 | P40: 1000000 | Q40: =SUM(E40:P40) -> 12000000 | S40: ='RINCIAN B. TDK LANGSUNG'!Q43 -> 0 | T40: =Q40-S40 -> 12000000
B41: Jumlah Biaya Kantor | E41: =SUM(E30:E40) -> 18450000 | F41: =SUM(F30:F40) -> 12450000 | G41: =SUM(G30:G40) -> 21950000 | H41: =SUM(H30:H40) -> 15950000 | I41: =SUM(I30:I40) -> 13950000 | J41: =SUM(J30:J40) -> 13450000 | K41: =SUM(K30:K40) -> 15950000 | L41: =SUM(L30:L40) -> 12450000 | ... P41: =SUM(P30:P40) -> 12450000 | Q41: =SUM(E41:P41) -> 180400000 | R41: B. KANTOR | S41: =SUM(S30:S40) -> 0 | T41: =SUM(T30:T40) -> 180400000
A42: 96.03.00 | B42: BIAYA HUBUNGAN PELANGGAN | Q42: =SUM(E42:P42) -> 0
A43: 96.03.30 | B43: Biaya Penagihan Rekening Air | Q43: =SUM(E43:P43) -> 0 | S43: ='RINCIAN B. TDK LANGSUNG'!Q46 -> 0 | T43: =Q43-S43 -> 0
A44: 96.03.70 | B44: Biaya Promosi | E44: 2000000 | F44: 200000 | G44: 200000 | H44: 200000 | I44: 2000000 | J44: 200000 | K44: 2000000 | L44: 2000000 | M44: 200000 | N44: 200000 | O44: 200000 | P44: 1000000 | Q44: =SUM(E44:P44) -> 10400000 | S44: ='RINCIAN B. TDK LANGSUNG'!Q47 -> 0 | T44: =Q44-S44 -> 10400000
A45: 96.03.90 | B45: Rupa-rupa Biaya Langganan | E45: 3000000 | F45: 200000 | G45: 200000 | H45: 200000 | I45: 3000000 | J45: 200000 | K45: 200000 | L45: 3000000 | M45: 200000 | N45: 200000 | O45: 3000000 | P45: 200000 | Q45: =SUM(E45:P45) -> 13600000 | S45: ='RINCIAN B. TDK LANGSUNG'!Q48 -> 0 | T45: =Q45-S45 -> 13600000
B46: Jumlah Biaya Hubungan Langganan | E46: =SUM(E43:E45) -> 5000000 | F46: =SUM(F43:F45) -> 400000 | G46: =SUM(G43:G45) -> 400000 | H46: =SUM(H43:H45) -> 400000 | I46: =SUM(I43:I45) -> 5000000 | J46: =SUM(J43:J45) -> 400000 | K46: =SUM(K43:K45) -> 2200000 | L46: =SUM(L43:L45) -> 5000000 | ... P46: =SUM(P43:P45) -> 1200000 | Q46: =SUM(E46:P46) -> 24000000 | R46: B. HUBUNGAN LANGGANAN | S46: =SUM(S43:S45) -> 0 | T46: =SUM(T43:T45) -> 24000000
A47: 96.04.00 | B47: BIAYA PENELITIAN DAN PENGEMBANGAN
B48: Pembuatan UKL UPL | I48: 100000000 | Q48: =SUM(E48:P48) -> 100000000 | S48: ='RINCIAN B. TDK LANGSUNG'!Q51 -> 0 | T48: =Q48-S48 -> 100000000
B49: Jumlah Biaya penelitian dan Pengembangan | E49: =SUM(E48:E48) -> 0 | F49: =SUM(F48:F48) -> 0 | G49: =SUM(G48:G48) -> 0 | H49: =SUM(H48:H48) -> 0 | I49: =SUM(I48:I48) -> 100000000 | J49: =SUM(J48:J48) -> 0 | K49: =SUM(K48:K48) -> 0 | L49: =SUM(L48:L48) -> 0 | ... P49: =SUM(P48:P48) -> 0 | Q49: =SUM(E49:P49) -> 100000000 | R49: B. PENELITIAN DAN PENGEMBANGAN | S49: =SUM(S48) -> 0 | T49: =SUM(T48) -> 100000000
A50: 96.06.00 | B50: BIAYA PEMELIHARAAN | Q50: =SUM(E50:P50) -> 0
A51: 96.06.10 | B51: Pemeliharaan Inventaris Kantor | E51: 500000 | F51: 500000 | G51: 500000 | H51: 500000 | I51: 4000000 | J51: 500000 | K51: 500000 | L51: 500000 | M51: 500000 | N51: 500000 | O51: 4000000 | P51: 500000 | Q51: =SUM(E51:P51) -> 13000000 | S51: ='RINCIAN B. TDK LANGSUNG'!Q54 -> 0 | T51: =Q51-S51 -> 13000000
A52: 96.06.20 | B52: Pemeliharaan Kendaraan | E52: =3000000+(200*12000)+3000000+1200000 -> 9600000 | F52: =3000000+(200*12000) -> 5400000 | G52: =3000000+(200*12000)+7000000+2100000 -> 14500000 | H52: =3000000+(200*12000) -> 5400000 | I52: =3000000+(200*12000) -> 5400000 | J52: =3000000+(200*12000) -> 5400000 | K52: =3000000+(200*12000)+300000 -> 5700000 | L52: =3000000+(200*12000) -> 5400000 | M52: =3000000+(200*12000) -> 5400000 | N52: =3000000+(200*12000)+(12*300000) -> 9000000 | O52: =3000000+(200*12000) -> 5400000 | P52: =3000000+(200*12000) -> 5400000 | Q52: =SUM(E52:P52) -> 82000000 | S52: ='RINCIAN B. TDK LANGSUNG'!Q55 -> 0 | T52: =Q52-S52 -> 82000000
A53: 96.06.30 | B53: Pemeliharaan Bangunan | E53: 500000 | F53: 500000 | G53: 500000 | H53: 500000 | I53: 500000 | J53: 15000000 | K53: 500000 | L53: 500000 | M53: 500000 | N53: 500000 | O53: 500000 | P53: 500000 | Q53: =SUM(E53:P53) -> 20500000 | S53: ='RINCIAN B. TDK LANGSUNG'!Q56 -> 0 | T53: =Q53-S53 -> 20500000
A54: 96.06.40 | B54: Pemeliharaan Instalasi | E54: 1500000 | F54: 1500000 | G54: 1500000 | H54: 1500000 | I54: 1500000 | J54: 1500000 | K54: 1500000 | L54: 1500000 | M54: 1500000 | N54: 1500000 | O54: 1500000 | P54: 1500000 | Q54: =SUM(E54:P54) -> 18000000 | S54: ='RINCIAN B. TDK LANGSUNG'!Q57 -> 0 | T54: =Q54-S54 -> 18000000
A55: 96.06.50 | B55: Pemeliharaan Taman dan Lapangan | E55: 500000 | F55: 500000 | G55: 500000 | H55: 500000 | I55: 500000 | J55: 500000 | K55: 500000 | L55: 500000 | M55: 500000 | N55: 500000 | O55: 500000 | P55: 500000 | Q55: =SUM(E55:P55) -> 6000000 | S55: ='RINCIAN B. TDK LANGSUNG'!Q58 -> 0 | T55: =Q55-S55 -> 6000000
B56: Jumlah Biaya Pemeliharaan | E56: =SUM(E51:E55) -> 12600000 | F56: =SUM(F51:F55) -> 8400000 | G56: =SUM(G51:G55) -> 17500000 | H56: =SUM(H51:H55) -> 8400000 | I56: =SUM(I51:I55) -> 11900000 | J56: =SUM(J51:J55) -> 22900000 | K56: =SUM(K51:K55) -> 8700000 | L56: =SUM(L51:L55) -> 8400000 | ... P56: =SUM(P51:P55) -> 8400000 | Q56: =SUM(E56:P56) -> 139500000 | R56: B. PEMELIHARAAN | S56: =SUM(S51:S55) -> 0 | T56: =SUM(T51:T55) -> 139500000 | U56: =Q56-S56 -> 139500000
A57: 96.07.00 | B57: BIAYA PENYIS. DAN PENGHAPUSAN PIUTANG
A58: 96.07.10 | B58: Biaya Penyisihan Piutang | P58: 50000000 | Q58: =SUM(E58:P58) -> 50000000 | R58: B. PENYISIHAN & PENGHAPUSAN PIUTANG | S58: ='RINCIAN B. TDK LANGSUNG'!#REF! -> #REF! | T58: =Q58-S58 -> #REF!
A59: 96.07.20 | B59: Biaya Penghapusan Piutang | Q59: =SUM(E59:P59) -> 0 | R59: B. PENYISIHAN & PENGHAPUSAN PIUTANG | S59: ='RINCIAN B. TDK LANGSUNG'!#REF! -> #REF! | T59: =Q59-S59 -> #REF!
B60: Jumlah Biaya Penyish & Penghapusan Piutang | E60: =SUM(E57:E59) -> 0 | F60: =SUM(F57:F59) -> 0 | G60: =SUM(G57:G59) -> 0 | H60: =SUM(H57:H59) -> 0 | I60: =SUM(I57:I59) -> 0 | J60: =SUM(J57:J59) -> 0 | K60: =SUM(K57:K59) -> 0 | L60: =SUM(L57:L59) -> 0 | ... P60: =SUM(P57:P59) -> 50000000 | Q60: =SUM(E60:P60) -> 50000000 | S60: =SUM(S58:S59) -> #REF! | T60: =SUM(T58:T59) -> #REF!
A61: 96.08.00 | B61: RUPA-RUPA BIAYA UMUM | Q61: =SUM(E61:P61) -> 0
A62: 96.08.10 | B62: Biaya Iuran/Berlangganan
B63: Biaya Iuran Keanggotaan | E63: 1850000 | F63: 1850000 | G63: 1850000 | H63: 1850000 | I63: 1850000 | J63: 1850000 | K63: 1850000 | L63: 1850000 | M63: 1850000 | N63: 1850000 | O63: 1850000 | P63: 1850000 | Q63: =SUM(E63:P63) -> 22200000 | R63: B. OPERASI LAINNYA | S63: ='RINCIAN B. TDK LANGSUNG'!#REF! -> #REF! | T63: =Q63-S63 -> #REF!
B64: Biaya Langganan Media Cetak | E64: 700000 | F64: 700000 | G64: 700000 | H64: 700000 | I64: 700000 | J64: 700000 | K64: 700000 | L64: 700000 | M64: 700000 | N64: 700000 | O64: 700000 | P64: 700000 | Q64: =SUM(E64:P64) -> 8400000 | R64: B. OPERASI LAINNYA | S64: ='RINCIAN B. TDK LANGSUNG'!#REF! -> #REF! | T64: =Q64-S64 -> #REF!
A65: 96.08.20 | B65: Biaya Badan Pengawas | E65: 18500000 | F65: 18500000 | G65: 18500000 | H65: 18500000 | I65: 18500000 | J65: 18500000 | K65: 18500000 | L65: 18500000 | M65: 18500000 | N65: 18500000 | O65: 18500000 | P65: 18500000 | Q65: =SUM(E65:P65) -> 222000000 | R65: B. PEGAWAI | S65: ='RINCIAN B. TDK LANGSUNG'!Q63 -> 0 | T65: =Q65-S65 -> 222000000
A66: 96.08.30 | B66: Biaya Perjalanan Dinas | E66: 30000000 | F66: 30000000 | G66: 30000000 | H66: 30000000 | I66: 30000000 | J66: 30000000 | K66: 30000000 | L66: 30000000 | M66: 30000000 | N66: 30000000 | O66: 30000000 | P66: 30000000 | Q66: =SUM(E66:P66) -> 360000000 | R66: B. OPERASI LAINNYA | S66: ='RINCIAN B. TDK LANGSUNG'!Q64 -> 0 | T66: =Q66-S66 -> 360000000
A67: 96.08.40 | B67: Biaya Jasa Profesional | Q67: =SUM(E67:P67) -> 0 | T67: =Q67-S67 -> 0
B68: Biaya Audit | E68: 25000000 | G68: 50000000 | Q68: =SUM(E68:P68) -> 75000000 | R68: B. OPERASI LAINNYA | S68: ='RINCIAN B. TDK LANGSUNG'!Q66 -> 0 | T68: =Q68-S68 -> 75000000
B69: Biaya Jasa Manajemen | Q69: =SUM(E69:P69) -> 0 | R69: B. OPERASI LAINNYA | T69: =Q69-S69 -> 0
A70: 96.08.50 | B70: Biaya Sewa | Q70: =SUM(E70:P70) -> 0 | R70: B. SEWA | T70: =Q70-S70 -> 0
A71: 96.08.60 | B71: Biaya Asuransi / Keamanan | Q71: =SUM(E71:P71) -> 0 | T71: =Q71-S71 -> 0
B72: Biaya Asuransi | E72: 15000000 | F72: 15000000 | G72: 15000000 | H72: 15000000 | I72: 15000000 | J72: 15000000 | K72: 15000000 | L72: 15000000 | M72: 15000000 | N72: 15000000 | O72: 15000000 | P72: 15000000 | Q72: =SUM(E72:P72) -> 180000000 | R72: B. OPERASI LAINNYA | S72: ='RINCIAN B. TDK LANGSUNG'!#REF! -> #REF! | T72: =Q72-S72 -> #REF!
B73: Biaya Keamanan | E73: 2750000 | F73: 2750000 | G73: 2750000 | H73: 2750000 | I73: 2750000 | J73: 2750000 | K73: 2750000 | L73: 2750000 | M73: 2750000 | N73: 2750000 | O73: 2750000 | P73: 2750000 | Q73: =SUM(E73:P73) -> 33000000 | R73: B. OPERASI LAINNYA | S73: ='RINCIAN B. TDK LANGSUNG'!#REF! -> #REF! | T73: =Q73-S73 -> #REF!
A74: 96.08.70 | B74: Biaya Pajak Pemda/Perijinan | Q74: =SUM(E74:P74) -> 0 | S74: ='RINCIAN B. TDK LANGSUNG'!Q71 -> 0 | T74: =Q74-S74 -> 0
B75: Pajak Bumi dan Bangunan | M75: 1500000 | Q75: =SUM(E75:P75) -> 1500000 | R75: B. OPERASI LAINNYA | T75: =Q75-S75 -> 1500000
A76: 96.08.90 | B76: Rupa-rupa Biaya Umum Lainnya | Q76: =SUM(E76:P76) -> 0 | T76: =Q76-S76 -> 0
B77: Assesement dan Pelantikan Direktur | J77: 50000000 | Q77: =SUM(E77:P77) -> 50000000 | R77: B. OPERASI LAINNYA | S77: ='RINCIAN B. TDK LANGSUNG'!Q72 -> 0 | T77: =Q77-S77 -> 50000000
B78: Pawai & EXPO Seruyan | L78: =(47*750000)+25000000 -> 60250000 | Q78: =SUM(E78:P78) -> 60250000 | S78: ='RINCIAN B. TDK LANGSUNG'!Q73 -> 0 | T78: =Q78-S78 -> 60250000
B79: Biaya Umum Lainnya | E79: =1500000+(290000*47) -> 15130000 | F79: 1500000 | G79: 1500000 | H79: 1500000 | I79: 1500000 | J79: 1500000 | K79: 1500000 | L79: 1500000 | M79: 1500000 | N79: 1500000 | O79: 1500000 | P79: 1500000 | Q79: =SUM(E79:P79) -> 31630000 | R79: B. OPERASI LAINNYA | S79: ='RINCIAN B. TDK LANGSUNG'!Q74 -> 0 | T79: =Q79-S79 -> 31630000
B80: Jumlah Rupa-rupa biaya umum lainnya | E80: =SUM(E61:E79) -> 108930000 | F80: =SUM(F61:F79) -> 70300000 | G80: =SUM(G61:G79) -> 120300000 | H80: =SUM(H61:H79) -> 70300000 | I80: =SUM(I61:I79) -> 70300000 | J80: =SUM(J61:J79) -> 120300000 | K80: =SUM(K61:K79) -> 70300000 | L80: =SUM(L61:L79) -> 130550000 | ... P80: =SUM(P61:P79) -> 70300000 | Q80: =SUM(E80:P80) -> 1043980000 | S80: =SUM(S63:S79) -> #REF! | T80: =SUM(T63:T79) -> #REF! | U80: =Q80-S80 -> #REF!
B81: Jumlah Biaya Umum dan Adm sebelum penyust | E81: =E80+E56+E46+E41+E28+E49+E60 -> 379980320 | F81: =F80+F56+F46+F41+F28+F49+F60 -> 283300000 | G81: =G80+G56+G46+G41+G28+G49+G60 -> 358600000 | H81: =H80+H56+H46+H41+H28+H49+H60 -> 472800000 | I81: =I80+I56+I46+I41+I28+I49+I60 -> 396950000 | J81: =J80+J56+J46+J41+J28+J49+J60 -> 335800000 | K81: =K80+K56+K46+K41+K28+K49+K60 -> 272400000 | L81: =L80+L56+L46+L41+L28+L49+L60 -> 337650000 | ... P81: =P80+P56+P46+P41+P28+P49+P60 -> 447100000 | Q81: =SUM(E81:P81) -> 4111380320 | S81: =S80+S56+S46+S41+S28+S49+S60 -> #REF! | T81: =T80+T56+T46+T41+T28+T49+T60 -> #REF! | U81: =Q81-S81 -> #REF!
A82: 96.09.00 | B82: BIAYA PENYST. DAN AMORTISASI NON PABRIK AIR | E82: =12130334+10323166+12195784+4778383+1267969+1000000 -> 41695636 | F82: =12130334+10323166+12195784+4778383+1267969+1000000 -> 41695636 | G82: =12130334+10323166+12195784+4778383+1267969+1000000 -> 41695636 | H82: =12130334+10323166+12195784+4778383+1267969+1000000 -> 41695636 | I82: =12130334+10323166+12195784+4778383+1267969+1000000 -> 41695636 | J82: =12130334+10323166+12195784+4778383+1267969+1000000 -> 41695636 | K82: =12130334+10323166+12195784+4778383+1267969+1000000 -> 41695636 | L82: =12130334+10323166+12195784+4778383+1267969+1000000 -> 41695636 | ... P82: =12130334+10323166+12195784+4778383+1267969+1000000 -> 41695636 | Q82: =SUM(E82:P82) -> 500347632 | R82: B. PENYUSUTAN & AMORTISASI | S82: ='RINCIAN B. TDK LANGSUNG'!Q78+'RINCIAN B. TDK LANGSUNG'!Q79 -> 0 | T82: =Q82-S82 -> 500347632
B83: JUMLAH BIAYA UMUM & ADM | E83: =SUM(E81:E82) -> 421675956 | F83: =SUM(F81:F82) -> 324995636 | G83: =SUM(G81:G82) -> 400295636 | H83: =SUM(H81:H82) -> 514495636 | I83: =SUM(I81:I82) -> 438645636 | J83: =SUM(J81:J82) -> 377495636 | K83: =SUM(K81:K82) -> 314095636 | L83: =SUM(L81:L82) -> 379345636 | ... Q83: =SUM(Q81:Q82) -> 4611727952 | S83: =SUM(S81:S82) -> #REF! | T83: =SUM(T81:T82) -> #REF! | U83: =Q83-S83 -> #REF!
Q84: =Q83+'[7]P-10. Biaya Operasi'!Q97 -> 9579960717 | S84: ='RINCIAN B. TDK LANGSUNG'!Q80 -> 0

Sheet lama
A1: PEMERINTAH KABUPATEN SERUYAN
A2: PERUSAHAAN DAERAH AIR MINUM (PDAM) | Q2: P-10
A4: RENCANA BIAYA OPERASI
A5: TAHUN ANGGARAN 2022
A7: PDAM KABUPATEN SERUYAN
A8: NO | B8: URAIAN | E8: BULAN | Q8: JUMLAH | R8: REALISASI | S8: SISA ANGGARAN | T8: MAPPING BEBAN SAK - ETAP
A9: PERK. | E9: 1 | F9: 2 | G9: 3 | H9: 4 | I9: 5 | J9: 6 | K9: 7 | L9: 8 | M9: 9 | N9: 10 | O9: 11 | P9: 12 | Q9: 2022 | R9: 2022 | S9: 2022
A10: 1 | B10: 2 | E10: 3 | F10: 4 | G10: 5 | H10: 6 | I10: 7 | J10: 8 | K10: 9 | L10: 10 | M10: 11 | N10: 12 | O10: 13 | P10: 14 | Q10: 15 | R10: 16 | S10: 17 | T10: 18
A11: 91.00.00 | B11: BIAYA SUMBER AIR | Q11: =SUM(F11:P11) -> 0
A12: 91.01.00 | B12: BIAYA OPERASIONAL SUMBER AIR | Q12: =SUM(F12:P12) -> 0
A13: 91.01.10 | B13: Biaya Pegawai | Q13: =SUM(E13:P13) -> 0 | T13: B. PEGAWAI
A14: 91.01.20 | B14: Pemakaian Bahan bakar (SOLAR) | Q14: =SUM(E14:P14) -> 0
C15: Intake Sei. Mitak | E15: 1500000 | F15: 1500000 | G15: 1500000 | H15: 1500000 | I15: 1500000 | J15: 1500000 | K15: 1500000 | L15: 1500000 | M15: 1500000 | N15: 1500000 | O15: 1500000 | P15: 1500000 | Q15: =SUM(E15:P15) -> 18000000
C16: Intake Tanjung Paring | J16: 20000000 | K16: 20000000 | L16: 20000000 | M16: 20000000 | N16: 20000000 | Q16: =SUM(E16:P16) -> 100000000
C17: Jumlah Bahan Bakar | E17: =SUM(E15:E16) -> 1500000 | F17: =SUM(F15:F16) -> 1500000 | G17: =SUM(G15:G16) -> 1500000 | H17: =SUM(H15:H16) -> 1500000 | I17: =SUM(I15:I16) -> 1500000 | J17: =SUM(J15:J16) -> 21500000 | K17: =SUM(K15:K16) -> 21500000 | L17: =SUM(L15:L16) -> 21500000 | ... Q17: =SUM(Q15:Q16) -> 118000000 | R17: ='RINCIAN B. LANGSUNG USAHA'!Q18 -> 0 | S17: =Q17-R17 -> 118000000 | T17: B. PEMAKAIAN BAHAN BAKAR
A18: 91.01.30 | B18: Biaya Listrik PLN | Q18: =SUM(E18:P18) -> 0
C19: Induk PDAM | E19: 44943795 | F19: 52094279 | G19: 44199643 | H19: 45000000 | I19: 45000000 | J19: 45000000 | K19: 45000000 | L19: 45000000 | M19: 45000000 | N19: 45000000 | O19: 45000000 | P19: 45000000 | Q19: =SUM(E19:P19) -> 546237717
C20: IKK Kartika Bhakti | E20: 4993172 | F20: 7330841 | G20: 7111536 | H20: 6500000 | I20: 6500000 | J20: 6500000 | K20: 6500000 | L20: 6500000 | M20: 6500000 | N20: 6500000 | O20: 6500000 | P20: 6500000 | Q20: =SUM(E20:P20) -> 77935549
C21: IKK Pembuang Hulu | E21: 18021188 | F21: 18987404 | G21: 22605944 | H21: 21000000 | I21: 21000000 | J21: 21000000 | K21: 21000000 | L21: 21000000 | M21: 21000000 | N21: 21000000 | O21: 21000000 | P21: 21000000 | Q21: =SUM(E21:P21) -> 248614536
C22: Jumlah Biaya Listrik PLN | E22: =SUM(E19:E21) -> 67958155 | F22: =SUM(F19:F21) -> 78412524 | G22: =SUM(G19:G21) -> 73917123 | H22: =SUM(H19:H21) -> 72500000 | I22: =SUM(I19:I21) -> 72500000 | J22: =SUM(J19:J21) -> 72500000 | K22: =SUM(K19:K21) -> 72500000 | L22: =SUM(L19:L21) -> 72500000 | ... Q22: =SUM(Q19:Q21) -> 872787802 | R22: ='RINCIAN B. LANGSUNG USAHA'!Q19 -> 0 | S22: =Q22-R22 -> 872787802 | T22: B. LISTRIK
A23: 91.01.40 | B23: Pemakaian Bahan Pembantu | E23: 500000 | F23: 0 | G23: 0 | H23: 500000 | I23: 0 | J23: 500000 | K23: 0 | L23: 0 | M23: 0 | N23: 0 | O23: 500000 | P23: 0 | Q23: =SUM(E23:P23) -> 2000000 | R23: ='RINCIAN B. LANGSUNG USAHA'!Q20 -> 0 | S23: =Q23-R23 -> 2000000 | T23: B. PEMAKAIAN BAHAN PEMBANTU
A24: 91.01.90 | B24: Rupa-Rupa Biaya Operasi | F24: 500000 | I24: 500000 | M24: 500000 | P24: 500000 | Q24: =SUM(E24:P24) -> 2000000 | R24: ='RINCIAN B. LANGSUNG USAHA'!Q21 -> 0 | S24: =Q24-R24 -> 2000000 | T24: B. OPERASI LAINNYA
B25: B. Operasi Sumber Air | E25: =E12+E13+E17+E22+E23+E24 -> 69958155 | F25: =F12+F13+F17+F22+F23+F24 -> 80412524 | G25: =G12+G13+G17+G22+G23+G24 -> 75417123 | H25: =H12+H13+H17+H22+H23+H24 -> 74500000 | I25: =I12+I13+I17+I22+I23+I24 -> 74500000 | J25: =J12+J13+J17+J22+J23+J24 -> 94500000 | K25: =K12+K13+K17+K22+K23+K24 -> 94000000 | L25: =L12+L13+L17+L22+L23+L24 -> 94000000 | ... P25: =P12+P13+P17+P22+P23+P24 -> 74500000 | Q25: =SUM(E25:P25) -> 994787802 | R25: =R17+R22+R23+R24 -> 0 | S25: =S17+S22+S23+S24 -> 994787802
A26: 91.02.00 | B26: BIAYA PEMELIHARAAN SUMBER AIR
A27: 91.02.10 | B27: Pemeliharaan bangunan dan penyempurnaan tanah | K27: 10000000 | Q27: =SUM(E27:P27) -> 10000000 | R27: ='RINCIAN B. LANGSUNG USAHA'!Q24 -> 0 | S27: =Q27-R27 -> 10000000
A28: 91.02.40 | B28: Pemeliharaan Mata air dan Saluran | Q28: =SUM(E28:P28) -> 0 | R28: ='RINCIAN B. LANGSUNG USAHA'!Q25 -> 0 | S28: =Q28-R28 -> 0
A29: 91.02.60 | B29: Pemeliharaan Pipa Induk | Q29: =SUM(E29:P29) -> 0 | R29: ='RINCIAN B. LANGSUNG USAHA'!Q26 -> 0 | S29: =Q29-R29 -> 0
A30: 91.02.70 | B30: Pemeliharaan Alat Pembangkit Tenaga | F30: 1500000 | K30: 1500000 | O30: 1500000 | Q30: =SUM(E30:P30) -> 4500000 | R30: ='RINCIAN B. LANGSUNG USAHA'!Q27 -> 0 | S30: =Q30-R30 -> 4500000
A31: 91.02.80 | B31: Pemeliharaan Alat Perpompaan | E31: 25000000 | F31: 16500000 | J31: 16500000 | N31: 16500000 | Q31: =SUM(E31:P31) -> 74500000 | R31: ='RINCIAN B. LANGSUNG USAHA'!Q28 -> 0 | S31: =Q31-R31 -> 74500000
A32: 91.02.90 | B32: Pemeliharaan Instalasi Sumber Air Lainnya | E32: 500000 | F32: 500000 | G32: 500000 | H32: 500000 | I32: 500000 | J32: 500000 | K32: 500000 | L32: 500000 | M32: 500000 | N32: 500000 | O32: 500000 | P32: 500000 | Q32: =SUM(E32:P32) -> 6000000 | R32: ='RINCIAN B. LANGSUNG USAHA'!Q29 -> 0 | S32: =Q32-R32 -> 6000000
B33: Jumlah Biaya Pemeliharaan Sumber Air | E33: =SUM(E27:E32) -> 25500000 | F33: =SUM(F27:F32) -> 18500000 | G33: =SUM(G27:G32) -> 500000 | H33: =SUM(H27:H32) -> 500000 | I33: =SUM(I27:I32) -> 500000 | J33: =SUM(J27:J32) -> 17000000 | K33: =SUM(K27:K32) -> 12000000 | L33: =SUM(L27:L32) -> 500000 | ... P33: =SUM(P27:P32) -> 500000 | Q33: =SUM(E33:P33) -> 95000000 | R33: =SUM(R27:R32) -> 0 | S33: =SUM(S27:S32) -> 95000000 | T33: B. PEMELIHARAAN
A34: 91.03.00 | B34: BIAYA AIR BAKU (PAJAK AIR PERMUKAAN) | F34: 16215420 | Q34: =SUM(E34:P34) -> 16215420 | R34: ='RINCIAN B. LANGSUNG USAHA'!Q31 -> 0 | T34: B. AIR BAKU
B35: JUMLAH SEBELUM PENYUSUTAN | E35: =E33+E25+E34 -> 95458155 | F35: =F33+F25+F34 -> 115127944 | G35: =G33+G25+G34 -> 75917123 | H35: =H33+H25+H34 -> 75000000 | I35: =I33+I25+I34 -> 75000000 | J35: =J33+J25+J34 -> 111500000 | K35: =K33+K25+K34 -> 106000000 | L35: =L33+L25+L34 -> 94500000 | ... P35: =P33+P25+P34 -> 75000000 | Q35: =SUM(E35:P35) -> 1106003222 | R35: =R33+R25+R34 -> 0 | S35: =S33+S25+S34 -> 1089787802
A36: 91.09.00 | B36: BIAYA PENYUSUTAN SUMBER AIR | E36: 25700000 | F36: =25700000+4600000 -> 30300000 | G36: =25700000+4600000 -> 30300000 | H36: =25700000+4600000 -> 30300000 | I36: =25700000+4600000 -> 30300000 | J36: =25700000+4600000 -> 30300000 | K36: =25700000+4600000 -> 30300000 | L36: =25700000+4600000 -> 30300000 | M36: =25700000+4600000 -> 30300000 | ... P36: =25700000+4600000 -> 30300000 | Q36: =SUM(E36:P36) -> 359000000 | R36: ='RINCIAN B. LANGSUNG USAHA'!Q33 -> 0 | T36: B. PENYUSUTAN
B37: JUMLAH BIAYA SUMBER AIR | E37: =SUM(E35:E36) -> 121158155 | F37: =SUM(F35:F36) -> 145427944 | G37: =SUM(G35:G36) -> 106217123 | H37: =SUM(H35:H36) -> 105300000 | I37: =SUM(I35:I36) -> 105300000 | J37: =SUM(J35:J36) -> 141800000 | K37: =SUM(K35:K36) -> 136300000 | L37: =SUM(L35:L36) -> 124800000 | ... P37: =SUM(P35:P36) -> 105300000 | Q37: =SUM(E37:P37) -> 1465003222 | R37: =SUM(R35:R36) -> 0 | S37: =SUM(S35:S36) -> 1089787802
Q38: =SUM(E38:P38) -> 0
A39: 92.00.00 | B39: BIAYA PENGOLAHAN AIR | Q39: =SUM(E39:P39) -> 0
A40: 92.01.10 | B40: Biaya Pegawai
C41: Induk PDAM | E41: 21500000 | F41: 21500000 | G41: 21500000 | H41: 21500000 | I41: 21500000 | J41: 21500000 | K41: 22000000 | L41: 22000000 | M41: 22000000 | N41: 22000000 | O41: 22000000 | P41: 22000000 | Q41: =SUM(E41:P41) -> 261000000
C42: IKK Kartika Bhakti | E42: 11850000 | F42: 11850000 | G42: 11850000 | H42: 11850000 | I42: 11850000 | J42: 11850000 | K42: 11850000 | L42: 11850000 | M42: 11850000 | N42: 11850000 | O42: 11850000 | P42: 11850000 | Q42: =SUM(E42:P42) -> 142200000
C43: IKK Pembuang Hulu | E43: 10600000 | F43: 10600000 | G43: 10600000 | H43: 10600000 | I43: 10600000 | J43: 10600000 | K43: 10600000 | L43: 10600000 | M43: 10600000 | N43: 10600000 | O43: 10600000 | P43: 11550000 | Q43: =SUM(E43:P43) -> 128150000
C44: Jumlah Biaya Pegawai | E44: =SUM(E41:E43) -> 43950000 | F44: =SUM(F41:F43) -> 43950000 | G44: =SUM(G41:G43) -> 43950000 | H44: =SUM(H41:H43) -> 43950000 | I44: =SUM(I41:I43) -> 43950000 | J44: =SUM(J41:J43) -> 43950000 | K44: =SUM(K41:K43) -> 44450000 | L44: =SUM(L41:L43) -> 44450000 | ... P44: =SUM(P41:P43) -> 45400000 | Q44: =SUM(E44:P44) -> 531350000 | R44: ='RINCIAN B. LANGSUNG USAHA'!Q37 -> 0 | S44: =Q44-R44 -> 531350000 | T44: B. PEGAWAI
A45: 92.01.20 | B45: Pemakaian Bahan Kimia
B46: Tawas
C47: Induk PDAM | E47: 21735000 | F47: 23310000 | G47: 21735000 | H47: 23310000 | I47: 21735000 | J47: 23310000 | K47: 21735000 | L47: 23310000 | M47: 21735000 | N47: 23310000 | O47: 21735000 | P47: 23310000 | Q47: =SUM(E47:P47) -> 270270000
C48: IKK Kartika Bhakti | E48: 7560000 | F48: 8505000 | G48: 7560000 | H48: 8505000 | I48: 7560000 | J48: 8505000 | K48: 7560000 | L48: 8505000 | M48: 7560000 | N48: 8505000 | O48: 7560000 | P48: 8505000 | Q48: =SUM(E48:P48) -> 96390000
C49: IKK Pembuang Hulu | E49: 5607000 | F49: 6300000 | G49: 5607000 | H49: 6300000 | I49: 5607000 | J49: 6300000 | K49: 5607000 | L49: 6300000 | M49: 5607000 | N49: 6300000 | O49: 5607000 | P49: 6300000 | Q49: =SUM(E49:P49) -> 71442000
C50: Jumlah Tawas | E50: =SUM(E47:E49) -> 34902000 | F50: =SUM(F47:F49) -> 38115000 | G50: =SUM(G47:G49) -> 34902000 | H50: =SUM(H47:H49) -> 38115000 | I50: =SUM(I47:I49) -> 34902000 | J50: =SUM(J47:J49) -> 38115000 | K50: =SUM(K47:K49) -> 34902000 | L50: =SUM(L47:L49) -> 38115000 | ... Q50: =SUM(Q47:Q49) -> 438102000 | R50: ='RINCIAN B. LANGSUNG USAHA'!Q54 -> 0 | S50: =Q50-R50 -> 438102000
B51: Soda Ash
C52: Induk PDAM | E52: 6159375 | F52: 7087500 | G52: 6159375 | H52: 7087500 | I52: 6159375 | J52: 7087500 | K52: 6159375 | L52: 7087500 | M52: 6159375 | N52: 7087500 | O52: 6159375 | P52: 7087500 | Q52: =SUM(E52:P52) -> 79481250
C53: IKK Kartika Bhakti | E53: 945000 | F53: 1687500 | G53: 945000 | H53: 1687500 | I53: 945000 | J53: 1687500 | K53: 945000 | L53: 1687500 | M53: 945000 | N53: 1687500 | O53: 945000 | P53: 1687500 | Q53: =SUM(E53:P53) -> 15795000
C54: IKK Pembuang Hulu | E54: 2767500 | F54: 3375000 | G54: 2767500 | H54: 3375000 | I54: 2767500 | J54: 3375000 | K54: 2767500 | L54: 3375000 | M54: 2767500 | N54: 3375000 | O54: 2767500 | P54: 3375000 | Q54: =SUM(E54:P54) -> 36855000
C55: Jumlah Soda Ash | E55: =SUM(E52:E54) -> 9871875 | F55: =SUM(F52:F54) -> 12150000 | G55: =SUM(G52:G54) -> 9871875 | H55: =SUM(H52:H54) -> 12150000 | I55: =SUM(I52:I54) -> 9871875 | J55: =SUM(J52:J54) -> 12150000 | K55: =SUM(K52:K54) -> 9871875 | L55: =SUM(L52:L54) -> 12150000 | ... Q55: =SUM(Q52:Q54) -> 132131250 | R55: ='RINCIAN B. LANGSUNG USAHA'!Q55 -> 0 | S55: =Q55-R55 -> 132131250
B56: Kaporit
C57: Induk PDAM | E57: 1323000 | F57: 1764000 | G57: 1323000 | H57: 1764000 | I57: 1323000 | J57: 1764000 | K57: 1323000 | L57: 1764000 | M57: 1323000 | N57: 1764000 | O57: 1323000 | P57: 1764000 | Q57: =SUM(E57:P57) -> 18522000
C58: IKK Kartika Bhakti | E58: 799680 | F58: 1019200 | G58: 799680 | H58: 1019200 | I58: 799680 | J58: 1019200 | K58: 799680 | L58: 1019200 | M58: 799680 | N58: 1019200 | O58: 799680 | P58: 1019200 | Q58: =SUM(E58:P58) -> 10913280
C59: IKK Pembuang Hulu | E59: 517440 | F59: 980000 | G59: 517440 | H59: 980000 | I59: 517440 | J59: 980000 | K59: 517440 | L59: 980000 | M59: 517440 | N59: 980000 | O59: 517440 | P59: 980000 | Q59: =SUM(E59:P59) -> 8984640
C60: Jumlah Kaporit | E60: =SUM(E57:E59) -> 2640120 | F60: =SUM(F57:F59) -> 3763200 | G60: =SUM(G57:G59) -> 2640120 | H60: =SUM(H57:H59) -> 3763200 | I60: =SUM(I57:I59) -> 2640120 | J60: =SUM(J57:J59) -> 3763200 | K60: =SUM(K57:K59) -> 2640120 | L60: =SUM(L57:L59) -> 3763200 | ... Q60: =SUM(Q57:Q59) -> 38419920 | R60: ='RINCIAN B. LANGSUNG USAHA'!Q56 -> 0 | S60: =Q60-R60 -> 38419920
B61: Jumlah Bahan Kimia | E61: =E50+E55+E60 -> 47413995 | F61: =F50+F55+F60 -> 54028200 | G61: =G50+G55+G60 -> 47413995 | H61: =H50+H55+H60 -> 54028200 | I61: =I50+I55+I60 -> 47413995 | J61: =J50+J55+J60 -> 54028200 | K61: =K50+K55+K60 -> 47413995 | L61: =L50+L55+L60 -> 54028200 | ... P61: =P50+P55+P60 -> 54028200 | Q61: =SUM(E61:P61) -> 608653170 | R61: =SUM(R47:R60) -> 0 | S61: =SUM(S47:S60) -> 608653170 | T61: B. PEMAKAIAN BAHAN KIMIA
A62: 92.01.30 | B62: Pemakaian Bahan Pembantu | E62: 1500000 | F62: 700000 | G62: 700000 | H62: 700000 | I62: 700000 | J62: 700000 | K62: 700000 | L62: 700000 | M62: 700000 | N62: 700000 | O62: 700000 | P62: 700000 | Q62: =SUM(E62:P62) -> 9200000 | R62: ='RINCIAN B. LANGSUNG USAHA'!Q58 -> 0 | S62: =Q62-R62 -> 9200000 | T62: B. PEMAKAIAN BAHAN PEMBANTU
A63: 92.01.90 | B63: Rupa-Rupa Beban Pengolahan Air | E63: 13000000 | F63: 500000 | G63: 3500000 | H63: 500000 | I63: 500000 | J63: 500000 | K63: 6500000 | L63: 500000 | M63: 500000 | N63: 500000 | O63: =3000000 -> 3000000 | P63: 3500000 | Q63: =SUM(E63:P63) -> 33000000 | R63: ='RINCIAN B. LANGSUNG USAHA'!Q59 -> 0 | S63: =Q63-R63 -> 33000000 | T63: B. OPERASI LAINNYA
B64: Jumlah Biaya Operasi Pengolahan Air | E64: =+E44+E61+E62+E63 -> 105863995 | F64: =+F44+F61+F62+F63 -> 99178200 | G64: =+G44+G61+G62+G63 -> 95563995 | H64: =+H44+H61+H62+H63 -> 99178200 | I64: =+I44+I61+I62+I63 -> 92563995 | J64: =+J44+J61+J62+J63 -> 99178200 | K64: =+K44+K61+K62+K63 -> 99063995 | L64: =+L44+L61+L62+L63 -> 99678200 | ... P64: =+P44+P61+P62+P63 -> 103628200 | Q64: =SUM(E64:P64) -> 1182203170 | R64: =SUM(R61:R63)+R44 -> 0 | S64: =SUM(S61:S63)+S44 -> 1182203170
A65: 92.02.00 | B65: BIAYA PEMELIHARAAN PENGOLAHAN
A66: 92.02.10 | B66: Pemeliharaan Bangunan dan penyemp. Tanah | Q66: =SUM(E66:P66) -> 0 | R66: ='RINCIAN B. LANGSUNG USAHA'!Q62 -> 0 | S66: =Q66-R66 -> 0
A67: 92.02.20 | B67: Pemeliharaan Instalasi Pengolahan Air | I67: 5000000 | Q67: =SUM(E67:P67) -> 5000000 | R67: ='RINCIAN B. LANGSUNG USAHA'!Q63 -> 0 | S67: =Q67-R67 -> 5000000
A68: 92.02.30 | B68: Pemeliharaan Instalasi Pompa | F68: 1300000 | H68: 1300000 | J68: 2600000 | L68: 1300000 | N68: 1300000 | P68: 1300000 | Q68: =SUM(E68:P68) -> 9100000 | R68: ='RINCIAN B. LANGSUNG USAHA'!Q64 -> 0 | S68: =Q68-R68 -> 9100000
A69: 92.02.90 | B69: Pemeliharaan Instalasi Pengolahan Lainnya | E69: 500000 | F69: 3500000 | G69: 500000 | H69: 500000 | I69: 500000 | J69: 500000 | K69: 500000 | L69: 500000 | M69: 500000 | N69: 500000 | O69: 500000 | P69: 500000 | Q69: =SUM(E69:P69) -> 9000000 | R69: ='RINCIAN B. LANGSUNG USAHA'!Q65 -> 0 | S69: =Q69-R69 -> 9000000
B70: Jumlah Biaya Pemeliharaan | E70: =SUM(E66:E69) -> 500000 | F70: =SUM(F66:F69) -> 4800000 | G70: =SUM(G66:G69) -> 500000 | H70: =SUM(H66:H69) -> 1800000 | I70: =SUM(I66:I69) -> 5500000 | J70: =SUM(J66:J69) -> 3100000 | K70: =SUM(K66:K69) -> 500000 | L70: =SUM(L66:L69) -> 1800000 | ... P70: =SUM(P66:P69) -> 1800000 | Q70: =SUM(Q67:Q69) -> 23100000 | R70: =SUM(R66:R69) -> 0 | S70: =SUM(S66:S69) -> 23100000 | T70: B. PEMELIHARAAN
B71: JUMLAH SEBELUM PENYUSUTAN | E71: =E70+E64 -> 106363995 | F71: =F70+F64 -> 103978200 | G71: =G70+G64 -> 96063995 | H71: =H70+H64 -> 100978200 | I71: =I70+I64 -> 98063995 | J71: =J70+J64 -> 102278200 | K71: =K70+K64 -> 99563995 | L71: =L70+L64 -> 101478200 | ... P71: =P70+P64 -> 105428200 | Q71: =SUM(E71:P71) -> 1205303170 | R71: =R70+R64 -> 0 | S71: =Q71-R71 -> 1205303170
A72: 92.09.00 | B72: BIAYA PENYUSUTAN PENGOLAHAN | E72: 16200000 | F72: 16200000 | G72: 16200000 | H72: 16200000 | I72: 16200000 | J72: 16200000 | K72: 16200000 | L72: 16200000 | M72: 16200000 | N72: 16200000 | O72: 16200000 | P72: 16200000 | Q72: =SUM(E72:P72) -> 194400000 | R72: ='RINCIAN B. LANGSUNG USAHA'!Q68 -> 0 | S72: =Q72-R72 -> 194400000 | T72: B. PENYUSUTAN
B73: JUMLAH BIAYA PENGOLAHAN AIR | E73: =SUM(E71:E72) -> 122563995 | F73: =SUM(F71:F72) -> 120178200 | G73: =SUM(G71:G72) -> 112263995 | H73: =SUM(H71:H72) -> 117178200 | I73: =SUM(I71:I72) -> 114263995 | J73: =SUM(J71:J72) -> 118478200 | K73: =SUM(K71:K72) -> 115763995 | L73: =SUM(L71:L72) -> 117678200 | ... P73: =SUM(P71:P72) -> 121628200 | Q73: =SUM(E73:P73) -> 1399703170 | R73: =R71+R72 -> 0 | S73: =S71+S72 -> 1399703170
A75: 93.00.00 | B75: BIAYA TRANSMISI DAN DISTRIBUSI | R75: ='RINCIAN B. LANGSUNG USAHA'!Q71 -> 0 | S75: =Q75-R75 -> 0
A76: 93.01.00 | B76: BIAYA OPERASI TRANSMISI DAN DISTRIBUSI | R76: ='RINCIAN B. LANGSUNG USAHA'!Q72 -> 0 | S76: =Q76-R76 -> 0
A77: 93.01.10 | B77: Biaya Pegawai | E77: 21000000 | F77: 21000000 | G77: 21000000 | H77: 21000000 | I77: 21000000 | J77: 21000000 | K77: 21000000 | L77: 21000000 | M77: 21000000 | N77: 21000000 | O77: 21000000 | P77: 21000000 | Q77: =SUM(E77:P77) -> 252000000 | R77: ='RINCIAN B. LANGSUNG USAHA'!Q73 -> 0 | S77: =Q77-R77 -> 252000000 | T77: B. PEGAWAI
A78: 93.01.20 | B78: Biaya Pemakaian Bahan/Perlengkapan | E78: 2500000 | F78: 2500000 | G78: 2500000 | H78: 2500000 | I78: 2500000 | J78: 2500000 | K78: 2500000 | L78: 2500000 | M78: 2500000 | N78: 2500000 | O78: 2500000 | P78: 2500000 | Q78: =SUM(E78:P78) -> 30000000 | R78: ='RINCIAN B. LANGSUNG USAHA'!Q86 -> 0 | S78: =Q78-R78 -> 30000000 | T78: B. PEMAKAIAN BAHAN PEMBANTU
A79: 93.01.30 | B79: Beban Bahan Bakar | E79: 1500000 | F79: 1500000 | G79: 1500000 | H79: 1500000 | I79: 1500000 | J79: 1500000 | K79: 1500000 | L79: 1500000 | M79: 1500000 | N79: 1500000 | O79: 1500000 | P79: 1500000 | Q79: =SUM(E79:P79) -> 18000000 | R79: ='RINCIAN B. LANGSUNG USAHA'!Q87 -> 0 | S79: =Q79-R79 -> 18000000 | T79: B. PEMAKAIAN BAHAN BAKAR
A80: 93.01.90 | B80: Rupa-Rupa Biaya Operasi | E80: 500000 | F80: 500000 | G80: 500000 | H80: 500000 | I80: 500000 | J80: 500000 | K80: 500000 | L80: 500000 | M80: 500000 | N80: 500000 | O80: 500000 | P80: 500000 | Q80: =SUM(E80:P80) -> 6000000 | R80: ='RINCIAN B. LANGSUNG USAHA'!Q88 -> 0 | S80: =Q80-R80 -> 6000000 | T80: B. OPERASI LAINNYA
B81: Jumlah Biaya Operasi Trand & Dist | E81: =SUM(E77:E80) -> 25500000 | F81: =SUM(F77:F80) -> 25500000 | G81: =SUM(G77:G80) -> 25500000 | H81: =SUM(H77:H80) -> 25500000 | I81: =SUM(I77:I80) -> 25500000 | J81: =SUM(J77:J80) -> 25500000 | K81: =SUM(K77:K80) -> 25500000 | L81: =SUM(L77:L80) -> 25500000 | ... P81: =SUM(P77:P80) -> 25500000 | Q81: =SUM(E81:P81) -> 306000000 | R81: =SUM(R75:R80) -> 0 | S81: =SUM(S75:S80) -> 306000000
A82: 93.02.00 | B82: BIAYA PEMELIHARAAN TRAN & DIST
A83: 93.02.20 | B83: Pemeliharaan Reservoir dan tangki | E83: 1500000 | I83: 1500000 | N83: 1500000 | Q83: =SUM(E83:P83) -> 4500000 | R83: ='RINCIAN B. LANGSUNG USAHA'!Q91 -> 0 | S83: =Q83-R83 -> 4500000
A84: 93.02.30 | B84: Pemeliharaan Pipa Transmisi & Distribusi | E84: 30000000 | F84: 30000000 | G84: 30000000 | H84: 30000000 | I84: 30000000 | J84: 30000000 | K84: 30000000 | L84: 30000000 | M84: 30000000 | N84: 30000000 | O84: 30000000 | P84: 30000000 | Q84: =SUM(E84:P84) -> 360000000 | R84: ='RINCIAN B. LANGSUNG USAHA'!Q92 -> 0 | S84: =Q84-R84 -> 360000000
A85: 93.02.40 | B85: Pemeliharaan Pipa Dinas | Q85: =SUM(E85:P85) -> 0 | R85: ='RINCIAN B. LANGSUNG USAHA'!Q93 -> 0 | S85: =Q85-R85 -> 0
A86: 93.02.50 | B86: Pemeliharaan Instalasi Pompa | E86: 2000000 | F86: 2000000 | G86: 2000000 | H86: 2000000 | I86: 2000000 | J86: 2000000 | K86: 2000000 | L86: 2000000 | M86: 2000000 | N86: 2000000 | O86: 2000000 | P86: 2000000 | Q86: =SUM(E86:P86) -> 24000000 | R86: ='RINCIAN B. LANGSUNG USAHA'!Q94 -> 0 | S86: =Q86-R86 -> 24000000
A87: 93.02.60 | B87: Pemeliharaan Water Meter | E87: 30000000 | F87: 30000000 | G87: 30000000 | H87: 30000000 | I87: 30000000 | J87: 30000000 | K87: 30000000 | L87: 30000000 | M87: 30000000 | N87: 30000000 | O87: 30000000 | P87: 30000000 | Q87: =SUM(E87:P87) -> 360000000 | R87: ='RINCIAN B. LANGSUNG USAHA'!Q95 -> 0 | S87: =Q87-R87 -> 360000000
A88: 93.02.90 | B88: Pemeliharaan Trandist Lainnya | E88: 1000000 | F88: 1000000 | G88: 1000000 | H88: 1000000 | I88: 1000000 | J88: 1000000 | K88: 1000000 | L88: 1000000 | M88: 1000000 | N88: 1000000 | O88: 1000000 | P88: 1000000 | Q88: =SUM(E88:P88) -> 12000000 | R88: ='RINCIAN B. LANGSUNG USAHA'!Q96 -> 0 | S88: =Q88-R88 -> 12000000
B89: Jumlah Biaya Pemeliharaan | E89: =SUM(E83:E88) -> 64500000 | F89: =SUM(F83:F88) -> 63000000 | G89: =SUM(G83:G88) -> 63000000 | H89: =SUM(H83:H88) -> 63000000 | I89: =SUM(I83:I88) -> 64500000 | J89: =SUM(J83:J88) -> 63000000 | K89: =SUM(K83:K88) -> 63000000 | L89: =SUM(L83:L88) -> 63000000 | ... P89: =SUM(P83:P88) -> 63000000 | Q89: =SUM(E89:P89) -> 760500000 | R89: =SUM(R83:R88) -> 0 | S89: =SUM(S83:S88) -> 760500000 | T89: B. PEMELIHARAAN
B90: JUMLAH SEBELUM PENYUSUTAN | E90: =E89+E81 -> 90000000 | F90: =F89+F81 -> 88500000 | G90: =G89+G81 -> 88500000 | H90: =H89+H81 -> 88500000 | I90: =I89+I81 -> 90000000 | J90: =J89+J81 -> 88500000 | K90: =K89+K81 -> 88500000 | L90: =L89+L81 -> 88500000 | ... P90: =P89+P81 -> 88500000 | Q90: =SUM(E90:P90) -> 1066500000 | R90: =R81+R89 -> 0 | S90: =Q90-R90 -> 1066500000
A91: 93.09.00 | B91: BIAYA PENYUSUTAN TRANS & DIST | E91: 35700000 | F91: 35700000 | G91: 35700000 | H91: 35700000 | I91: 35700000 | J91: 35700000 | K91: 35700000 | L91: 35700000 | M91: 35700000 | N91: 35700000 | O91: 35700000 | P91: 35700000 | Q91: =SUM(E91:P91) -> 428400000 | R91: ='RINCIAN B. LANGSUNG USAHA'!Q99 -> 0 | S91: =Q91-R91 -> 428400000 | T91: B. PENYUSUTAN
B92: JUMLAH BIAYA TRAND & DIST | E92: =SUM(E90:E91) -> 125700000 | F92: =SUM(F90:F91) -> 124200000 | G92: =SUM(G90:G91) -> 124200000 | H92: =SUM(H90:H91) -> 124200000 | I92: =SUM(I90:I91) -> 125700000 | J92: =SUM(J90:J91) -> 124200000 | K92: =SUM(K90:K91) -> 124200000 | L92: =SUM(L90:L91) -> 124200000 | ... Q92: =SUM(Q90:Q91) -> 1494900000 | R92: =R90+R91 -> 0 | S92: =Q92-R92 -> 1494900000
B93: BIAYA LANGSUNG SEBELUM PENYUSUTAN | E93: =E90+E71+E35 -> 291822150 | F93: =F90+F71+F35 -> 307606144 | G93: =G90+G71+G35 -> 260481118 | H93: =H90+H71+H35 -> 264478200 | I93: =I90+I71+I35 -> 263063995 | J93: =J90+J71+J35 -> 302278200 | K93: =K90+K71+K35 -> 294063995 | L93: =L90+L71+L35 -> 284478200 | ... P93: =P90+P71+P35 -> 268928200 | Q93: =SUM(E93:P93) -> 3377806392 | R93: =R35+R71+R90 -> 0 | S93: =Q93-R93 -> 3377806392
B94: TOTAL BIAYA PENYUSUTAN | E94: =E91+E72+E36 -> 77600000 | F94: =F91+F72+F36 -> 82200000 | G94: =G91+G72+G36 -> 82200000 | H94: =H91+H72+H36 -> 82200000 | I94: =I91+I72+I36 -> 82200000 | J94: =J91+J72+J36 -> 82200000 | K94: =K91+K72+K36 -> 82200000 | L94: =L91+L72+L36 -> 82200000 | ... P94: =P91+P72+P36 -> 82200000 | Q94: =SUM(E94:P94) -> 981800000 | R94: =R36+R72+R91 -> 0 | S94: =Q94-R94 -> 981800000 | T94: B. PENYUSUTAN
B95: JUMLAH BIAYA OPERASI | E95: =SUM(E93:E94) -> 369422150 | F95: =SUM(F93:F94) -> 389806144 | G95: =SUM(G93:G94) -> 342681118 | H95: =SUM(H93:H94) -> 346678200 | I95: =SUM(I93:I94) -> 345263995 | J95: =SUM(J93:J94) -> 384478200 | K95: =SUM(K93:K94) -> 376263995 | L95: =SUM(L93:L94) -> 366678200 | ... R95: =SUM(R93:R94) -> 0 | S95: =Q95-R95 -> 4359606392

Sheet lama2
A1: PEMERINTAH KABUPATEN SERUYAN
A2: PERUSAHAAN DAERAH AIR MINUM (PDAM) | Q2: P-11
A4: RENCANA BIAYA UMUM DAN ADMINISTRASI
A5: TAHUN ANGGARAN 2022
A7: PDAM KABUPATEN SERUYAN
A8: NO | B8: URAIAN | E8: BULAN | Q8: JUMLAH | R8: REALISASI | S8: SISA ANGGARAN | T8: MAPPING BEBAN
A9: PERK. | E9: 1 | F9: 2 | G9: 3 | H9: 4 | I9: 5 | J9: 6 | K9: 7 | L9: 8 | M9: 9 | N9: 10 | O9: 11 | P9: 12 | Q9: 2022 | R9: 2022 | S9: 2022 | T9: SAK - ETAP
A10: 1 | B10: 2 | E10: 3 | F10: 4 | G10: 5 | H10: 6 | I10: 7 | J10: 8 | K10: 9 | L10: 10 | M10: 11 | N10: 12 | O10: 13 | P10: 14 | Q10: 15 | R10: 16 | S10: 17 | T10: 18
A11: 96.01.00 | B11: BIAYA PEGAWAI
A12: 96.01.10 | B12: Gaji dan Tunjangan Pegawai
B13: Direktur | E13: 17550000 | F13: 17550000 | G13: 17550000 | H13: 17550000 | I13: 17550000 | J13: 17550000 | K13: 17550000 | L13: 17550000 | M13: 17550000 | N13: 17550000 | O13: 17550000 | P13: 17550000 | Q13: =SUM(E13:P13) -> 210600000
B14: Pegawai Induk PDAM | E14: 83300000 | F14: 83300000 | G14: 83300000 | H14: 83300000 | I14: 83300000 | J14: 83300000 | K14: 90000000 | L14: 90000000 | M14: 90000000 | N14: 90000000 | O14: 90000000 | P14: 90000000 | Q14: =SUM(E14:P14) -> 1039800000
B15: Pegawai IKK Kartika Bhakti | E15: 10500000 | F15: 10500000 | G15: 10500000 | H15: 10500000 | I15: 10500000 | J15: 10500000 | K15: 11000000 | L15: 11000000 | M15: 11000000 | N15: 11000000 | O15: 11000000 | P15: 11000000 | Q15: =SUM(E15:P15) -> 129000000
B16: Pegawai IKK Pembuang Hulu | E16: 7000000 | F16: 7000000 | G16: 7000000 | H16: 7000000 | I16: 7000000 | J16: 7000000 | K16: 7000000 | L16: 7000000 | M16: 7000000 | N16: 7000000 | O16: 7000000 | P16: 7000000 | Q16: =SUM(E16:P16) -> 84000000
B17: Jumlah Gaji dan Honor Pegawai | E17: =SUM(E13:E16) -> 118350000 | F17: =SUM(F13:F16) -> 118350000 | G17: =SUM(G13:G16) -> 118350000 | H17: =SUM(H13:H16) -> 118350000 | I17: =SUM(I13:I16) -> 118350000 | J17: =SUM(J13:J16) -> 118350000 | K17: =SUM(K13:K16) -> 125550000 | L17: =SUM(L13:L16) -> 125550000 | ... Q17: =SUM(Q13:Q16) -> 1463400000 | R17: ='RINCIAN B. TDK LANGSUNG'!#REF! -> #REF! | S17: =Q17-R17 -> #REF!
A18: 96.01.20 | B18: Gaji ke 13 (Tunjangan Hari Raya) | I18: =I17+'[8]P-10. Biaya Operasi'!I44+'[8]P-10. Biaya Operasi'!I79 -> 183300000 | Q18: =SUM(E18:P18) -> 183300000 | R18: ='RINCIAN B. TDK LANGSUNG'!#REF! -> #REF! | S18: =Q18-R18 -> #REF!
A19: 96.01.30 | B19: Iuran Pensiun | E19: 45000000 | F19: 18500000 | G19: 18500000 | H19: 18500000 | I19: 18500000 | J19: 18500000 | K19: 18500000 | L19: 18500000 | M19: 18500000 | N19: 18500000 | O19: 18500000 | P19: 18500000 | Q19: =SUM(E19:P19) -> 248500000 | R19: ='RINCIAN B. TDK LANGSUNG'!#REF! -> #REF! | S19: =Q19-R19 -> #REF!
A20: 96.01.50 | B20: Gaji ke 14 (Uang Cuti) | P20: 127500000 | Q20: =SUM(E20:P20) -> 127500000 | R20: ='RINCIAN B. TDK LANGSUNG'!#REF! -> #REF! | S20: =Q20-R20 -> #REF!
A21: 96.01.60 | B21: Pembinaan Karyawan & Pakaian Dinas | Q21: =SUM(E21:P21) -> 0 | S21: =Q21-R21 -> 0
B22: Uang Makan dan Minum | E22: 28200000 | F22: 28200000 | G22: 28200000 | H22: 28200000 | I22: 28200000 | J22: 28200000 | K22: 32000000 | L22: 32000000 | M22: 32000000 | N22: 32000000 | O22: 32000000 | P22: 32000000 | Q22: =SUM(E22:P22) -> 361200000 | R22: ='RINCIAN B. TDK LANGSUNG'!#REF! -> #REF! | S22: =Q22-R22 -> #REF!
B23: Pakaian Dinas | F23: 50000000 | L23: 37500000 | Q23: =SUM(E23:P23) -> 87500000 | R23: ='RINCIAN B. TDK LANGSUNG'!#REF! -> #REF! | S23: =Q23-R23 -> #REF!
A24: 96.01.70 | B24: Bantuan dan Sumbangan Uang Duka | Q24: =SUM(E24:P24) -> 0 | R24: ='RINCIAN B. TDK LANGSUNG'!Q24 -> 0 | S24: =Q24-R24 -> 0
A25: 96.01.80 | B25: Pendidikan dan latihan | E25: 15000000 | F25: 15000000 | G25: 15000000 | H25: 15000000 | I25: 15000000 | J25: 15000000 | K25: 15000000 | L25: 15000000 | M25: 15000000 | N25: 15000000 | O25: 15000000 | P25: 15000000 | Q25: =SUM(E25:P25) -> 180000000 | R25: ='RINCIAN B. TDK LANGSUNG'!Q25 -> 0 | S25: =Q25-R25 -> 180000000
A26: 96.01.90 | B26: Rupa-Rupa Biaya Pegawai
B27: Pjak Pegawai | E27: 22500000 | F27: 3500000 | G27: 3500000 | H27: 3500000 | I27: 7600000 | J27: 3500000 | K27: 3500000 | L27: 3500000 | M27: 3500000 | N27: 3500000 | O27: 3500000 | P27: 7600000 | Q27: =SUM(E27:P27) -> 69200000 | R27: ='RINCIAN B. TDK LANGSUNG'!Q28 -> 0 | S27: =Q27-R27 -> 69200000
B28: Jumlah Biaya Pegawai | E28: =SUM(E17:E27) -> 229050000 | F28: =SUM(F17:F27) -> 233550000 | G28: =SUM(G17:G27) -> 183550000 | H28: =SUM(H17:H27) -> 183550000 | I28: =SUM(I17:I27) -> 370950000 | J28: =SUM(J17:J27) -> 183550000 | K28: =SUM(K17:K27) -> 194550000 | L28: =SUM(L17:L27) -> 232050000 | ... P28: =SUM(P17:P27) -> 326150000 | Q28: =SUM(E28:P28) -> 2720600000 | R28: =SUM(R17:R27) -> #REF! | S28: =Q28-R28 -> #REF! | T28: BEBAN PEGAWAI
A29: 96.02.00 | B29: BIAYA KANTOR
A30: 96.02.10 | B30: Biaya Alat Tulis Kantor dan Fotocopy | E30: 2200000 | F30: 2200000 | G30: 2200000 | H30: 2200000 | I30: 2200000 | J30: 2200000 | K30: 2200000 | L30: 2200000 | M30: 2200000 | N30: 2200000 | O30: 2200000 | P30: 2200000 | Q30: =SUM(E30:P30) -> 26400000 | R30: ='RINCIAN B. TDK LANGSUNG'!Q31 -> 0 | S30: =Q30-R30 -> 26400000
A31: 96.02.20 | B31: Barang-barang Cetakkan | E31: 1500000 | I31: 1500000 | N31: 1500000 | Q31: =SUM(E31:P31) -> 4500000 | R31: ='RINCIAN B. TDK LANGSUNG'!Q32 -> 0 | S31: =Q31-R31 -> 4500000
A32: 96.02.30 | B32: Perlengkapan Komputer | E32: 1500000 | F32: 500000 | G32: 500000 | H32: 500000 | I32: 500000 | J32: 1500000 | K32: 500000 | L32: 500000 | M32: 500000 | N32: 500000 | O32: 1500000 | P32: 500000 | Q32: =SUM(E32:P32) -> 9000000 | R32: ='RINCIAN B. TDK LANGSUNG'!Q33 -> 0 | S32: =Q32-R32 -> 9000000
A33: 96.02.40 | B33: Biaya Telepon, Telek dan Telegram | E33: 70000 | F33: 70000 | G33: 70000 | H33: 70000 | I33: 70000 | J33: 70000 | K33: 70000 | L33: 70000 | M33: 70000 | N33: 70000 | O33: 70000 | P33: 70000 | Q33: =SUM(E33:P33) -> 840000 | R33: ='RINCIAN B. TDK LANGSUNG'!Q34 -> 0 | S33: =Q33-R33 -> 840000
A34: 96.02.50 | B34: Biaya Rapat dan Tamu | Q34: =SUM(E34:P34) -> 0 | R34: ='RINCIAN B. TDK LANGSUNG'!Q35 -> 0 | S34: =Q34-R34 -> 0
B35: Dana Representatif Direktur | E35: 8500000 | F35: 8500000 | G35: 8500000 | H35: 8500000 | I35: 8500000 | J35: 8500000 | K35: 8500000 | L35: 8500000 | M35: 8500000 | N35: 8500000 | O35: 8500000 | P35: 8500000 | Q35: =SUM(E35:P35) -> 102000000 | R35: ='RINCIAN B. TDK LANGSUNG'!Q36 -> 0
B36: Biaya Rapat | E36: 4000000 | I36: 4000000 | L36: 4000000 | O36: 4000000 | Q36: =SUM(E36:P36) -> 16000000 | R36: ='RINCIAN B. TDK LANGSUNG'!Q37 -> 0
A37: 96.02.60 | B37: Benda Pos dan materai | E37: 550000 | F37: 550000 | G37: 550000 | H37: 550000 | I37: 550000 | J37: 550000 | K37: 550000 | L37: 550000 | M37: 550000 | N37: 550000 | O37: 550000 | P37: 550000 | Q37: =SUM(E37:P37) -> 6600000 | R37: ='RINCIAN B. TDK LANGSUNG'!Q38 -> 0 | S37: =Q37-R37 -> 6600000
A38: 96.02.70 | B38: Biaya Listrik/Penerangan | E38: 3250000 | F38: 3250000 | G38: 3250000 | H38: 3250000 | I38: 3250000 | J38: 3250000 | K38: 3250000 | L38: 3250000 | M38: 3250000 | N38: 3250000 | O38: 3250000 | P38: 3250000 | Q38: =SUM(E38:P38) -> 39000000 | R38: ='RINCIAN B. TDK LANGSUNG'!Q39 -> 0 | S38: =Q38-R38 -> 39000000
A39: 96.02.80 | B39: Biaya cleaning Service | E39: 2300000 | F39: 2300000 | G39: 2300000 | H39: 2300000 | I39: 2300000 | J39: 2300000 | K39: 2300000 | L39: 2300000 | M39: 2300000 | N39: 2300000 | O39: 2300000 | P39: 2300000 | Q39: =SUM(E39:P39) -> 27600000 | R39: ='RINCIAN B. TDK LANGSUNG'!Q40 -> 0 | S39: =Q39-R39 -> 27600000
A40: 96.02.90 | B40: Rupa-rupa Biaya Kantor | Q40: =SUM(E40:P40) -> 0 | R40: ='RINCIAN B. TDK LANGSUNG'!Q41 -> 0
B41: Bahan Bakar Kendaraan Dinas | E41: 1100000 | F41: 1100000 | G41: 1100000 | H41: 1100000 | I41: 1100000 | J41: 1100000 | K41: 1100000 | L41: 1100000 | M41: 1100000 | N41: 1100000 | O41: 1100000 | P41: 1100000 | Q41: =SUM(E41:P41) -> 13200000 | R41: ='RINCIAN B. TDK LANGSUNG'!#REF! -> #REF! | S41: =Q41-R41 -> #REF!
B42: Perpanjangan STNK | E42: 1000000 | H42: 3700000 | L42: 300000 | O42: 3000000 | Q42: =SUM(E42:P42) -> 8000000 | R42: ='RINCIAN B. TDK LANGSUNG'!#REF! -> #REF! | S42: =Q42-R42 -> #REF!
B43: Paket Internet (Wifi) | E43: 1750000 | F43: 1750000 | G43: =1750000+1500000 -> 3250000 | H43: 1750000 | I43: 1750000 | J43: 1750000 | K43: 1750000 | L43: 1750000 | M43: 1750000 | N43: 1750000 | O43: =1750000+1500000 -> 3250000 | P43: 1750000 | Q43: =SUM(E43:P43) -> 24000000 | R43: ='RINCIAN B. TDK LANGSUNG'!Q42 -> 0 | S43: =Q43-R43 -> 24000000
B44: Rupa-rupa biaya kantor lainnya | E44: 1000000 | F44: 1000000 | G44: 1000000 | H44: 1000000 | I44: 1000000 | J44: 1000000 | K44: 1000000 | L44: 1000000 | M44: 1000000 | N44: 1000000 | O44: 1000000 | P44: 1000000 | Q44: =SUM(E44:P44) -> 12000000 | R44: ='RINCIAN B. TDK LANGSUNG'!Q43 -> 0 | S44: =Q44-R44 -> 12000000
B45: Jumlah Biaya Kantor | E45: =SUM(E30:E44) -> 28720000 | F45: =SUM(F30:F44) -> 21220000 | G45: =SUM(G30:G44) -> 22720000 | H45: =SUM(H30:H44) -> 24920000 | I45: =SUM(I30:I44) -> 26720000 | J45: =SUM(J30:J44) -> 22220000 | K45: =SUM(K30:K44) -> 21220000 | L45: =SUM(L30:L44) -> 25520000 | ... P45: =SUM(P30:P44) -> 21220000 | Q45: =SUM(E45:P45) -> 289140000 | R45: =SUM(R30:R44) -> #REF! | S45: =Q45-R45 -> #REF! | T45: BEBAN KANTOR
A46: 96.03.00 | B46: BIAYA HUBUNGAN PELANGGAN | Q46: =SUM(E46:P46) -> 0
A47: 96.03.30 | B47: Biaya Penagihan Rekening Air | P47: 20000000 | Q47: =SUM(E47:P47) -> 20000000 | R47: ='RINCIAN B. TDK LANGSUNG'!Q46 -> 0 | S47: =Q47-R47 -> 20000000
A48: 96.03.70 | B48: Biaya Promosi | E48: 2000000 | F48: 200000 | G48: 200000 | H48: 200000 | I48: 2000000 | J48: 200000 | K48: 2000000 | L48: 2000000 | M48: 200000 | N48: 200000 | O48: 200000 | P48: 1000000 | Q48: =SUM(E48:P48) -> 10400000 | R48: ='RINCIAN B. TDK LANGSUNG'!Q47 -> 0 | S48: =Q48-R48 -> 10400000
A49: 96.03.90 | B49: Rupa-rupa Biaya Langganan | E49: 5000000 | I49: 3000000 | N49: 3000000 | P49: 1500000 | Q49: =SUM(E49:P49) -> 12500000 | R49: ='RINCIAN B. TDK LANGSUNG'!Q48 -> 0 | S49: =Q49-R49 -> 12500000
B50: Jumlah Biaya Hubungan Langganan | E50: =SUM(E47:E49) -> 7000000 | F50: =SUM(F47:F49) -> 200000 | G50: =SUM(G47:G49) -> 200000 | H50: =SUM(H47:H49) -> 200000 | I50: =SUM(I47:I49) -> 5000000 | J50: =SUM(J47:J49) -> 200000 | K50: =SUM(K47:K49) -> 2000000 | L50: =SUM(L47:L49) -> 2000000 | ... P50: =SUM(P47:P49) -> 22500000 | Q50: =SUM(E50:P50) -> 42900000 | R50: =SUM(R47:R49) -> 0 | S50: =Q50-R50 -> 42900000 | T50: BEBAN HUBUNGAN LANGGANAN
A51: 96.04.00 | B51: BIAYA PENELITIAN DAN PENGEMBANGAN
B52: Pembuatan Corporate Plan | H52: 75000000 | Q52: =SUM(E52:P52) -> 75000000 | R52: ='RINCIAN B. TDK LANGSUNG'!Q51 -> 0 | S52: =Q52-R52 -> 75000000
B53: Jumlah Biaya penelitian dan Pengembangan | E53: =SUM(E52:E52) -> 0 | F53: =SUM(F52:F52) -> 0 | G53: =SUM(G52:G52) -> 0 | H53: =SUM(H52:H52) -> 75000000 | I53: =SUM(I52:I52) -> 0 | J53: =SUM(J52:J52) -> 0 | K53: =SUM(K52:K52) -> 0 | L53: =SUM(L52:L52) -> 0 | ... P53: =SUM(P52:P52) -> 0 | Q53: =SUM(E53:P53) -> 75000000 | R53: =SUM(R52:R52) -> 0 | S53: =Q53-R53 -> 75000000 | T53: B. PENELITIAN & PENGEMBANGAN
A54: 96.06.00 | B54: BIAYA PEMELIHARAAN | Q54: =SUM(E54:P54) -> 0
A55: 96.06.10 | B55: Pemeliharaan Inventaris Kantor | E55: 500000 | F55: 500000 | G55: 500000 | H55: 500000 | I55: 3500000 | J55: 500000 | K55: 500000 | L55: 500000 | M55: 500000 | N55: 500000 | O55: 3500000 | P55: 500000 | Q55: =SUM(E55:P55) -> 12000000 | R55: ='RINCIAN B. TDK LANGSUNG'!Q54 -> 0 | S55: =Q55-R55 -> 12000000
