Workbook

Sheet BPTRA
A1: PERUSAHAAN DAERAH AIR MINUM
A2: KABUPATEN SERUYAN
A4: BUKTI PENERIMAAN TAGIHAN REKENING NON AIR
A5: BULAN : JANUARI 2021
E7: BPTRNA/01/I/2021
A8: NO | B8: NAMA PELANGGAN | C8: NO. PELANGGAN | D8: NO. BUKTI | E8: JUMLAH
A9: 1
A10: 2 | B10: Tidak Ada Transaksi Penerimaan Rek. Air
A11: 3
A12: 4
B14: JUMLAH | E14: =SUM(E9:E13) -> 0
D16: Kuala Pembuang, ... Januari 2021
D17: Kasi. Pembukuan

Sheet BPTRNA
A1: PERUSAHAAN DAERAH AIR MINUM
A2: KABUPATEN SERUYAN
A4: BUKTI PENERIMAAN TAGIHAN REKENING NON AIR
A5: BULAN : JANUARI 2021
E7: BPTRNA/01/I/2021
A8: NO | B8: NAMA PELANGGAN | C8: NO. PELANGGAN | D8: NO. BUKTI | E8: JUMLAH
A9: 1 | B9: Penerimaan SR Baru 3 SR | E9: =875000*3 -> 2625000
A10: =A9+1 -> 2
A11: =A10+1 -> 3
A12: =A11+1 -> 4
A13: =A12+1 -> 5
A14: =A13+1 -> 6
A15: =A14+1 -> 7
B17: JUMLAH | E17: =SUM(E9:E15) -> 2625000
D19: Kuala Pembuang, 06 Januari 2021
A54: PERUSAHAAN DAERAH AIR MINUM
A55: KABUPATEN SERUYAN
A57: BUKTI PENERIMAAN TAGIHAN REKENING NON AIR
A58: BULAN : JANUARI 2021
E60: BPTRNA/02/I/2021
A61: NO | B61: NAMA PELANGGAN | C61: NO. PELANGGAN | D61: NO. BUKTI | E61: JUMLAH
A62: 1 | B62: Penerimaan SR Baru 19 SR | E62: =19*875000 -> 16625000
A63: =A62+1 -> 2
A64: =A63+1 -> 3
A65: =A64+1 -> 4
A66: =A65+1 -> 5
A67: =A66+1 -> 6
A68: =A67+1 -> 7
B70: JUMLAH | E70: =SUM(E62:E68) -> 16625000
D72: Kuala Pembuang, 12 Januari 2021
A107: PERUSAHAAN DAERAH AIR MINUM
A108: KABUPATEN SERUYAN
A110: BUKTI PENERIMAAN TAGIHAN REKENING NON AIR
A111: BULAN : JANUARI 2021
E113: BPTRNA/03/I/2021
A114: NO | B114: NAMA PELANGGAN | C114: NO. PELANGGAN | D114: NO. BUKTI | E114: JUMLAH
A115: 1 | B115: Penerimaan Balik Nama | E115: 100000
A116: =A115+1 -> 2
A117: =A116+1 -> 3
A118: =A117+1 -> 4
A119: =A118+1 -> 5
A120: =A119+1 -> 6
A121: =A120+1 -> 7
B123: JUMLAH | E123: =SUM(E115:E121) -> 100000
D125: Kuala Pembuang, 14 Januari 2021
A160: PERUSAHAAN DAERAH AIR MINUM
A161: KABUPATEN SERUYAN
A163: BUKTI PENERIMAAN TAGIHAN REKENING NON AIR
A164: BULAN : JANUARI 2021
E166: BPTRNA/04/I/2021
A167: NO | B167: NAMA PELANGGAN | C167: NO. PELANGGAN | D167: NO. BUKTI | E167: JUMLAH
A168: 1 | B168: Penerimaan Balik Nama | E168: 875000
A169: =A168+1 -> 2
A170: =A169+1 -> 3
A171: =A170+1 -> 4
A172: =A171+1 -> 5
A173: =A172+1 -> 6
A174: =A173+1 -> 7
B176: JUMLAH | E176: =SUM(E168:E174) -> 875000
D178: Kuala Pembuang, 19 Januari 2021

Sheet BPTDN
A1: PERUSAHAAN DAERAH AIR MINUM
A2: KABUPATEN SERUYAN
A4: BUKTI PENERIMAAN DENDA
A5: BULAN : JANUARI 2018
E7: BPTDN/01/I/2018
A8: NO | B8: NAMA PELANGGAN | C8: NO. PELANGGAN | D8: NO. BUKTI | E8: JUMLAH
A9: 1 | B9: Rafiah | C9: 000408 | E9: 50000
A10: =A9+1 -> 2 | B10: Hj. Nurlaila A | C10: 000802 | E10: 12500
A11: =A10+1 -> 3 | B11: Eko Budi S | C11: 000942 | E11: 5000
A12: =A11+1 -> 4 | B12: Titin Yuli Susanti | C12: 000966 | E12: 42500
A13: =A12+1 -> 5 | B13: Irsyad Munawar, ST | C13: 000969 | E13: 42500
A14: =A13+1 -> 6 | B14: Sudirman | C14: 001430 | E14: 12500
A15: =A14+1 -> 7 | B15: Norhanisah | C15: 001491 | E15: 32500
A16: =A15+1 -> 8 | B16: Heri | C16: 001658 | E16: 17500
A17: =A16+1 -> 9 | B17: Raden Kartono, S. Pd | C17: 001809 | E17: 5000
A18: =A17+1 -> 10 | B18: Suriansyah | C18: 001820 | E18: 5000
A19: =A18+1 -> 11 | B19: H. Muhammad Hanafie | C19: 002055 | E19: 12500
A20: =A19+1 -> 12 | B20: Agus Wakidjo | C20: 002381 | E20: 5000
A21: =A20+1 -> 13 | B21: Wahana | C21: 002452 | E21: 5000
A22: =A21+1 -> 14 | B22: Norhayati | C22: 002542 | E22: 5000
B24: JUMLAH | E24: =SUM(E9:E23) -> 252500
D26: Kuala Pembuang, 02 Januari 2018
D27: Kasi. Pembukuan
A54: PERUSAHAAN DAERAH AIR MINUM
A55: KABUPATEN SERUYAN
A57: BUKTI PENERIMAAN DENDA
A58: BULAN : JANUARI 2018
E60: BPTDN/02/I/2018
A61: NO | B61: NAMA PELANGGAN | C61: NO. PELANGGAN | D61: NO. BUKTI | E61: JUMLAH
A62: 1 | B62: Nur Aiti | C62: 000134 | E62: 12500
A63: =A62+1 -> 2 | B63: Suriyadi | C63: 000203 | E63: 5000
A64: =A63+1 -> 3 | B64: Koesnan AS | C64: 000318 | E64: 5000
A65: =A64+1 -> 4 | B65: Bandu | C65: 000345 | E65: 5000
A66: =A65+1 -> 5 | B66: Roby Kurniawan | C66: 000425 | E66: 22500
A67: =A66+1 -> 6 | B67: Susilawati | C67: 000712 | E67: 42500
A68: =A67+1 -> 7 | B68: H. Ahmad Dehen | C68: 000735 | E68: 22500
A69: =A68+1 -> 8 | B69: Mujibur Rahman | C69: 000745 | E69: 47500
A70: =A69+1 -> 9 | B70: Indra Gunawi | C70: 000872 | E70: 52500
A71: =A70+1 -> 10 | B71: H. Sutriasmono | C71: 000925 | E71: 62500
A72: =A71+1 -> 11 | B72: Muliannor | C72: 000935 | E72: 5000
A73: =A72+1 -> 12 | B73: Kejari VI | C73: 001009 | E73: 62500
A74: =A73+1 -> 13 | B74: M. Fitriansyah | C74: 001105 | E74: 12500
... A110: =A109+1 -> 49 | B110: Iwan Juwarto | C110: 002937 | E110: 5000
B112: JUMLAH | E112: =SUM(E62:E111) -> 835000
D114: Kuala Pembuang, 03 Januari 2018
D115: Kasi. Pembukuan
A160: PERUSAHAAN DAERAH AIR MINUM
A161: KABUPATEN SERUYAN
A163: BUKTI PENERIMAAN DENDA
A164: BULAN : JANUARI 2018
E166: BPTDN/03/I/2018
A167: NO | B167: NAMA PELANGGAN | C167: NO. PELANGGAN | D167: NO. BUKTI | E167: JUMLAH
A168: 1 | B168: A. Asnad Hf | C168: 000133 | E168: 12500
A169: =A168+1 -> 2 | B169: Taufik Amirullah | C169: 000233 | E169: 40000
A170: =A169+1 -> 3 | B170: H. Suryadi | C170: 000237 | E170: 5000
A171: =A170+1 -> 4 | B171: Uda Ali | C171: 000250 | E171: 27500
A172: =A171+1 -> 5 | B172: Sukarnadi | C172: 000294 | E172: 52500
A173: =A172+1 -> 6 | B173: Anang Yusrani | C173: 000358 | E173: 42500
A174: =A173+1 -> 7 | B174: Eka Damayanti | C174: 000493 | E174: 52500
A175: =A174+1 -> 8 | B175: Supardi | C175: 000582 | E175: 12500
A176: =A175+1 -> 9 | B176: Andi Aswita A | C176: 000650 | E176: 5000
A177: =A176+1 -> 10 | B177: Darwis, S. Pt | C177: 000680 | E177: 5000
A178: =A177+1 -> 11 | B178: Mardiono | C178: 000755 | E178: 32500
A179: =A178+1 -> 12 | B179: Mas Ud | C179: 000888 | E179: 72500
A180: =A179+1 -> 13 | B180: Lamiang | C180: 000898 | E180: 12500
... A217: =A216+1 -> 50 | B217: Saiful Darahim | C217: 002842 | E217: 5000
B219: JUMLAH | E219: =SUM(E168:E218) -> 835000
D221: Kuala Pembuang, 04 Januari 2018
D222: Kasi. Pembukuan
A266: PERUSAHAAN DAERAH AIR MINUM
A267: KABUPATEN SERUYAN
A269: BUKTI PENERIMAAN DENDA
A270: BULAN : JANUARI 2018
E272: BPTDN/04/I/2018
A273: NO | B273: NAMA PELANGGAN | C273: NO. PELANGGAN | D273: NO. BUKTI | E273: JUMLAH
A274: 1 | B274: Anang Mukri | C274: 000036 | E274: 30000
A275: =A274+1 -> 2 | B275: H. Asnad HA | C275: 000058 | E275: 30000
A276: =A275+1 -> 3 | B276: Raden s | C276: 000138 | E276: 5000
A277: =A276+1 -> 4 | B277: H. Khairil Anwar | C277: 000207 | E277: 12500
A278: =A277+1 -> 5 | B278: Ahmadin | C278: 000284 | E278: 5000
A279: =A278+1 -> 6 | B279: Rachmad | C279: 000494 | E279: 5000
A280: =A279+1 -> 7 | B280: Siti Rahmah | C280: 000642 | E280: 5000
A281: =A280+1 -> 8 | B281: Ribut Riwayanto | C281: 000652 | E281: 5000
A282: =A281+1 -> 9 | B282: I Gusti Ayu Swasti I | C282: 000761 | E282: 22500
A283: =A282+1 -> 10 | B283: Hairil Anwar, SE | C283: 001118 | E283: 50000
A284: =A283+1 -> 11 | B284: Muthmainnah | C284: 001207 | E284: 5000
A285: =A284+1 -> 12 | B285: H. Matlim A | C285: 001221 | E285: 5000
A286: =A285+1 -> 13 | B286: Arsiah | C286: 001480 | E286: 5000
... A302: =A301+1 -> 29 | B302: Rahmadia | C302: 002996 | E302: 12500
B304: JUMLAH | E304: =SUM(E274:E303) -> 385000
D306: Kuala Pembuang, 05 Januari 2018
D307: Kasi. Pembukuan
A319: PERUSAHAAN DAERAH AIR MINUM
A320: KABUPATEN SERUYAN
A322: BUKTI PENERIMAAN DENDA
A323: BULAN : JANUARI 2018
E325: BPTDN/05/I/2018
A326: NO | B326: NAMA PELANGGAN | C326: NO. PELANGGAN | D326: NO. BUKTI | E326: JUMLAH
A327: 1 | B327: Ananda Stela Natasha E | C327: 000306 | E327: 5000
A328: =A327+1 -> 2 | B328: Sri Mawarni | C328: 000564 | E328: 32500
...

Sheet BKM
A1: PERUSAHAAN DAERAH AIR MINUM
A2: KABUPATEN SERUYAN
A5: BUKTI KAS MASUK
A6: BULAN : JANUARI 2021
I7: No. KM/01/I/2021
A8: NO | B8: URAIAN | C8: NO. BUKTI | D8: PENERIMAAN | I8: JUMLAH
D9: TAGIHAN | E9: TAGIHAN | F9: DENDA | G9: ANGSURAN | H9: DANA
D10: REKENING | E10: REKENING | F10: REKENING | G10: PIUTANG | H10: METER
D11: AIR | E11: NON AIR | F11: AIR | G11: KARYAWAN
A12: 1 | B12: Penerimaan Rek Air & Adm | C12: BPTRA/01/I/2021 | D12: Tidak Ada Transaksi | I12: =SUM(D12:H12) -> 0
I13: =SUM(D13:H13) -> 0
I14: =SUM(D14:H14) -> 0
I15: =SUM(D15:H15) -> 0
B18: JUMLAH | D18: =SUM(D12:D17) -> 0 | E18: =SUM(E12:E17) -> 0 | F18: =SUM(F12:F17) -> 0 | G18: =SUM(G12:G17) -> 0 | H18: =SUM(H12:H17) -> 0 | I18: =SUM(I12:I17) -> 0
G20: Kuala Pembuang, 01 Januari 2021
A34: PERUSAHAAN DAERAH AIR MINUM
A35: KABUPATEN SERUYAN
A38: BUKTI KAS MASUK
A39: BULAN : JANUARI 2021
I40: No. KM/02/I/2021
A41: NO | B41: URAIAN | C41: NO. BUKTI | D41: PENERIMAAN | I41: JUMLAH
D42: TAGIHAN | E42: TAGIHAN | F42: DENDA | G42: ANGSURAN | H42: DANA
D43: REKENING | E43: REKENING | F43: REKENING | G43: PIUTANG | H43: METER
D44: AIR | E44: NON AIR | F44: AIR | G44: KARYAWAN
A45: 1 | B45: Penerimaan Rek Air & Adm | C45: BPTRA/02/I/2021 | D45: 412045 | F45: 10000 | H45: 120000 | I45: =SUM(D45:H45) -> 542045
I46: =SUM(D46:H46) -> 0
I47: =SUM(D47:H47) -> 0
I48: =SUM(D48:H48) -> 0
B51: JUMLAH | D51: =SUM(D45:D50) -> 412045 | E51: =SUM(E45:E50) -> 0 | F51: =SUM(F45:F50) -> 10000 | G51: =SUM(G45:G50) -> 0 | H51: =SUM(H45:H50) -> 120000 | I51: =SUM(I45:I50) -> 542045
G53: Kuala Pembuang, 02 Januari 2021
A67: PERUSAHAAN DAERAH AIR MINUM
A68: KABUPATEN SERUYAN
A71: BUKTI KAS MASUK
A72: BULAN : JANUARI 2021
I73: No. KM/03/I/2021
A74: NO | B74: URAIAN | C74: NO. BUKTI | D74: PENERIMAAN | I74: JUMLAH
D75: TAGIHAN | E75: TAGIHAN | F75: DENDA | G75: ANGSURAN | H75: DANA
D76: REKENING | E76: REKENING | F76: REKENING | G76: PIUTANG | H76: METER
D77: AIR | E77: NON AIR | F77: AIR | G77: KARYAWAN
A78: 1 | B78: Penerimaan Rek Air & Adm | C78: BPTRA/03/I/2021 | D78: 96478 | F78: 10000 | H78: 40000 | I78: =SUM(D78:H78) -> 146478
I79: =SUM(D79:H79) -> 0
I80: =SUM(D80:H80) -> 0
I81: =SUM(D81:H81) -> 0
B84: JUMLAH | D84: =SUM(D78:D83) -> 96478 | E84: =SUM(E78:E83) -> 0 | F84: =SUM(F78:F83) -> 10000 | G84: =SUM(G78:G83) -> 0 | H84: =SUM(H78:H83) -> 40000 | I84: =SUM(I78:I83) -> 146478
G86: Kuala Pembuang, 03 Januari 2021
A100: PERUSAHAAN DAERAH AIR MINUM
A101: KABUPATEN SERUYAN
A104: BUKTI KAS MASUK
A105: BULAN : JANUARI 2021
I106: No. KM/04/I/2021
A107: NO | B107: URAIAN | C107: NO. BUKTI | D107: PENERIMAAN | I107: JUMLAH
D108: TAGIHAN | E108: TAGIHAN | F108: DENDA | G108: ANGSURAN | H108: DANA
D109: REKENING | E109: REKENING | F109: REKENING | G109: PIUTANG | H109: METER
D110: AIR | E110: NON AIR | F110: AIR | G110: KARYAWAN
A111: 1 | B111: Penerimaan Rek Air & Adm | C111: BPTRA/04/I/2021 | D111: 12219303 | F111: 665000 | H111: =2460000*2 -> 4920000 | I111: =SUM(D111:H111) -> 17804303
I112: =SUM(D112:H112) -> 0
I113: =SUM(D113:H113) -> 0
I114: =SUM(D114:H114) -> 0
B117: JUMLAH | D117: =SUM(D111:D116) -> 12219303 | E117: =SUM(E111:E116) -> 0 | F117: =SUM(F111:F116) -> 665000 | G117: =SUM(G111:G116) -> 0 | H117: =SUM(H111:H116) -> 4920000 | I117: =SUM(I111:I116) -> 17804303
G119: Kuala Pembuang, 04 Januari 2021
A133: PERUSAHAAN DAERAH AIR MINUM
A134: KABUPATEN SERUYAN
A137: BUKTI KAS MASUK
A138: BULAN : JANUARI 2021
I139: No. KM/05/I/2021
A140: NO | B140: URAIAN | C140: NO. BUKTI | D140: PENERIMAAN | I140: JUMLAH
D141: TAGIHAN | E141: TAGIHAN | F141: DENDA | G141: ANGSURAN | H141: DANA
D142: REKENING | E142: REKENING | F142: REKENING | G142: PIUTANG | H142: METER
D143: AIR | E143: NON AIR | F143: AIR | G143: KARYAWAN
A144: 1 | B144: Penerimaan Rek Air & Adm | C144: BPTRA/05/I/2021 | D144: 9090558 | F144: 380000 | H144: =1430000*2 -> 2860000 | I144: =SUM(D144:H144) -> 12330558
I145: =SUM(D145:H145) -> 0
I146: =SUM(D146:H146) -> 0
I147: =SUM(D147:H147) -> 0
B150: JUMLAH | D150: =SUM(D144:D149) -> 9090558 | E150: =SUM(E144:E149) -> 0 | F150: =SUM(F144:F149) -> 380000 | G150: =SUM(G144:G149) -> 0 | H150: =SUM(H144:H149) -> 2860000 | I150: =SUM(I144:I149) -> 12330558
G152: Kuala Pembuang, 05 Januari 2021
A166: PERUSAHAAN DAERAH AIR MINUM
A167: KABUPATEN SERUYAN
A170: BUKTI KAS MASUK
A171: BULAN : JANUARI 2021
I172: No. KM/06/I/2021
A173: NO | B173: URAIAN | C173: NO. BUKTI | D173: PENERIMAAN | I173: JUMLAH
D174: TAGIHAN | E174: TAGIHAN | F174: DENDA | G174: ANGSURAN | H174: DANA
D175: REKENING | E175: REKENING | F175: REKENING | G175: PIUTANG | H175: METER
D176: AIR | E176: NON AIR | F176: AIR | G176: KARYAWAN
A177: 1 | B177: Penerimaan Rek Air & Adm | C177: BPTRA/06/I/2021 | D177: 11501270 | E177: =BPTRNA!E17 -> 2625000 | F177: 780000 | H177: =2560000*2 -> 5120000 | I177: =SUM(D177:H177) -> 20026270
I178: =SUM(D178:H178) -> 0
I179: =SUM(D179:H179) -> 0
I180: =SUM(D180:H180) -> 0
B183: JUMLAH | D183: =SUM(D177:D182) -> 11501270 | E183: =SUM(E177:E182) -> 2625000 | F183: =SUM(F177:F182) -> 780000 | G183: =SUM(G177:G182) -> 0 | H183: =SUM(H177:H182) -> 5120000 | I183: =SUM(I177:I182) -> 20026270
G185: Kuala Pembuang, 06 Januari 2021
A199: PERUSAHAAN DAERAH AIR MINUM
A200: KABUPATEN SERUYAN
A203: BUKTI KAS MASUK
A204: BULAN : JANUARI 2021
I205: No. KM/07/I/2021
A206: NO | B206: URAIAN | C206: NO. BUKTI | D206: PENERIMAAN | I206: JUMLAH
D207: TAGIHAN | E207: TAGIHAN | F207: DENDA | G207: ANGSURAN | H207: DANA
D208: REKENING | E208: REKENING | F208: REKENING | G208: PIUTANG | H208: METER
D209: AIR | E209: NON AIR | F209: AIR | G209: KARYAWAN
A210: 1 | B210: Penerimaan Rek Air & Adm | C210: BPTRA/07/I/2021 | D210: 4588042 | F210: 290000 | H210: =930000*2 -> 1860000 | I210: =SUM(D210:H210) -> 6738042
...

Sheet JPK. RA
A1: PERUSAHAAN UMUM DAERAH AIR MINUM
A2: TIRTA SERUYAN
A3: JOURNAL PENERIMAAN KAS (JPK)
A4: REKENING AIR (RA)
A5: BULAN : JANUARI 2026
A7: TGL | B7: NO. BUKTI | C7: URAIAN | D7: DEBET | E7: PERKIRAAN DI KREDIT | G7: RUPA-RUPA
D8: KAS/BANK | E8: PIUTANG | F8: PIUTANG | G8: KODE PERK. | H8: NAMA PERKIRAAN | I8: DEBET | J8: KREDIT
E9: REK. AIR | F9: REK. AIR (ADM& DM)
D10: (11.01.00) | E10: (13.01.00) | F10: (13.01.00)
A12: 46023 | B12: No. KM/01/I/2026 | C12: Penerimaan Tagihan Rekening Air | D12: =SUM(E12:F12) -> 0 | E12: 0 | F12: 0
A13: 46024 | B13: No. KM/02/I/2026 | C13: Penerimaan Tagihan Rekening Air | D13: =SUM(E13:F13) -> 0 | E13: 0 | F13: 0
A14: 46025 | B14: No. KM/03/I/2026 | C14: Penerimaan Tagihan Rekening Air | D14: =SUM(E14:F14) -> 0 | E14: 0 | F14: 0
A15: 46026 | B15: No. KM/04/I/2026 | C15: Penerimaan Tagihan Rekening Air | D15: =SUM(E15:F15) -> 0 | E15: 0 | F15: 0
A16: 46027 | B16: No. KM/05/I/2026 | C16: Penerimaan Tagihan Rekening Air | D16: =SUM(E16:F16) -> 0 | E16: 0 | F16: 0
A17: 46028 | B17: No. KM/06/I/2026 | C17: Penerimaan Tagihan Rekening Air | D17: =SUM(E17:F17) -> 0 | E17: 0 | F17: 0
A18: 46029 | B18: No. KM/07/I/2026 | C18: Penerimaan Tagihan Rekening Air | D18: =SUM(E18:F18) -> 0 | E18: 0 | F18: 0
A19: 46030 | B19: No. KM/08/I/2026 | C19: Penerimaan Tagihan Rekening Air | D19: =SUM(E19:F19) -> 0 | E19: 0 | F19: 0
A20: 46031 | B20: No. KM/09/I/2026 | C20: Penerimaan Tagihan Rekening Air | D20: =SUM(E20:F20) -> 0 | E20: 0 | F20: 0
A21: 46032 | B21: No. KM/10/I/2026 | C21: Penerimaan Tagihan Rekening Air | D21: =SUM(E21:F21) -> 0 | E21: 0 | F21: 0
A22: 46033 | B22: No. KM/11/I/2026 | C22: Penerimaan Tagihan Rekening Air | D22: =SUM(E22:F22) -> 0 | E22: 0 | F22: 0
A23: 46034 | B23: No. KM/12/I/2026 | C23: Penerimaan Tagihan Rekening Air | D23: =SUM(E23:F23) -> 0 | E23: 0 | F23: 0
... A27: 46038 | B27: No. KM/16/I/2026 | C27: Penerimaan Tagihan Rekening Air | D27: =SUM(E27:F27) -> 0 | E27: 0 | F27: 0
A28: 46039 | B28: =[1]BKM!I567 -> No. KM/17/I/2026 | C28: Penerimaan Tagihan Rekening Air | D28: =SUM(E28:F28) -> 0 | E28: 0 | F28: 0
A29: 46040 | B29: =[1]BKM!I602 -> No. KM/18/I/2026 | C29: Penerimaan Tagihan Rekening Air | D29: =SUM(E29:F29) -> 0 | E29: 0 | F29: 0
A30: 46041 | B30: =[1]BKM!I637 -> No. KM/19/I/2026 | C30: Penerimaan Tagihan Rekening Air | D30: =SUM(E30:F30) -> 0 | E30: 0 | F30: 0
A31: 46042 | B31: =[1]BKM!I672 -> No. KM/20/I/2026 | C31: Penerimaan Tagihan Rekening Air | D31: =SUM(E31:F31) -> 0 | E31: 0 | F31: 0
A32: 46043 | B32: =[1]BKM!I707 -> No. KM/21/I/2026 | C32: Penerimaan Tagihan Rekening Air | D32: =SUM(E32:F32) -> 0 | E32: 0 | F32: 0
A33: 46044 | B33: =[1]BKM!I742 -> No. KM/22/I/2026 | C33: Penerimaan Tagihan Rekening Air | D33: =SUM(E33:F33) -> 0 | E33: 0 | F33: 0
A34: 46045 | B34: =[1]BKM!I777 -> No. KM/23/I/2026 | C34: Penerimaan Tagihan Rekening Air | D34: =SUM(E34:F34) -> 0 | E34: 0 | F34: 0
A35: 46046 | B35: =[1]BKM!I812 -> No. KM/24/I/2026 | C35: Penerimaan Tagihan Rekening Air | D35: =SUM(E35:F35) -> 0 | E35: 0 | F35: 0
A36: 46047 | B36: =[1]BKM!I847 -> No. KM/25/I/2026 | C36: Penerimaan Tagihan Rekening Air | D36: =SUM(E36:F36) -> 0 | E36: 0 | F36: 0
A37: 46048 | B37: =[1]BKM!I882 -> No. KM/26/I/2026 | C37: Penerimaan Tagihan Rekening Air | D37: =SUM(E37:F37) -> 0 | E37: 0 | F37: 0
A38: 46049 | B38: =[1]BKM!I917 -> No. KM/27/I/2026 | C38: Penerimaan Tagihan Rekening Air | D38: =SUM(E38:F38) -> 0 | E38: 0 | F38: 0 | G38: 11.01.00 | H38: kas
D39: =SUM(E39:F39) -> 0 | E39: 0 | F39: 0 | G39: 81.01.30 | H39: Pendapatan Rek Air Tangki
A40: 46050 | B40: =[1]BKM!I952 -> No. KM/28/I/2026 | C40: Penerimaan Tagihan Rekening Air | D40: =SUM(E40:F40) -> 0 | E40: 0 | F40: 0
A41: 46051 | B41: =[1]BKM!I987 -> No. KM/29/I/2026 | C41: Penerimaan Tagihan Rekening Air | D41: =SUM(E41:F41) -> 0 | E41: 0 | F41: 0
A42: 46052 | B42: =[1]BKM!I1022 -> No. KM/30/I/2026 | C42: Penerimaan Tagihan Rekening Air | D42: =SUM(E42:F42) -> 0 | E42: 0 | F42: 0
A43: 46053 | B43: =[1]BKM!I1057 -> No. KM/31/I/2026 | C43: Penerimaan Tagihan Rekening Air | D43: =SUM(E43:F43) -> 0 | E43: 0 | F43: 0
D44: =SUM(E44:F44) -> 0
C45: Jumlah | D45: =SUM(D12:D44) -> 0 | E45: =SUM(E12:E44) -> 0 | F45: =SUM(F12:F44) -> 0 | I45: =SUM(I12:I44) -> 0 | J45: =SUM(J12:J44) -> 0
A49: PERUSAHAAN UMUM DAERAH AIR MINUM
A50: TIRTA SERUYAN
A51: JOURNAL PENERIMAAN KAS (JPK)
A52: REKENING AIR (RA)
A53: BULAN : FEBRUARI 2026
A55: TGL | B55: NO. BUKTI | C55: URAIAN | D55: DEBET | E55: PERKIRAAN DI KREDIT | G55: RUPA-RUPA
D56: KAS/BANK | E56: PIUTANG | F56: PIUTANG | G56: KODE PERK. | H56: NAMA PERKIRAAN | I56: DEBET | J56: KREDIT
E57: REK. AIR | F57: REK. AIR (ADM& DM)
D58: (11.01.00) | E58: (13.01.00) | F58: (13.01.00)
A60: 1 Feb 26 | B60: No. KM/01/II/2026 | C60: Penerimaan Tagihan Rekening Air | D60: =SUM(E60:F60) -> 0 | E60: 0 | F60: 0
A61: 2 Feb 26 | B61: No. KM/02/II/2026 | C61: Penerimaan Tagihan Rekening Air | D61: =SUM(E61:F61) -> 0 | E61: 0 | F61: 0
A62: 3 Feb 26 | B62: No. KM/03/II/2026 | C62: Penerimaan Tagihan Rekening Air | D62: =SUM(E62:F62) -> 0 | E62: 0 | F62: 0
A63: 4 Feb 26 | B63: No. KM/04/II/2026 | C63: Penerimaan Tagihan Rekening Air | D63: =SUM(E63:F63) -> 0 | E63: 0 | F63: 0
A64: 5 Feb 26 | B64: No. KM/05/II/2026 | C64: Penerimaan Tagihan Rekening Air | D64: =SUM(E64:F64) -> 0 | E64: 0 | F64: 0
A65: 6 Feb 26 | B65: No. KM/06/II/2026 | C65: Penerimaan Tagihan Rekening Air | D65: =SUM(E65:F65) -> 0 | E65: 0 | F65: 0
A66: 7 Feb 26 | B66: No. KM/07/II/2026 | C66: Penerimaan Tagihan Rekening Air | D66: =SUM(E66:F66) -> 0 | E66: 0 | F66: 0
A67: 8 Feb 26 | B67: No. KM/08/II/2026 | C67: Penerimaan Tagihan Rekening Air | D67: =SUM(E67:F67) -> 0 | E67: 0 | F67: 0
A68: 9 Feb 26 | B68: No. KM/09/II/2026 | C68: Penerimaan Tagihan Rekening Air | D68: =SUM(E68:F68) -> 0 | E68: 0 | F68: 0
A69: 10 Feb 26 | B69: No. KM/10/II/2026 | C69: Penerimaan Tagihan Rekening Air | D69: =SUM(E69:F69) -> 0 | E69: 0 | F69: 0
A70: 11 Feb 26 | B70: No. KM/11/II/2026 | C70: Penerimaan Tagihan Rekening Air | D70: =SUM(E70:F70) -> 0 | E70: 0 | F70: 0
A71: 12 Feb 26 | B71: No. KM/12/II/2026 | C71: Penerimaan Tagihan Rekening Air | D71: =SUM(E71:F71) -> 0 | E71: 0 | F71: 0
... A81: 22 Feb 26 | B81: No. KM/22/II/2026 | C81: Penerimaan Tagihan Rekening Air | D81: =SUM(E81:F81) -> 0 | E81: 0 | F81: 0
A82: 23 Feb 26 | B82: No. KM/23/II/2026 | C82: Penerimaan Tagihan Rekening Air | D82: =SUM(E82:F82) -> 0 | E82: 0 | F82: 0 | G82: 11.01.00 | H82: Kas
G83: 81.01.30 | H83: Pendapatan Rek Air Tangki
A84: 24 Feb 26 | B84: No. KM/24/II/2026 | C84: Penerimaan Tagihan Rekening Air | D84: =SUM(E84:F84) -> 0 | E84: 0 | F84: 0
A85: 25 Feb 26 | B85: No. KM/25/II/2026 | C85: Penerimaan Tagihan Rekening Air | D85: =SUM(E85:F85) -> 0 | E85: 0 | F85: 0
A86: 26 Feb 26 | B86: No. KM/26/II/2026 | C86: Penerimaan Tagihan Rekening Air | D86: =SUM(E86:F86) -> 0 | E86: 0 | F86: 0
A87: 27 Feb 26 | B87: No. KM/27/II/2026 | C87: Penerimaan Tagihan Rekening Air | D87: =SUM(E87:F87) -> 0 | E87: 0 | F87: 0
A88: 28 Feb 26 | B88: No. KM/28/II/2026 | C88: Penerimaan Tagihan Rekening Air | D88: =SUM(E88:F88) -> 0 | E88: 0 | F88: 0
A89: 29 Feb 25 | B89: No. KM/28/II/2025 | C89: Penerimaan Tagihan Rekening Air | D89: =SUM(E89:F89) -> 0 | E89: 0 | F89: 0
C92: Jumlah | D92: =SUM(D60:D91) -> 0 | E92: =SUM(E60:E91) -> 0 | F92: =SUM(F60:F91) -> 0 | I92: =SUM(I60:I91) -> 0 | J92: =SUM(J60:J91) -> 0
A100: PERUSAHAAN UMUM DAERAH AIR MINUM
A101: TIRTA SERUYAN
A102: JOURNAL PENERIMAAN KAS (JPK)
A103: REKENING AIR (RA)
A104: BULAN : MARET 2026
A106: TGL | B106: NO. BUKTI | C106: URAIAN | D106: DEBET | E106: PERKIRAAN DI KREDIT | G106: RUPA-RUPA
D107: KAS/BANK | E107: PIUTANG | F107: PIUTANG | G107: KODE PERK. | H107: NAMA PERKIRAAN | I107: DEBET | J107: KREDIT
E108: REK. AIR | F108: REK. AIR (ADM& DM)
D109: (11.01.00) | E109: (13.01.00) | F109: (13.01.00)
A111: 1 Mar 26 | B111: No. KM/01/III/2026 | C111: Penerimaan Tagihan Rekening Air | D111: =SUM(E111:F111) -> 0 | E111: 0 | F111: 0
A112: 2 Mar 26 | B112: No. KM/02/III/2026 | C112: Penerimaan Tagihan Rekening Air | D112: =SUM(E112:F112) -> 0 | E112: 0 | F112: 0
A113: 3 Mar 26 | B113: No. KM/03/III/2026 | C113: Penerimaan Tagihan Rekening Air | D113: =SUM(E113:F113) -> 0 | E113: 0 | F113: 0
A114: 4 Mar 26 | B114: No. KM/04/III/2026 | C114: Penerimaan Tagihan Rekening Air | D114: =SUM(E114:F114) -> 0 | E114: 0 | F114: 0
A115: 5 Mar 26 | B115: No. KM/05/III/2026 | C115: Penerimaan Tagihan Rekening Air | D115: =SUM(E115:F115) -> 0 | E115: 0 | F115: 0
A116: 6 Mar 26 | B116: No. KM/06/III/2026 | C116: Penerimaan Tagihan Rekening Air | D116: =SUM(E116:F116) -> 0 | E116: 0 | F116: 0
A117: 7 Mar 26 | B117: No. KM/07/III/2026 | C117: Penerimaan Tagihan Rekening Air | D117: =SUM(E117:F117) -> 0 | E117: 0 | F117: 0
A118: 8 Mar 26 | B118: No. KM/08/III/2026 | C118: Penerimaan Tagihan Rekening Air | D118: =SUM(E118:F118) -> 0 | E118: 0 | F118: 0
A119: 9 Mar 26 | B119: No. KM/09/III/2026 | C119: Penerimaan Tagihan Rekening Air | D119: =SUM(E119:F119) -> 0 | E119: 0 | F119: 0
A120: 10 Mar 26 | B120: No. KM/10/III/2026 | C120: Penerimaan Tagihan Rekening Air | D120: =SUM(E120:F120) -> 0 | E120: 0 | F120: 0 | K120: kapal
A121: 11 Mar 26 | B121: No. KM/11/III/2026 | C121: Penerimaan Tagihan Rekening Air | D121: =SUM(E121:F121) -> 0 | E121: 0 | F121: 0
A122: 12 Mar 26 | B122: No. KM/12/III/2026 | C122: Penerimaan Tagihan Rekening Air | D122: =SUM(E122:F122) -> 0 | E122: 0 | F122: 0
A123: 13 Mar 26 | B123: No. KM/13/III/2026 | C123: Penerimaan Tagihan Rekening Air | D123: =SUM(E123:F123) -> 0 | E123: 0 | F123: 0
A124: 14 Mar 26 | B124: No. KM/14/III/2026 | C124: Penerimaan Tagihan Rekening Air | D124: =SUM(E124:F124) -> 0 | E124: 0 | F124: 0
A125: 15 Mar 26 | B125: No. KM/15/III/2026 | C125: Penerimaan Tagihan Rekening Air | D125: =SUM(E125:F125) -> 0 | E125: 0 | F125: 0
A126: 16 Mar 26 | B126: No. KM/16/III/2026 | C126: Penerimaan Tagihan Rekening Air | D126: =SUM(E126:F126) -> 0 | E126: 0 | F126: 0
A127: 17 Mar 26 | B127: No. KM/17/III/2026 | C127: Penerimaan Tagihan Rekening Air | D127: =SUM(E127:F127) -> 0 | E127: 0 | F127: 0
A128: 18 Mar 26 | B128: No. KM/18/III/2026 | C128: Penerimaan Tagihan Rekening Air | D128: =SUM(E128:F128) -> 0 | E128: 0 | F128: 0
A129: 19 Mar 26 | B129: No. KM/19/III/2026 | C129: Penerimaan Tagihan Rekening Air | D129: =SUM(E129:F129) -> 0 | E129: 0 | F129: 0
A130: 20 Mar 26 | B130: No. KM/20/III/2026 | C130: Penerimaan Tagihan Rekening Air | D130: =SUM(E130:F130) -> 0 | E130: 0 | F130: 0
...

Sheet JPK. RNA 
A1: PERUSAHAAN DAERAH AIR MINUM
A2: KABUPATEN SERUYAN
A3: JURNAL PENERIMAAN KAS (JPK)
A4: REKENING NON AIR (RNA)
A5: BULAN : JANUARI 2026
A7: TGL | B7: NO. BUKTI | C7: URAIAN | D7: DEBET | E7: PERKIRAAN DI KREDIT
D8: KAS/BANK | E8: PENDAPATAN NON AIR
E9: SR Baru | F9: Penyambungan Kembali | G9: Denda | H9: Meter Air | I9: Pipa Persil | J9: Non Air Lainnya ( 81.02.90)
D10: 11.01.00 | E10: 81.02.10 | F10: 81.02.40 | G10: 81.02.50 | H10: 81..02.70 | I10: 81.02.80 | J10: Jumlah | K10: Ket.
A12: 46023 | B12: No. KM/01/I/2026 | C12: Penerimaan dan Pendapatan | D12: =SUM(E12:J12) -> 0
A13: 46024 | B13: No. KM/02/I/2026 | C13: Penerimaan dan Pendapatan | D13: =SUM(E13:J13) -> 0
A14: 46025 | B14: No. KM/03/I/2026 | C14: Penerimaan dan Pendapatan | D14: =SUM(E14:J14) -> 0
A15: 46026 | B15: No. KM/04/I/2026 | C15: Penerimaan dan Pendapatan | D15: =SUM(E15:J15) -> 0
A16: 46027 | B16: No. KM/05/I/2026 | C16: Penerimaan dan Pendapatan | D16: =SUM(E16:J16) -> 0
A17: 46028 | B17: No. KM/06/I/2026 | C17: Penerimaan dan Pendapatan | D17: =SUM(E17:J17) -> 0
A18: 46029 | B18: No. KM/07/I/2026 | C18: Penerimaan dan Pendapatan | D18: =SUM(E18:J18) -> 0
A19: 46030 | B19: No. KM/08/I/2026 | C19: Penerimaan dan Pendapatan | D19: =SUM(E19:J19) -> 0
A20: 46031 | B20: No. KM/09/I/2026 | C20: Penerimaan dan Pendapatan | D20: =SUM(E20:J20) -> 0
A21: 46032 | B21: No. KM/10/I/2026 | C21: Penerimaan dan Pendapatan | D21: =SUM(E21:J21) -> 0
A22: 46033 | B22: No. KM/11/I/2026 | C22: Penerimaan dan Pendapatan | D22: =SUM(E22:J22) -> 0
A23: 46034 | B23: No. KM/12/I/2026 | C23: Penerimaan dan Pendapatan | D23: =SUM(E23:J23) -> 0
... A27: 46038 | B27: No. KM/16/I/2026 | C27: Penerimaan dan Pendapatan | D27: =SUM(E27:J27) -> 0
A28: 46039 | B28: =[1]BKM!I567 -> No. KM/17/I/2026 | C28: Penerimaan dan Pendapatan | D28: =SUM(E28:J28) -> 0
A29: 46040 | B29: =[1]BKM!I602 -> No. KM/18/I/2026 | C29: Penerimaan dan Pendapatan | D29: =SUM(E29:J29) -> 0
A30: 46041 | B30: =[1]BKM!I637 -> No. KM/19/I/2026 | C30: Penerimaan dan Pendapatan | D30: =SUM(E30:J30) -> 0
A31: 46042 | B31: =[1]BKM!I672 -> No. KM/20/I/2026 | C31: Penerimaan dan Pendapatan | D31: =SUM(E31:J31) -> 0
A32: 46043 | B32: =[1]BKM!I707 -> No. KM/21/I/2026 | C32: Penerimaan dan Pendapatan | D32: =SUM(E32:J32) -> 0
A33: 46044 | B33: =[1]BKM!I742 -> No. KM/22/I/2026 | C33: Penerimaan dan Pendapatan | D33: =SUM(E33:J33) -> 0
A34: 46045 | B34: =[1]BKM!I777 -> No. KM/23/I/2026 | C34: Penerimaan dan Pendapatan | D34: =SUM(E34:J34) -> 0
A35: 46046 | B35: =[1]BKM!I812 -> No. KM/24/I/2026 | C35: Penerimaan dan Pendapatan | D35: =SUM(E35:J35) -> 0
A36: 46047 | B36: =[1]BKM!I847 -> No. KM/25/I/2026 | C36: Penerimaan dan Pendapatan | D36: =SUM(E36:J36) -> 0
A37: 46048 | B37: =[1]BKM!I882 -> No. KM/26/I/2026 | C37: Penerimaan dan Pendapatan | D37: =SUM(E37:J37) -> 0
A38: 46049 | B38: =[1]BKM!I917 -> No. KM/27/I/2026 | C38: Penerimaan dan Pendapatan | D38: =SUM(E38:J38) -> 0
A39: 46050 | B39: =[1]BKM!I952 -> No. KM/28/I/2026 | C39: Penerimaan dan Pendapatan | D39: =SUM(E39:J39) -> 0
A40: 46051 | B40: =[1]BKM!I987 -> No. KM/29/I/2026 | C40: Penerimaan dan Pendapatan | D40: =SUM(E40:J40) -> 0
A41: 46052 | B41: =[1]BKM!I1022 -> No. KM/30/I/2026 | C41: Penerimaan dan Pendapatan | D41: =SUM(E41:J41) -> 0
A42: 46053 | B42: =[1]BKM!I1057 -> No. KM/31/I/2026 | C42: Penerimaan dan Pendapatan | D42: =SUM(E42:J42) -> 0
C43: Jumlah | D43: =SUM(D12:D42) -> 0 | E43: =SUM(E12:E42) -> 0 | F43: =SUM(F12:F42) -> 0 | G43: =SUM(G12:G42) -> 0 | H43: =SUM(H12:H42) -> 0 | I43: =SUM(I12:I42) -> 0 | J43: =SUM(J12:J42) -> 0 | K43: 0
A46: PERUSAHAAN DAERAH AIR MINUM
A47: KABUPATEN SERUYAN
A48: JURNAL PENERIMAAN KAS (JPK)
A49: REKENING NON AIR (RNA)
A50: BULAN : FEBRUARI 2026
A52: TGL | B52: NO. BUKTI | C52: URAIAN | D52: DEBET | E52: PERKIRAAN DI KREDIT
D53: KAS/BANK | E53: PENDAPATAN NON AIR
E54: SR Baru | F54: Penyambungan Kembali | G54: Denda | H54: Meter Air | I54: Pipa Persil | J54: Non Air Lainnya ( 81.02.90)
D55: 11.01.00 | E55: 81.02.10 | F55: 81.02.40 | G55: 81.02.50 | H55: 81..02.70 | I55: 81.02.80 | J55: Jumlah | K55: Ket.
A57: 1 Feb 26 | B57: No. KM/01/II/2026 | C57: Penerimaan dan Pendapatan | D57: 70000
A58: 2 Feb 26 | B58: No. KM/02/II/2026 | C58: Penerimaan dan Pendapatan | D58: 4370000
A59: 3 Feb 26 | B59: No. KM/03/II/2026 | C59: Penerimaan dan Pendapatan | D59: 650000
A60: 4 Feb 26 | B60: No. KM/04/II/2026 | C60: Penerimaan dan Pendapatan | D60: 3080000
A61: 5 Feb 26 | B61: No. KM/05/II/2026 | C61: Penerimaan dan Pendapatan | D61: 375000
A62: 6 Feb 26 | B62: No. KM/06/II/2026 | C62: Penerimaan dan Pendapatan | D62: 4355000
A63: 7 Feb 26 | B63: No. KM/07/II/2026 | C63: Penerimaan dan Pendapatan | D63: 110000
A64: 8 Feb 26 | B64: No. KM/08/II/2026 | C64: Penerimaan dan Pendapatan | D64: 75000
A65: 9 Feb 26 | B65: No. KM/09/II/2026 | C65: Penerimaan dan Pendapatan | D65: 6700000
A66: 10 Feb 26 | B66: No. KM/10/II/2026 | C66: Penerimaan dan Pendapatan | D66: 515000
A67: 11 Feb 26 | B67: No. KM/11/II/2026 | C67: Penerimaan dan Pendapatan | D67: 445000
A68: 12 Feb 26 | B68: No. KM/12/II/2026 | C68: Penerimaan dan Pendapatan | D68: 620000
... A84: 28 Feb 26 | B84: No. KM/28/II/2026 | C84: Penerimaan dan Pendapatan | D84: 325000
C88: Jumlah | D88: =SUM(D57:D87) -> 35820000 | E88: =SUM(E57:E87) -> 0 | F88: =SUM(F57:F87) -> 0 | G88: =SUM(G57:G87) -> 0 | H88: =SUM(H57:H87) -> 0 | I88: =SUM(I57:I87) -> 0 | J88: =SUM(J57:J87) -> 0 | K88: 0
A89: PERUSAHAAN DAERAH AIR MINUM
A90: KABUPATEN SERUYAN
A91: JURNAL PENERIMAAN KAS (JPK)
A92: REKENING NON AIR (RNA)
A93: BULAN : MARET 2026
A95: TGL | B95: NO. BUKTI | C95: URAIAN | D95: DEBET | E95: PERKIRAAN DI KREDIT
D96: KAS/BANK | E96: PENDAPATAN NON AIR
E97: SR Baru | F97: Penyambungan Kembali | G97: Denda | H97: Meter Air | I97: Pipa Persil | J97: Non Air Lainnya ( 81.02.90)
D98: 11.01.00 | E98: 81.02.10 | F98: 81.02.40 | G98: 81.02.50 | H98: 81..02.70 | I98: 81.02.80 | J98: Jumlah | K98: Ket.
A100: 1 Mar 26 | B100: No. KM/01/III/2026 | C100: Penerimaan dan Pendapatan | D100: =SUM(E100:K100) -> 0
A101: 2 Mar 26 | B101: No. KM/02/III/2026 | C101: Penerimaan dan Pendapatan | D101: =SUM(E101:K101) -> 0
A102: 3 Mar 26 | B102: No. KM/03/III/2026 | C102: Penerimaan dan Pendapatan | D102: =SUM(E102:K102) -> 0
A103: 4 Mar 26 | B103: No. KM/04/III/2026 | C103: Penerimaan dan Pendapatan | D103: =SUM(E103:K103) -> 0
A104: 5 Mar 26 | B104: No. KM/05/III/2026 | C104: Penerimaan dan Pendapatan | D104: =SUM(E104:K104) -> 0
A105: 6 Mar 26 | B105: No. KM/06/III/2026 | C105: Penerimaan dan Pendapatan | D105: =SUM(E105:K105) -> 0
A106: 7 Mar 26 | B106: No. KM/07/III/2026 | C106: Penerimaan dan Pendapatan | D106: =SUM(E106:K106) -> 0
A107: 8 Mar 26 | B107: No. KM/08/III/2026 | C107: Penerimaan dan Pendapatan | D107: =SUM(E107:K107) -> 0
A108: 9 Mar 26 | B108: No. KM/09/III/2026 | C108: Penerimaan dan Pendapatan | D108: =SUM(E108:K108) -> 0
A109: 10 Mar 26 | B109: No. KM/10/III/2026 | C109: Penerimaan dan Pendapatan | D109: =SUM(E109:K109) -> 0
A110: 11 Mar 26 | B110: No. KM/11/III/2026 | C110: Penerimaan dan Pendapatan | D110: =SUM(E110:K110) -> 0
A111: 12 Mar 26 | B111: No. KM/12/III/2026 | C111: Penerimaan dan Pendapatan | D111: =SUM(E111:K111) -> 0
... A130: 31 Mar 26 | B130: No. KM/31/III/2026 | C130: Penerimaan dan Pendapatan | D130: =SUM(E130:K130) -> 0
C131: Jumlah | D131: =SUM(D100:D130) -> 0 | E131: =SUM(E100:E130) -> 0 | F131: =SUM(F100:F130) -> 0 | G131: =SUM(G100:G130) -> 0 | H131: =SUM(H100:H130) -> 0 | I131: =SUM(I100:I130) -> 0 | J131: =SUM(J100:J130) -> 0 | K131: 0
A136: PERUSAHAAN DAERAH AIR MINUM
A137: KABUPATEN SERUYAN
A138: JURNAL PENERIMAAN KAS (JPK)
A139: REKENING NON AIR (RNA)
A140: BULAN : APRIL 2026
A142: TGL | B142: NO. BUKTI | C142: URAIAN | D142: DEBET | E142: PERKIRAAN DI KREDIT
D143: KAS/BANK | E143: PENDAPATAN NON AIR
E144: SR Baru | F144: Penyambungan Kembali | G144: Denda | H144: Meter Air | I144: Pipa Persil | J144: Non Air Lainnya ( 81.02.90)
D145: 11.01.00 | E145: 81.02.10 | F145: 81.02.40 | G145: 81.02.50 | H145: 81..02.70 | I145: 81.02.80 | J145: Jumlah | K145: Ket.
A147: 1 Apr 24 | B147: No. KM/01/IV/2025 | C147: Penerimaan dan Pendapatan | D147: =SUM(E147:J147) -> 0
A148: 2 Apr 24 | B148: No. KM/02/IV/2025 | C148: Penerimaan dan Pendapatan | D148: =SUM(E148:J148) -> 0
A149: 3 Apr 24 | B149: No. KM/03/IV/2025 | C149: Penerimaan dan Pendapatan | D149: =SUM(E149:J149) -> 0
A150: 4 Apr 24 | B150: No. KM/04/IV/2025 | C150: Penerimaan dan Pendapatan | D150: =SUM(E150:J150) -> 0
A151: 5 Apr 24 | B151: No. KM/05/IV/2025 | C151: Penerimaan dan Pendapatan | D151: =SUM(E151:J151) -> 0
A152: 6 Apr 24 | B152: No. KM/06/IV/2025 | C152: Penerimaan dan Pendapatan | D152: =SUM(E152:J152) -> 0
A153: 7 Apr 24 | B153: No. KM/07/IV/2025 | C153: Penerimaan dan Pendapatan | D153: =SUM(E153:J153) -> 0
...

Sheet JU
A1: PERUSAHAAN DAERAH AIR MINUM
A2: KABUPATEN SERUYAN
A3: Jalan : Soekarno-Hatta No. Telp (0538) 2706777 Fax (0538) 21815
A4: JURNAL UMUM
A5: BULAN : JANUARI 2026
A6: TGL | B6: NO. PERK | C6: NAMA PERKIRAAN | E6: DEBET | F6: KREDIT
A7: 01 Jan | B7: 70.05.00 | C7: Laba Tahun Berjalan 2026
B8: 70.04.00 | D8: Laba ditahan/Akum Kerugian | F8: =E7 -> 0
A10: 02 Jan | B10: 11.01.00 | C10: Kas
B11: 13.03.00 | D11: Piutang Mitra
C12: (Pembayaran Oleh Mitra)
A14: 02 Jan | B14: 11.01.00 | C14: Kas
B15: 50.03.00 | D15: Beban Yang Masih Harus Dibayar | F15: =E14 -> 0
C16: (Kelebihan Setoran Rekening Air PT. Pos)
A18: 10 Jan | B18: 11.01.00 | C18: Kas
B19: 13.04.00 | D19: Piutang Non Air (Bunga Deposito)
B20: 88.00.10 | D20: Pendapatan Bunga Deposito
A22: 13 Jan | B22: 98.01.00 | C22: Beban Non usaha (B. Bank)
B23: 11.01.00 | D23: Kas | F23: =E22 -> 0
C24: (Biaya Admin/Kirim/Transfer)
A26: 19 Jan | B26: 98.01.00 | C26: Beban Non usaha (B. Bank)
B27: 11.01.00 | D27: Kas | F27: =E26 -> 0
C28: (Biaya Admin/Kirim/Transfer)
A30: 29 Jan | B30: 98.01.00 | C30: Beban Non usaha (B. Bank)
B31: 11.01.00 | D31: Kas | F31: =SUM(E30:E30) -> 0
C32: (Biaya Admin/Kirim/Transfer)
A34: 29 Jan | B34: 98.01.00 | C34: Beban Non usaha (B. Bank)
B35: 11.01.00 | D35: Kas | F35: =E34 -> 0
C36: (Biaya Admin/Kirim/Transfer)
A38: 29 Jan | B38: 50.03.00 | C38: Beban Yang Masih Harus Dibayar
B39: 11.01.00 | D39: Kas | F39: =E38 -> 0
C40: (Pembayaran Kelebihan Setoran PT. Pos atas Kelebihan Setoran Rekening Air pada Tanggal 02 Januari 2026)
A42: 31 Jan | B42: 13.03.00 | C42: Piutang Mitra PT POS
B43: 13.03.00 | C43: Piutang Mitra KOPERASI
B44: 13.03.00 | C44: Piutang Mitra PT BANK KALTENG
B45: 13.03.00 | C45: Piutang Mitra Fastpay
B46: 11.01.00 | D46: Kas | F46: =SUM(E42:E45) -> 0
C47: (Penyesuaian Untuk Penerimaan Rekening Mitra yang sdh di catat di JPK tp Blm disetor oleh Mitra)
A49: 31 Jan | B49: 15.03.00 | C49: Persediaan Bahan Instalasi
B50: 50.01.00 | D50: Utang Usaha | F50: =E49 -> 0
C51: (Pembelian Water Meter Belum dilakukan pembayaran)
A53: 31 Jan | B53: 91.05.00 | C53: B. Penyusutan Sumber Air | E53: =F57+F58 -> 0
B54: 92.05.00 | C54: B. Penyusutan Pengolahan Air | E54: =F59 -> 0
B55: 93.03.00 | C55: B. Penyusutan Trandist | E55: =F60 -> 0
B56: 97.09.00 | C56: B. Penyusutan Non Pabrik Air | E56: =F61+F62+F63+F64 -> 0
B57: 31.10.10 | D57: Akum. Penyusutan Ins. S. Air
B58: 31.10.20 | D58: Akum. Penyusutan Ins. Pompa
B59: 31.10.30 | D59: Akum. Penyusutan Ins. P. Air
B60: 31.10.40 | D60: Akum. Penyusutan Ins. Trandist
B61: 31.10.50 | D61: Akum. Penyusutan Bangunan
B62: 31.10.60 | D62: Akum. Penyusutan Peralatan & Perlengkapan
B63: 31.10.70 | D63: Akum. Penyusutan Kendaraan/Alat Angkut
B64: 31.10.80 | D64: Akum. Penyusutan Inventaris/Perabot Kantor
A66: 31 Jan | B66: 97.09.00 | C66: Beban Amortisasi Aktiva Tidak Berwujud | E66: =F67 -> 0
B67: 35.01.00 | D67: Akum. Amortisasi Aktiva Tidak berwujud
A69: 31 Jan | B69: 11.01.00 | C69: Kas | E69: =F71-E70 -> 0
B70: 98.02.10 | C70: Beban Bank
B71: 88.00.20 | D71: Pendapatan Jasa Giro
A73: =A69 -> 31 Jan | B73: 11.01.00 | C73: Kas | E73: =F75-E74 -> 0
B74: 98.02.10 | C74: Beban Non usaha (B. Bank)
B75: 88.00.20 | D75: Pendapatan Non Usaha (Jasa Giro)
E76: =SUM(E14:E75) -> 0 | F76: =SUM(F14:F75) -> 0
A94: PERUSAHAAN DAERAH AIR MINUM
A95: KABUPATEN SERUYAN
A96: Jalan : Soekarno-Hatta No. Telp (0538) 2706777 Fax (0538) 21815
A98: JURNAL UMUM
A99: BULAN : FEBRUARI 2026
A101: TGL | B101: NO. PERK | C101: NAMA PERKIRAAN | E101: DEBET | F101: KREDIT
A103: 02 Feb | B103: 11.01.00 | C103: Kas
B104: 13.03.00 | D104: Piutang Mitra
C105: (Pembayaran Oleh Mitra)
A107: 04 Feb | B107: 11.01.00 | C107: Kas | E107: =F108 -> 0
B108: 13.03.00 | D108: Piutang Mitra
C109: (Pembayaran Oleh Mitra)
A111: 10 Feb | B111: 11.01.00 | C111: Kas
B112: 88.00.10 | D112: Pendapatan Bunga Deposito | F112: =E111 -> 0
A114: 11 Feb | B114: 98.01.00 | C114: Beban Non usaha (B. Bank)
B115: 11.01.00 | D115: Kas | F115: =E114 -> 0
C116: (Biaya Transfer Bank)
A118: 25 Feb | B118: 50.01.00 | C118: Utang Usaha
B119: 15.01.00 | D119: Persediaan Bahan Kimia
C120: (Jurnal Pembalik Pembayaran Atas Utang Bahan Kimia tgl 31 Januari )
A122: 25 Feb | B122: 98.01.00 | C122: Beban Non usaha (B. Bank)
B123: 11.01.00 | D123: Kas
C124: (Biaya Transfer Bank)
A126: 27 Feb | B126: 98.01.00 | C126: Beban Non Usaha (B. Bank)
B127: 11.01.00 | D127: Kas
C128: (Biaya Transfer Bank)
A130: 27 Feb | B130: 98.01.00 | C130: Beban Non Usaha (B. Bank)
B131: 11.01.00 | D131: Kas
C132: (Biaya Transfer Bank)
A134: 28 Feb | B134: 13.03.00 | C134: Piutang Mitra PT POS
B135: 13.03.00 | C135: Piutang Mitra KOPERASI
B136: 13.03.00 | C136: Piutang Mitra PT BANK KALTENG
B137: 13.03.00 | C137: Piutang Mitra Fastpay
B138: 11.01.00 | D138: Kas | F138: =SUM(E134:E137) -> 0
C139: (Penyesuaian Untuk Penerimaan Rekening Mitra yang sdh di catat di JPK tp Blm disetor oleh Mitra)
A141: =A134 -> 28 Feb | B141: 91.05.00 | C141: B. Penyusutan Sumber Air | E141: =F145+F146 -> 0
B142: 92.05.00 | C142: B. Penyusutan Pengolahan air | E142: =F147 -> 0
B143: 93.03.00 | C143: B. Penyusutan Trandist | E143: =F148 -> 0
...

Sheet JRA
A1: PERUSAHAAN DAERAH AIR MINUM
A2: KABUPATEN SERUYAN
A3: Jalan : Soekarno-Hatta No. Telp (0538) 2706777 Fax (0538) 21815
A4: JOURNAL REKENING AIR (JRA)
A5: BULAN : JANUARI 2026
A7: TGL | B7: NOMOR DRD | C7: NO. PERK | D7: NAMA PERKIRAAN | F7: LEMBAR | G7: Debet | H7: Kredit
A9: 31 Januari | C9: 13.01.11 | D9: Piutang Rek Air - Tempat Ibadah (TI)
C10: 13.01.14 | D10: Piutang Rek Air - Panti Asuhan (PA)
C11: 13.01.15 | D11: Piutang Rek Air - Yayasan Sosial (YS)
C12: 13.01.16 | D12: Piutang Rek Air - Sekolah Negeri & Swasta (S)
C13: 13.01.21 | D13: Piutang Rek Air - Rumah Tangga 1 (R1)
C14: 13.01.22 | D14: Piutang Rek Air - Rumah Tangga 2 (R2)
C15: 13.01.23 | D15: Piutang Rek Air - Rumah Tangga 3 (R3)
C16: 13.01.31 | D16: Piutang Rek Air - Niaga Kecil (NK)
C17: 13.01.32 | D17: Piutang Rek Air - Industri Rumah Tangga
C18: 13.01.33 | D18: Piutang Rek Air - Inst Pemerintah kel/Kec/Kab/Kota
C19: 13.01.35 | D19: Piutang Rek Air - Industri/Niaga Besar (NB)
C20: 13.01.36 | D20: Piutang Rek Air - Pelabuhan
C21: 81..01.10 | E21: Pendapatan Air -Harga Air | F21: =SUM(F9:F20) -> 0 | H21: =SUM(G9:G20) -> 0 | I21: =H21+H52 -> 0
K22: =H21 -> 0 | L22: =H21+H35+H49 -> 0
A23: 31 Januari | C23: 13.01.11 | D23: Piutang Rek Air - Tempat Ibadah (TI)
C24: 13.01.14 | D24: Piutang Rek Air - Panti Asuhan (PA)
C25: 13.01.15 | D25: Piutang Rek Air - Yayasan Sosial (YS)
C26: 13.01.16 | D26: Piutang Rek Air - Sekolah Negeri & Swasta (S)
C27: 13.01.21 | D27: Piutang Rek Air - Rumah Tangga 1 (R1) | L27: =H21+H35+H49 -> 0
C28: 13.01.22 | D28: Piutang Rek Air - Rumah Tangga 2 (R2)
C29: 13.01.23 | D29: Piutang Rek Air - Rumah Tangga 3 (R3)
C30: 13.01.31 | D30: Piutang Rek Air - Niaga Kecil (NK)
C31: 13.01.32 | D31: Piutang Rek Air - Industri Rumah Tangga
C32: 13.01.33 | D32: Piutang Rek Air - Inst Pemerintah kel/Kec/Kab/Kota
C33: 13.01.35 | D33: Piutang Rek Air - Industri/Niaga Besar (NB)
C34: 13.01.36 | D34: Piutang Rek Air - Pelabuhan
C35: 81..01.10 | E35: Pendapatan Air -Harga Air (KARTIKA BHAKTI) | F35: =SUM(F23:F34) -> 0 | H35: =SUM(G23:G33) -> 0
A37: 31 Januari | C37: 13.01.11 | D37: Piutang Rek Air - Tempat Ibadah (TI) | I37: =H35+H55 -> 0
C38: 13.01.14 | D38: Piutang Rek Air - Panti Asuhan (PA)
C39: 13.01.15 | D39: Piutang Rek Air - Yayasan Sosial (YS)
C40: 13.01.16 | D40: Piutang Rek Air - Sekolah Negeri & Swasta (S)
C41: 13.01.21 | D41: Piutang Rek Air - Rumah Tangga 1 (R1)
C42: 13.01.22 | D42: Piutang Rek Air - Rumah Tangga 2 (R2)
C43: 13.01.23 | D43: Piutang Rek Air - Rumah Tangga 3 (R3)
C44: 13.01.31 | D44: Piutang Rek Air - Niaga Kecil (NK)
C45: 13.01.32 | D45: Piutang Rek Air - Industri Rumah Tangga
C46: 13.01.33 | D46: Piutang Rek Air - Inst Pemerintah kel/Kec/Kab/Kota
C47: 13.01.35 | D47: Piutang Rek Air - Industri/Niaga Besar (NB)
C48: 13.01.36 | D48: Piutang Rek Air - Pelabuhan | I48: =H49+H58 -> 0
C49: 81..01.10 | E49: Pendapatan Air -Harga Air (HANAU) | F49: =SUM(F37:F48) -> 0 | H49: =SUM(G37:G47) -> 0
A51: =A9 -> 31 Januari | C51: 13.01.00 | D51: Piutang Rek. Air -Beban Tetap | F51: =F21 -> 0
C52: 81.01.20 | E52: Pendapatan Air -Beban Tetap (Adm&DM) | F52: =F51 -> 0 | H52: =G51 -> 0
A54: =A51 -> 31 Januari | C54: 13.01.00 | D54: Piutang Rek. Air -Beban Tetap (KARTIKA BHAKTI) | F54: =F35 -> 0 | G54: =F54*20000 -> 0 | L54: 40470000
C55: 81.01.20 | E55: Pendapatan Air -Beban Tetap (Adm&DM) | H55: =G54 -> 0 | L55: 40650000
L56: =L54+L55 -> 81120000
A57: =A54 -> 31 Januari | C57: 13.01.00 | D57: Piutang Rek. Air -Beban Tetap (HANAU) | F57: =F49 -> 0 | G57: =F57*20000 -> 0 | K57: =H58+H55+H52 -> 0
C58: 81.01.20 | E58: Pendapatan Air -Beban Tetap (Adm&DM) | H58: =G57 -> 0
A60: JUMLAH | G60: =SUM(G9:G59) -> 0 | H60: =SUM(H9:H59) -> 0
F63: Mengetahui,
F64: Kabag. Adm & Keuangan
F67: TRI MURTIANI, S. E
A110: PERUSAHAAN DAERAH AIR MINUM
A111: KABUPATEN SERUYAN
A112: Jalan : Soekarno-Hatta No. Telp (0538) 2706777 Fax (0538) 21815
A113: JOURNAL REKENING AIR (JRA)
A114: BULAN : FEBRUARI 2026
A116: TGL | B116: NOMOR DRD | C116: NO. PERK | D116: NAMA PERKIRAAN | F116: LEMBAR | G116: Debet | H116: Kredit
A118: 28 Februari | C118: 81.01.10 | D118: Pendapatan Air-Harga Air | G118: =SUM(H119:H121) -> 0
C119: 13.01.22 | E119: Piutang Rek Air - Rumah Tangga 2 (R2)
C120: 13.01.23 | E120: Piutang Rek Air - Rumah Tangga 3 (R3)
C121: 13.01.33 | E121: Piutang Rek Air - Inst. Pemerintah Kel/Kec/Kab/Kota
D122: (LAP. KOREKSI)
A125: 28 Februari | C125: 13.01.11 | D125: Piutang Rek Air - Tempat Ibadah (TI)
C126: 13.01.14 | D126: Piutang Rek Air - Panti Asuhan (PA)
C127: 13.01.15 | D127: Piutang Rek Air - Yayasan Sosial (YS)
C128: 13.01.16 | D128: Piutang Rek Air - Sekolah Negeri & Swasta (S)
C129: 13.01.21 | D129: Piutang Rek Air - Rumah Tangga 1 (R1)
C130: 13.01.22 | D130: Piutang Rek Air - Rumah Tangga 2 (R2)
C131: 13.01.23 | D131: Piutang Rek Air - Rumah Tangga 3 (R3)
C132: 13.01.31 | D132: Piutang Rek Air - Niaga Kecil (NK)
C133: 13.01.32 | D133: Piutang Rek Air - Industri Rumah Tangga
C134: 13.01.33 | D134: Piutang Rek Air - Inst Pemerintah kel/Kec/Kab/Kota
C135: 13.01.35 | D135: Piutang Rek Air - Industri/Niaga Besar (NB)
C136: 13.01.36 | D136: Piutang Rek Air - Pelabuhan
C137: 81..01.10 | E137: Pendapatan Air -Harga Air | F137: =SUM(F125:F136) -> 0 | H137: =SUM(G125:G136) -> 0
A139: 28 Februari | C139: 13.01.11 | D139: Piutang Rek Air - Tempat Ibadah (TI) | L139: =H137+H151+H165 -> 0
C140: 13.01.14 | D140: Piutang Rek Air - Panti Asuhan (PA)
C141: 13.01.15 | D141: Piutang Rek Air - Yayasan Sosial (YS)
C142: 13.01.16 | D142: Piutang Rek Air - Sekolah Negeri & Swasta (S)
C143: 13.01.21 | D143: Piutang Rek Air - Rumah Tangga 1 (R1)
C144: 13.01.22 | D144: Piutang Rek Air - Rumah Tangga 2 (R2)
C145: 13.01.23 | D145: Piutang Rek Air - Rumah Tangga 3 (R3)
C146: 13.01.31 | D146: Piutang Rek Air - Niaga Kecil (NK)
C147: 13.01.32 | D147: Piutang Rek Air - Industri Rumah Tangga
C148: 13.01.33 | D148: Piutang Rek Air - Inst Pemerintah kel/Kec/Kab/Kota
C149: 13.01.35 | D149: Piutang Rek Air - Industri/Niaga Besar (NB)
C150: 13.01.36 | D150: Piutang Rek Air - Pelabuhan
C151: 81..01.10 | E151: Pendapatan Air -Harga Air (KARTIKA BHAKTI) | F151: =SUM(F139:F150) -> 0 | H151: =SUM(G139:G149) -> 0
A153: 28 Februari | C153: 13.01.11 | D153: Piutang Rek Air - Tempat Ibadah (TI) | I153: =H137+H168 -> 0
C154: 13.01.14 | D154: Piutang Rek Air - Panti Asuhan (PA)
C155: 13.01.15 | D155: Piutang Rek Air - Yayasan Sosial (YS)
C156: 13.01.16 | D156: Piutang Rek Air - Sekolah Negeri & Swasta (S)
C157: 13.01.21 | D157: Piutang Rek Air - Rumah Tangga 1 (R1)
C158: 13.01.22 | D158: Piutang Rek Air - Rumah Tangga 2 (R2)
...

Sheet JRNA2 
A1: PERUSAHAAN DAERAH AIR MINUM
A2: KABUPATEN SERUYAN
A3: Jalan : Soekarno-Hatta No. Telp (0538) 2706777 Fax (0538) 21815
A4: JOURNAL REKENING NON AIR (JRNA)
A5: BULAN : JANUARI 2020
A7: No | B7: Tgl | C7: Uraian | E7: Ref. | F7: Debet | G7: Kredit
B9: 30 Sept | C9: Piutang Non Air
D10: Pendapatan Non Air (Samb. Baru)
D11: Pendapatan Non Air ( Assessories SR)
A21: JUMLAH | F21: =SUM(F8:F19) -> 0 | G21: =SUM(G8:G19) -> 0

Sheet DVUD(1)
A1: PERUSAHAAN DAERAH AIR MINUM
A2: KABUPATEN SERUYAN
A3: DAFTAR VOUCHER UTANG YANG HARUS DIBAYAR
A4: BULAN JANUARI
A6: VOUCHER | C6: URAIAN | D6: DIBAYAR | F6: KREDIT | M6: DEBET
A7: TGL | B7: NO | D7: TGL | E7: CHEK/B. GIRO | F7: UTANG | H7: ASET TETAP | K7: PERSEDIAAN BAHAN KIMIA | N7: BAHAN INSTALASI | Q7: BIAYA OPRS SUMBER | T7: BIAYA OPRS PENGOLAHAN | W7: BIAYA OPRS DISTRIBUSI | Z7: BIAYA UMUM & ADM
F8: USAHA | G8: NON USAHA | H8: SUB. PERK | I8: Nama Perkiraan | J8: JUMLAH | K8: SUB. PERK | L8: Nama Perkiraan | M8: JUMLAH | N8: SUB. PERK | O8: Nama Perkiraan | P8: JUMLAH | Q8: SUB. PERK | R8: Nama Perkiraan | S8: JUMLAH | T8: SUB. PERK | U8: Nama Perkiraan | V8: JUMLAH | W8: SUB. PERK | X8: Nama Perkiraan | Y8: JUMLAH | Z8: B. PEGAWAI UMUM&ADM (96.01.00) | AC8: B. KANTOR (96.02.00) | AF8: B. HUBLANG ( 96.03.00) | AI8: B. PENELITIAN & PENGEMBANGAN (96.04.00) | AL8: B. PEMELIHARAAN (96.06.00) | AO8: BIAYA UMUM LAINNYA (96.07.00 DAN 96.08.00)
F9: 50.01.00 | G9: 50.02.00 | H9: 31.01.00 | K9: 15.01.00 | N9: 41.02.00 | Q9: 91.01.00 | T9: 92.01.00 | W9: 93.01.00 | Z9: SUB. PERK | AA9: Nama Perkiraan | AB9: JUMLAH | AC9: SUB. PERK | AD9: Nama Perkiraan | AE9: JUMLAH | AF9: SUB. PERK | AG9: Nama Perkiraan | AH9: JUMLAH | AI9: SUB. PERK | AJ9: Nama Perkiraan | AK9: JUMLAH | AL9: SUB. PERK | AM9: Nama Perkiraan | AN9: JUMLAH | AO9: SUB. PERK | AP9: Nama Perkiraan | AQ9: JUMLAH
A10: 02 Jan | B10: 001 | C10: Pembelian Pengukur Kadar Garam | D10: 02 Jan | E10: Tunai | F10: =M10+P10+S10+V10+Y10+AB10+AE10+AH10+AK10+AN10+AQ10+J10 -> 150000 | T10: 92.02.90 | U10: B. Pemeliharaan Pengolahan | V10: 150000
B11: 002 | C11: Pembelian Sylinder 3 Zel | D11: 02 Jan | E11: Tunai | F11: =M11+P11+S11+V11+Y11+AB11+AE11+AH11+AK11+AN11+AQ11+J11 -> 130000 | AC11: 96.02.90 | AD11: Rupa2 B. Kantor | AE11: 130000
B12: 003 | C12: Pembelian Tas Lap top | D12: =A12 -> 0 | E12: Tunai | F12: =M12+P12+S12+V12+Y12+AB12+AE12+AH12+AK12+AN12+AQ12+J12 -> 150000 | AC12: 96.02.90 | AD12: Rupa2 B. Kantor | AE12: 150000
A13: 04 Jan | B13: 004 | C13: Pembelian Pasir Cor | D13: =A13 -> 04 Jan | E13: Tunai | F13: =M13+P13+S13+V13+Y13+AB13+AE13+AH13+AK13+AN13+AQ13+J13 -> 110000 | W13: 93.02.90 | X13: B. Pemeliharaan Trandist lainnya | Y13: 110000
A14: 06 jan | B14: 005 | C14: Pembelian Terminal, Stiker Braco, Paku | D14: =A14 -> 06 jan | E14: Tunai | F14: =M14+P14+S14+V14+Y14+AB14+AE14+AH14+AK14+AN14+AQ14+J14 -> 188000 | AC14: 96.02.90 | AD14: Rupa2 B. Kantor | AE14: 188000
B15: 006 | C15: Pemb. Gorden, Tutup Gorden, Tongkat dan Rol Gorden | D15: =A15 -> 0 | E15: Tunai | F15: =M15+P15+S15+V15+Y15+AB15+AE15+AH15+AK15+AN15+AQ15+J15 -> 334000 | AC15: 96.02.90 | AD15: Rupa2 B. Kantor | AE15: 334000
A16: 20 Jan | B16: 007 | C16: Pemb. Raoundap & Primaxone | D16: =A16 -> 20 Jan | E16: Tunai | F16: =M16+P16+S16+V16+Y16+AB16+AE16+AH16+AK16+AN16+AQ16+J16 -> 185000 | AL16: 96.06.50 | AM16: B. Pemeliharaan taman & lapangan | AN16: 185000
A17: 22 Jan | B17: 008 | C17: Pemeliharaan avanza KH 1407PE | D17: =A17 -> 22 Jan | E17: Tunai | F17: =M17+P17+S17+V17+Y17+AB17+AE17+AH17+AK17+AN17+AQ17+J17 -> 636000 | AL17: 96.06.20 | AM17: Pemeliharaan Kendaraan | AN17: 636000
B18: 009 | C18: SPPD ke Sampit An. Ilias dll | D18: 22 Jan | E18: Tunai | F18: =M18+P18+S18+V18+Y18+AB18+AE18+AH18+AK18+AN18+AQ18+J18 -> 12550000 | AO18: 96.08.30 | AP18: B. Perjalanan Dinas | AQ18: 12550000
B19: 010 | C19: Pemy. Listrik Bag. Produksi | D19: 22 Jan | E19: Tunai | F19: =M19+P19+S19+V19+Y19+AB19+AE19+AH19+AK19+AN19+AQ19+J19 -> 28173777 | Q19: 91.01.30 | R19: B. Listrik PLN Sumber Air | S19: 28173777
B20: 011 | C20: Pemb. Lap Top Acer | D20: =A20 -> 0 | E20: Tunai | F20: =M20+P20+S20+V20+Y20+AB20+AE20+AH20+AK20+AN20+AQ20+J20 -> 6800000 | H20: 31.09..20 | I20: Mesin-mesin kantor | J20: 6800000
B21: 012 | C21: Pemb. 2 unit sepeda motor | D21: =A21 -> 0 | E21: Tunai | F21: =M21+P21+S21+V21+Y21+AB21+AE21+AH21+AK21+AN21+AQ21+J21 -> 41820000 | H21: 31.08.00 | I21: Kendaraan/Alat Pengangkutan | J21: 41820000
B22: 013 | C22: Pemb. Aki Mobil Avanza KH 1179PU | D22: =A22 -> 0 | E22: Tunai | F22: =M22+P22+S22+V22+Y22+AB22+AE22+AH22+AK22+AN22+AQ22+J22 -> 810000 | AL22: 96.06.20 | AM22: Pemeliharaan Kendaraan | AN22: 810000
B23: 014 | C23: Pemb. Cat & Kuas Utk Pipa Intake | D23: =A23 -> 0 | E23: Tunai | F23: =M23+P23+S23+V23+Y23+AB23+AE23+AH23+AK23+AN23+AQ23+J23 -> 202000 | Q23: 91.02.90 | R23: Pemelih Inst. Sumber lainnya | S23: 202000
A24: 23 Jan | B24: 015 | C24: Pemb. Paket Internet | D24: =A24 -> 23 Jan | E24: Tunai | F24: =M24+P24+S24+V24+Y24+AB24+AE24+AH24+AK24+AN24+AQ24+J24 -> 1023500 | AC24: 96.02.90 | AD24: Rupa2 B. Kantor | AE24: 1023500
B25: 016 | C25: Pulsa Listrik kantor, Loket dan Gudang | D25: =A25 -> 0 | E25: Tunai | F25: =M25+P25+S25+V25+Y25+AB25+AE25+AH25+AK25+AN25+AQ25+J25 -> 1207500 | AC25: 96.02.70 | AD25: B. Listrik/Penerangan | AE25: 1207500
B26: 017 | C26: Pemby. Rek Telp/HP/Fax | D26: =A26 -> 0 | E26: Tunai | F26: =M26+P26+S26+V26+Y26+AB26+AE26+AH26+AK26+AN26+AQ26+J26 -> 71660 | AC26: 96.02.40 | AD26: B. Telepon | AE26: 71660
B27: 018 | C27: Pemb. Sapu Lidi, soklin lantai,tisu,dll | D27: =A27 -> 0 | E27: Tunai | F27: =M27+P27+S27+V27+Y27+AB27+AE27+AH27+AK27+AN27+AQ27+J27 -> 377000 | AC27: 96.02.90 | AD27: Rupa2 B. Kantor | AE27: 377000
B28: 019 | C28: Pemb. ATK & B. Fotocopy | D28: =A28 -> 0 | E28: Tunai | F28: =M28+P28+S28+V28+Y28+AB28+AE28+AH28+AK28+AN28+AQ28+J28 -> 4230575 | AC28: 96.02.10 | AD28: B. ATK dan Fotocopy | AE28: 4230575
B29: 020 | C29: Pemb. Kertas De Paper (rek) | D29: =A29 -> 0 | E29: Tunai | F29: =M29+P29+S29+V29+Y29+AB29+AE29+AH29+AK29+AN29+AQ29+J29 -> 500000 | AC29: 96.02.20 | AD29: Barang2 Cetakkan | AE29: 500000
A30: 24 Jan | B30: 021 | C30: SPPD A. Rijali,Kardi,Bagus ke Sampit | D30: =A30 -> 24 Jan | E30: Tunai | F30: =M30+P30+S30+V30+Y30+AB30+AE30+AH30+AK30+AN30+AQ30+J30 -> 5850000 | AC30: 96.02.90 | AO30: 96.08.30 | AP30: B. Perjalanan Dinas | AQ30: 5850000
B31: 022 | C31: Pemb. Kabel &terminal | D31: =A31 -> 0 | E31: Tunai | F31: =M31+P31+S31+V31+Y31+AB31+AE31+AH31+AK31+AN31+AQ31+J31 -> 229000 | AD31: Rupa2 B. Kantor | AE31: 229000
A32: 27 Jan | B32: 023 | C32: Pemy. SPPD Ilias dan Jawi ke SBY | D32: =A32 -> 27 Jan | E32: Tunai | F32: =M32+P32+S32+V32+Y32+AB32+AE32+AH32+AK32+AN32+AQ32+J32 -> 12282800 | AO32: 96.08.30 | AP32: B. Perjalanan Dinas | AQ32: 12282800
B33: 024 | C33: Pemby. Iuran DPD PERPAMSI Kal-Teng | D33: =A33 -> 0 | E33: Tunai | F33: =M33+P33+S33+V33+Y33+AB33+AE33+AH33+AK33+AN33+AQ33+J33 -> 1500000 | AO33: 96.08.10 | AP33: B. Iuran Berlangganan | AQ33: 1500000
B34: 025 | C34: Pemby. Iuran DAPENMA PAMSI | D34: =A34 -> 0 | E34: Tunai | F34: =M34+P34+S34+V34+Y34+AB34+AE34+AH34+AK34+AN34+AQ34+J34 -> 9987916 | Z34: 96.01.30 | AA34: Iuran Pensiun | AB34: 9987916
B35: 026 | C35: Iuran BPJS Ketenagakerjaan | D35: =A35 -> 0 | E35: Tunai | F35: =M35+P35+S35+V35+Y35+AB35+AE35+AH35+AK35+AN35+AQ35+J35 -> 4399533 | AO35: 96.08.60 | AP35: B. Asuransi | AQ35: 4399533
B36: 027 | C36: Pemby. Dana Representatif Direktur | D36: =A36 -> 0 | E36: Tunai | F36: =M36+P36+S36+V36+Y36+AB36+AE36+AH36+AK36+AN36+AQ36+J36 -> 8000000 | AO36: 96.08.80 | AP36: Rupa2 B. Umum Lainnya | AQ36: 8000000
B37: 028 | C37: Pemby. Biaya Konsumsi Pegawai | D37: =A37 -> 0 | E37: Tunai | F37: =M37+P37+S37+V37+Y37+AB37+AE37+AH37+AK37+AN37+AQ37+J37 -> 14855000 | AO37: 96.08.80 | AP37: Rupa2 B. Umum Lainnya | AQ37: 14855000
B38: 029 | C38: Pemb. Kasur,bantal, dll | D38: =A38 -> 0 | E38: Tunai | F38: =M38+P38+S38+V38+Y38+AB38+AE38+AH38+AK38+AN38+AQ38+J38 -> 195000 | AO38: 96.08.81 | AP38: Rupa2 B. Umum Lainnya | AQ38: 195000
B39: 030 | C39: Honorarium Dewas & Sekretariat Dewas | D39: =A39 -> 0 | E39: Tunai | F39: =M39+P39+S39+V39+Y39+AB39+AE39+AH39+AK39+AN39+AQ39+J39 -> 9970080 | AO39: 96.08.20 | AP39: B. Badan Pengawas | AQ39: 9970080
B40: 031 | C40: Gaji Pegawai Bag. Umum | D40: =A40 -> 0 | E40: Tunai | F40: =M40+P40+S40+V40+Y40+AB40+AE40+AH40+AK40+AN40+AQ40+J40 -> 82346378 | Z40: 96.01.10 | AA40: B. Pegawai Bagian Umum | AB40: 82346378
B41: 032 | C41: Gaji Bagian Transist | D41: =A41 -> 0 | E41: Tunai | F41: =M41+P41+S41+V41+Y41+AB41+AE41+AH41+AK41+AN41+AQ41+J41 -> 17840702 | W41: 93.01.10 | X41: B. Pegawai Operasi Trandist | Y41: 17840702
B42: 033 | C42: Gaji Bagian Produksi | D42: =A42 -> 0 | E42: Tunai | F42: =M42+P42+S42+V42+Y42+AB42+AE42+AH42+AK42+AN42+AQ42+J42 -> 17671486 | T42: 92.01.10 | U42: B. Pegawai Ops. Pengolahan Air | V42: 17671486
B43: 034 | C43: Pemby. Keamanan Kantor | D43: =A43 -> 0 | E43: Tunai | F43: =M43+P43+S43+V43+Y43+AB43+AE43+AH43+AK43+AN43+AQ43+J43 -> 2750000 | AO43: 96.08.60 | AP43: B. Asuransi/Keamanan | AQ43: 2750000
B44: 035 | C44: Penghargaan masa Kerja Pegawai | D44: =A44 -> 0 | E44: Tunai | F44: =M44+P44+S44+V44+Y44+AB44+AE44+AH44+AK44+AN44+AQ44+J44 -> 42046740 | AO44: 96.08.80 | AP44: Rupa2 B. Umum Lainnya | AQ44: 42046740
B45: 036 | C45: Pemby. Langg. majalah PERPAMSI | D45: =A45 -> 0 | E45: Tunai | F45: =M45+P45+S45+V45+Y45+AB45+AE45+AH45+AK45+AN45+AQ45+J45 -> 400000 | AO45: 96.08.10 | AP45: B. Iuran Berlangganan | AQ45: 400000
B46: 037 | C46: Iuran BPJS Ketenagakerjaan | D46: =A46 -> 0 | E46: Tunai | F46: =M46+P46+S46+V46+Y46+AB46+AE46+AH46+AK46+AN46+AQ46+J46 -> 226125 | AO46: 96.08.10 | AP46: B. Iuran Berlangganan | AQ46: 226125
B47: 038 | C47: Honorarium Penys. Anggaran | D47: =A47 -> 0 | E47: Tunai | F47: =M47+P47+S47+V47+Y47+AB47+AE47+AH47+AK47+AN47+AQ47+J47 -> 5000000 | AO47: 96.08.80 | AP47: Rupa2 B. Umum Lainnya | AQ47: 5000000
B48: 039 | C48: Pemby. Jasa Pengabdian Direktur | D48: =A48 -> 0 | E48: Tunai | F48: =M48+P48+S48+V48+Y48+AB48+AE48+AH48+AK48+AN48+AQ48+J48 -> 21092716 | AO48: 96.08.80 | AP48: Rupa2 B. Umum Lainnya | AQ48: 21092716
A49: 28 Jan | B49: 040 | C49: Pemb. Bola Lampu | D49: =A49 -> 28 Jan | E49: Tunai | F49: =M49+P49+S49+V49+Y49+AB49+AE49+AH49+AK49+AN49+AQ49+J49 -> 255000 | AC49: 96.02.90 | AD49: Rupa2 B. Kantor | AE49: 255000
B50: 041 | C50: Rehap Pintu Ruang Teknik | D50: =A50 -> 0 | E50: Tunai | F50: =M50+P50+S50+V50+Y50+AB50+AE50+AH50+AK50+AN50+AQ50+J50 -> 500000 | AL50: 96.06.30 | AM50: Pemeliharaan Bangunan | AN50: 500000
B51: 042 | C51: Pemby. Pembuatan Meja Kantor | D51: =A51 -> 0 | E51: Tunai | F51: =M51+P51+S51+V51+Y51+AB51+AE51+AH51+AK51+AN51+AQ51+J51 -> 1800000 | H51: 31.09.10 | I51: Meubelair kantor | J51: 1800000
B52: 043 | C52: Pemb. Materai @6000 | D52: =A52 -> 0 | E52: Tunai | F52: =M52+P52+S52+V52+Y52+AB52+AE52+AH52+AK52+AN52+AQ52+J52 -> 350000 | AC52: 96.02.60 | AD52: B. Pos Dan Materai | AE52: 350000
B53: 044 | C53: Pemb. Pertalite Operasional Mobil | D53: =A53 -> 0 | E53: Tunai | F53: =M53+P53+S53+V53+Y53+AB53+AE53+AH53+AK53+AN53+AQ53+J53 -> 1664700 | AC53: 96.02.90 | AD53: Rupa2 B. Kantor | AE53: 1664700
B54: 045 | C54: Pemb. Kunci Inggris dan Kunci Pipa | D54: =A54 -> 0 | E54: Tunai | F54: =M54+P54+S54+V54+Y54+AB54+AE54+AH54+AK54+AN54+AQ54+J54 -> 150000 | W54: 93.01.20 | X54: B. Pemakaian Bahan/Perlengkapan | Y54: 150000
B55: 046 | C55: Pemby. Biaya Pembuatan Spanduk | D55: =A55 -> 0 | E55: Tunai | F55: =M55+P55+S55+V55+Y55+AB55+AE55+AH55+AK55+AN55+AQ55+J55 -> 100000 | Z55: 96.03.70 | AA55: B. Promosi | AB55: 100000
B56: 047 | C56: Biaya Pemasangan Jaringan Pipa HDPE | D56: =A56 -> 0 | E56: Tunai | F56: =M56+P56+S56+V56+Y56+AB56+AE56+AH56+AK56+AN56+AQ56+J56 -> 3030000 | W56: 93.02.30 | X56: B. Pemeliharaan Trandist | Y56: 3030000
B57: 048 | C57: Pemeliharaan AC Kantor | D57: =A57 -> 0 | E57: Tunai | F57: =M57+P57+S57+V57+Y57+AB57+AE57+AH57+AK57+AN57+AQ57+J57 -> 2100000 | Z57: 96.06.10 | AA57: Pemeliharaan Invent. Kantor | AB57: 2100000
A58: 29 Jan | B58: 049 | C58: Perpanjaangan STNK | D58: =A58 -> 29 Jan | E58: Tunai | F58: =M58+P58+S58+V58+Y58+AB58+AE58+AH58+AK58+AN58+AQ58+J58 -> 1247500 | AC58: 96.02.90 | AD58: Rupa2 B. Kantor | AE58: 1247500
B59: 050 | C59: Pemb. Sunder F 2-H | D59: =A59 -> 0 | E59: Tunai | F59: =M59+P59+S59+V59+Y59+AB59+AE59+AH59+AK59+AN59+AQ59+J59 -> 65000 | AC59: 96.02.90 | AD59: Rupa2 B. Kantor | AE59: 65000
A60: 31 jan | B60: 051 | C60: Pemb. Air Minum Pegawai | D60: =A60 -> 31 jan | E60: Tunai | F60: =M60+P60+S60+V60+Y60+AB60+AE60+AH60+AK60+AN60+AQ60+J60 -> 675000 | AO60: 98.08.80 | AP60: Rupa-rupa Beban Umum lainnya | AQ60: 675000
D61: =A61 -> 0 | E61: Tunai | F61: =M61+P61+S61+V61+Y61+AB61+AE61+AH61+AK61+AN61+AQ61+J61 -> 0
A62: JUMLAH | F62: =SUM(F10:F61) -> 368229688 | G62: =SUM(G10:G61) -> 0 | H62: =SUM(H10:H61) -> 0 | I62: =SUM(I10:I61) -> 0 | J62: =SUM(J10:J61) -> 50420000 | K62: =SUM(K10:K61) -> 0 | L62: =SUM(L10:L61) -> 0 | M62: =SUM(M10:M61) -> 0 | ... AQ62: =SUM(AQ10:AQ61) -> 141792994

Sheet DVUD
A1: PERUSAHAAN DAERAH AIR MINUM
A2: KABUPATEN SERUYAN
A3: DAFTAR VOUCHER UTANG YANG HARUS DIBAYAR
A4: BULAN JANUARI
A6: VOUCHER | C6: URAIAN | D6: DIBAYAR | F6: DEBET | I6: KREDIT
A7: TGL | B7: NO | D7: TGL | E7: CHEK/B. GIRO | F7: NO. PERK | G7: NAMA PERKIRAAN | H7: JUMLAH (Rp) | I7: NO. PERK | J7: NAMA PERKIRAAN | K7: JUMLAH (Rp)
A9: 05 Jan | B9: 01 | C9: Pemby. Service Mobil Avanza KH 1252 PU | D9: =A9 -> 05 Jan | E9: Tunai | F9: 97.06.20 | G9: Pemeliharaan Kendaraan | I9: 50.01.00 | J9: Utang Usaha | K9: =H9 -> 0
B10: 02 | C10: Pembuatan Spanduk untuk Pemberitahuan Operasional Pelayanan Air 24 Jam di Unit IKK Pembuang Hulu | D10: =A10 -> 0 | E10: Tunai | F10: 97.03.70 | G10: Beban Promosi | I10: 50.01.00 | J10: Utang Usaha | K10: =H10 -> 0
B11: 03 | C11: Pemby. Biaya Perpanjangan STNK Mobil PICK UP KH 8088 PW | D11: =A11 -> 0 | E11: Tunai | F11: 97.06.20 | G11: Pemeliharaan Kendaraan | I11: 50.01.00 | J11: Utang Usaha | K11: =H11 -> 0
B12: 04 | C12: Pembelian Pulsa Listrik Bagian Kantor dan Loket Pembayaran | D12: =A12 -> 0 | E12: Tunai | F12: 97.02.70 | G12: B. Listrik/Penerangan | I12: 50.01.00 | J12: Utang Usaha | K12: =H12 -> 0
B13: 05 | C13: Pembelian Paket Internet Kantor, IKK Kartika Bhakti, IKK Hanau, Tanjung Paring, Mulyono | D13: =A13 -> 0 | E13: Tunai | F13: 97.02.90 | G13: Rupa-Rupa Beban Kantor | I13: 50.01.00 | J13: Utang Usaha | K13: =H13 -> 0
B14: 06 | C14: Pemby. Rekening Telepon/HP/Fax | D14: =A14 -> 0 | E14: Tunai | F14: 97.02.40 | G14: B. Telepon | I14: 50.01.00 | J14: Utang Usaha | K14: =H14 -> 0
B15: 07 | C15: Klaim Belanja melalui Kas Kecil IKK PEMBUANG HULU | D15: =A15 -> 0 | E15: Tunai | F15: 92.03.90 | G15: Pemeliharaan Instalasi Pengolahan Lainnya | I15: 50.01.00 | J15: Utang Usaha | K15: =H15 -> 0
A16: 08 Jan | B16: 08 | C16: Pembelian Pulsa Listrik Bagian Kantor | D16: =A16 -> 08 Jan | E16: Tunai | F16: 97.02.70 | G16: B. Listrik/Penerangan | I16: 50.01.00 | J16: Utang Usaha | K16: =H16 -> 0
B17: 09 | C17: Pembay. Pembuatan Spanduk dan Brosur Kenaikan Tarif | D17: =A17 -> 0 | E17: Tunai | F17: 97.03.80 | G17: Rupa-rupa Biaya Langganan | I17: 50.01.00 | J17: Utang Usaha | K17: =H17 -> 0
A18: 12 Jan | B18: 10 | C18: Klaim Belanja Melalui Kas Kecil IKK Pembuang Hulu. | D18: =A18 -> 12 Jan | E18: Tunai | F18: 92.03.90 | G18: Pemeliharaan Instalasi Pengolahan Lainnya | I18: 50.01.00 | J18: Utang Usaha | K18: =H18 -> 0
A19: 13 Jan | B19: 11 | C19: Pembelian Materai @10.000 | D19: =A19 -> 13 Jan | E19: Tunai | F19: 97.02.60 | G19: B. Pos & Materai | I19: 50.01.00 | J19: Utang Usaha | K19: =H19 -> 0
B20: 12 | C20: Pembayaran Pajak Air Permukaan & Biaya Kirim Periode Bulan Desember 2025 | D20: =A20 -> 0 | E20: Tunai | F20: 50.03.00 | G20: B. Yang Masih Harus Dibayar | I20: 50.01.00 | J20: Utang Usaha | K20: =H20 -> 0
B21: 13 | C21: Pembayaran PPH 21 Gaji Bulan Desember dan Uang Cuti Tahun 2025 | D21: =A21 -> 0 | E21: Tunai | F21: 50.03.00 | G21: B. Yang Masih Harus Dibayar | I21: 50.01.00 | J21: Utang Usaha | K21: =H21 -> 0
A22: 14 Jan | B22: 14 | C22: Pembayaran Listrik Sumber Air | D22: =A22 -> 14 Jan | E22: Tunai | F22: 91.02.20 | G22: B. Listrik PLN Sumber Air | I22: 50.01.00 | J22: Utang Usaha | K22: =H22 -> 0
B23: 15 | C23: Pembayaran Listrik Sumber Air IKK Pembuang Hulu (Hanau) | D23: =A23 -> 0 | E23: Tunai | F23: 91.02.20 | G23: B. Listrik PLN Sumber Air | I23: 50.01.00 | J23: Utang Usaha | K23: =H23 -> 0
B24: 16 | C24: Pembayaran Listrik PLN Sumber Air IKK Kartika Bhakti (Kartika Bhakti) | D24: =A24 -> 0 | E24: Tunai | F24: 91.02.20 | G24: B. Listrik PLN Sumber Air | I24: 50.01.00 | J24: Utang Usaha | K24: =H24 -> 0
B25: 17 | C25: Pemby. Iuran BPJS Kesehatan | D25: =A25 -> 0 | E25: Tunai | F25: 97.01.20 | G25: B. BPJS Kesehatan Umum & Adm | I25: 50.01.00 | J25: Utang Usaha | K25: =H25 -> 0
D26: =A26 -> 0 | E26: Tunai | F26: 93.01.20 | G26: B. BPJS Kesehtan Trandist | I26: 50.01.00 | J26: Utang Usaha | K26: =H26 -> 0
D27: =A27 -> 0 | E27: Tunai | F27: 92.01.20 | G27: B. BPJS Kesehatan Pengolahan Air | I27: 50.01.00 | J27: Utang Usaha | K27: =H27 -> 0
B28: 18 | C28: Pembay. Iuan Anggota Biasa PERPAMSI Bulan Januari 2026 | D28: =A28 -> 0 | E28: Tunai | F28: 97.07.10 | G28: B. Iuran Berlangganan | I28: 50.01.00 | J28: Utang Usaha | K28: =H28 -> 0
B29: 19 | C29: Pemb. Pulsa Listrik Bagian Kantor | D29: =A29 -> 0 | E29: Tunai | F29: 97.02.70 | G29: B. Listrik/Penerangan | I29: 50.01.00 | J29: Utang Usaha | K29: =H29 -> 0
A30: 15 Jan | B30: 20 | C30: Pemby. Biaya Perpanjangan STNK Motor KH 2251 PI, KH 4995 Pg, dan Mobil Avanza KH 1252 PU | D30: =A30 -> 15 Jan | E30: Tunai | F30: 97.06.20 | G30: Pemeliharaan Kendaraan | I30: 50.01.00 | J30: Utang Usaha | K30: =H30 -> 0
B31: 21 | C31: Pemby. ATK IKK Pembuang Hulu | E31: Tunai | F31: 97.02.10 | G31: B. ATK dan Fotocopy | I31: 50.01.00 | J31: Utang Usaha | K31: =H31 -> 0
B32: 22 | C32: Pemby. SPPD a.n Hariono dn Hengky Muklis Samitra ke Kuala Pembuang | D32: =A32 -> 0 | E32: Tunai | F32: 97.07.40 | G32: B. Perjalanan Dinas | I32: 50.01.00 | J32: Utang Usaha | K32: =H32 -> 0
B33: 23 | C33: Klaim Belanja melalui Kas Kecil Bag. Administrasi Umum | D33: =A33 -> 0 | E33: Tunai | F33: 97.02.90 | G33: Rupa-Rupa Beban Kantor | I33: 50.01.00 | J33: Utang Usaha | K33: =H33 -> 0
A34: 19 Jan | B34: 24 | C34: Pemby. Perbaikan Pompa Intake 7,5 KW / 10 HP IKK Kartika Bhakti | D34: =A34 -> 19 Jan | E34: Tunai | F34: 91.03.80 | G34: Pemeliharaa Instalasi Pompa | I34: 50.01.00 | J34: Utang Usaha | K34: =H34 -> 0
B35: 25 | C35: Pemby. Biaya Pengantaran Pompa Intake Kota Kuala Pembuang dan IKK Kartika Bhakti | D35: =A35 -> 0 | E35: Tunai | F35: 97.07.90 | G35: Rupa-Rupa Beban Umum Lainnya | I35: 50.01.00 | J35: Utang Usaha | K35: =H35 -> 0
B36: 26 | C36: Pemby. Service Mobil Pick Up KH 8088 PW (IKK Pembuang Hulu) | D36: =A36 -> 0 | E36: Tunai | F36: 97.06.20 | G36: Pemeliharaan Kendaraan | I36: 50.01.00 | J36: Utang Usaha | K36: =H36 -> 0
B37: 27 | C37: Pemby. SPPD a.n. Agus Saputra dan Khusnul Siti Hatimah ke Kuala Pembuang | D37: =A37 -> 0 | E37: Tunai | F37: 97.07.40 | G37: B. Perjalanan Dinas | I37: 50.01.00 | J37: Utang Usaha | K37: =H37 -> 0
B38: 28 | C38: Pemby. Service Mobil Avanza KH 1252 PU | D38: =A38 -> 0 | E38: Tunai | F38: 97.06.20 | G38: Pemeliharaan Kendaraan | I38: 50.01.00 | J38: Utang Usaha | K38: =H38 -> 0
B39: 29 | C39: Pemb. Pulsa Listrik Bagian Kantor | D39: =A39 -> 0 | E39: Tunai | F39: 97.02.70 | G39: B. Listrik/Penerangan | I39: 50.01.00 | J39: Utang Usaha | K39: =H39 -> 0
A40: 20 Jan | B40: 30 | C40: Pemby. Pembuatan Karangan Bunga | D40: =A40 -> 20 Jan | E40: Tunai | F40: 97.03.70 | G40: B. Promosi | I40: 50.01.00 | J40: Utang Usaha | K40: =H40 -> 0
B41: 31 | C41: Pemby. Honorarium Tim Penguji dan Sekretariat Pelaksanaan Job Fit di Lingkungan Perusahaan Umum Daerah Air Minum Tirta Seruyan Berdasarkan Keputusan Direktur 71 Tahun 2025 Tanggal 29 Desember 2025 | D41: =A41 -> 0 | E41: Tunai | F41: 97.07.90 | G41: Rupa-rupa Beban Umum Lainnya | I41: 50.01.00 | J41: Utang Usaha | K41: =H41 -> 0
B42: 32 | C42: Pemby. Biaya Konsumsi dan Perlengkapan untuk Kegiatan Pelaksanaan Job Fit di Lingkungan Perusahaan Umm Daerah Air Minum Tirta Seruyan | D42: =A42 -> 0 | E42: Tunai | F42: 97.07.90 | G42: Rupa-Rupa Beban Umum Lainnya | I42: 50.01.00 | J42: Utang Usaha | K42: =H42 -> 0
A43: 21 Jan | B43: 33 | C43: Klaim Belanja Melalui Kas Kecil Bagian Produksi | D43: =A43 -> 21 Jan | E43: Tunai | F43: 92.03.90 | G43: Pemeliharaan Instalasi Pengolahan Lainnya | I43: 50.01.00 | J43: Utang Usaha | K43: =H43 -> 0
B44: 34 | C44: Pemb. Cangkul untuk Perbaikan Distribusi | D44: =A44 -> 0 | E44: Tunai | F44: 93.01.60 | G44: Beban Pemakaian Bahan/Perlengkapan | I44: 50.01.00 | J44: Utang Usaha | K44: =H44 -> 0
A45: 22 Jan | B45: 35 | C45: Pemb. Pulsa Listrik Bagian Kantor | D45: =A45 -> 22 Jan | E45: Tunai | F45: 97.02.70 | G45: B. Listrik/Penerangan | I45: 50.01.00 | J45: Utang Usaha | K45: =H45 -> 0
A46: 23 Jan | B46: 36 | C46: Pemby. SPPD a.n. Afirus Febian, Tri Murtiani, dan Siti Maisyarah ke Sampit | D46: =A46 -> 23 Jan | E46: Tunai | F46: 97.07.40 | G46: B. Perjalanan Dinas | I46: 50.01.00 | J46: Utang Usaha | K46: =H46 -> 0
B47: 37 | C47: Pemby. SPPD a.n. M. Shobirin, Hendri Setiawan, dan Ayu Widya W. Ke Sampit | D47: =A47 -> 0 | E47: Tunai | F47: 97.07.40 | G47: B. Perjalanan Dinas | I47: 50.01.00 | J47: Utang Usaha | K47: =H47 -> 0
A48: 28 Jan | B48: 38 | C48: Pemby. Gaji Direktur dan Pegawai Bagian Umum | D48: =A48 -> 28 Jan | E48: Tunai | F48: 97.01.10 | G48: B. Pegawai Bag. Umum | I48: 50.01.00 | J48: Utang Usaha | K48: =H48 -> 0
B49: 39 | C49: Pemby. Gaji Bagian Transdist | D49: =A49 -> 0 | E49: Tunai | F49: 93.01.10 | G49: B. Pegawai Operasi Transdist | I49: 50.01.00 | J49: Utang Usaha | K49: =H49 -> 0
B50: 40 | C50: Pemby. Gaji Bagian Produksi | D50: =A50 -> 0 | E50: Tunai | F50: 92.01.10 | G50: B. Pegawai Operasi Pengolahan Air | I50: 50.01.00 | J50: Utang Usaha | K50: =H50 -> 0
B51: 41 | C51: Pemby. Gaji Pegawai IKK Kartika Bhakti | D51: =A51 -> 0 | E51: Tunai | F51: 92.01.10 | G51: B. Pegawai Operasi Pengolahan Air | I51: 50.01.00 | J51: Utang Usaha | K51: =H51 -> 0
B52: 42 | C52: Pemby. Gaji Pegawai IKK Pembuang Hulu | D52: =A52 -> 0 | E52: Tunai | F52: 92.01.10 | G52: B. Pegawai Operasi Pengolahan Air | I52: 50.01.00 | J52: Utang Usaha | K52: =H52 -> 0
B53: 43 | C53: Pemby. Biaya Konsumsi Berdasarkan Keputusan Direktur Perusahaan Daerah Air Minum Kabupaten Seruyan Nomor: 76 Tahun 2024 Tanggal 23 Desember 2024 | D53: =A53 -> 0 | E53: Tunai | F53: 97.01.20 | G53: Insentif / Kesejahteraan Karyawan Umum & Adm | I53: 50.01.00 | J53: Utang Usaha | K53: =H53 -> 0
D54: =A54 -> 0 | E54: Tunai | F54: 93.01.20 | G54: Insentif / Kesejahteraan Karyawan Trandist | I54: 50.01.00 | J54: Utang Usaha | K54: =H54 -> 0
D55: =A55 -> 0 | E55: Tunai | F55: 92.01.20 | G55: Insentif / Kesejahteraan Karyawan Pengolahan Air | I55: 50.01.00 | J55: Utang Usaha | K55: =H55 -> 0
B56: 44 | C56: Pemby. Honorarium Dewan Pengawas Perusahaan Umum Daerah Air Minum Tirta Seruyan Berdasarkan Keputusan Bupati Nomor : 100.3.3.2/388/2025 Tanggal 17 September 2025 | D56: =A56 -> 0 | E56: Tunai | F56: 97.07.30 | G56: B. Badan Pengawas | I56: 50.01.00 | J56: Utang Usaha | K56: =H56 -> 0
B57: 45 | C57: Pemby. Dana Representatif Direktur Berdasarkan Keputusan Bupati Seruyan Nomor: 100.3.3.2/704/2024 Tanggal 10 Desember 2024 | D57: =A57 -> 0 | E57: Tunai | F57: 97.02.50 | G57: Beban Rapat dan Tamu | I57: 50.01.00 | J57: Utang Usaha | K57: =H57 -> 0
B58: 46 | C58: Pemby. Biaya Cleaning Service | D58: =A58 -> 0 | E58: Tunai | F58: 97.02.80 | G58: Beban Cleaning Service | I58: 50.01.00 | J58: Utang Usaha | K58: =H58 -> 0
B59: 47 | C59: Pemby. Biaya Penagihan Tunggakan | D59: =A59 -> 0 | E59: Tunai | F59: 97.03.30 | G59: Biaya Penagihan Rekening Air | I59: 50.01.00 | J59: Utang Usaha | K59: =H59 -> 0
B60: 48 | C60: Pemby. Biaya Keamanan Penjaga Malam Kantor Induk, Penjaga Malam IKK Kartika Bhakti dan Penjaga Tanjung Paring | D60: =A60 -> 0 | E60: Tunai | F60: 97.07.70 | G60: B. Asuransi/Keamanan | I60: 50.01.00 | J60: Utang Usaha | K60: =H60 -> 0
B61: 49 | C61: Pemby. Biaya Taman dan Lapangan | D61: =A61 -> 0 | E61: Tunai | F61: 97.06.50 | G61: Pemeliharaan Biaya Taman dan Lapangan | I61: 50.01.00 | J61: Utang Usaha | K61: =H61 -> 0
B62: 50 | C62: Pemby. Insentif Khusus Hari Raya Natal, Cuti Bersama Natal, Tahun Baru Masehi, dan Isra Miraj pada Perusahaan Umum DaerahAir Minum Tirta Seruyan Nomor : 32 Tahun 2025 Tanggal 19 Maret 2025 dan Nomor : 04 Tahun 2026 Tanggal 05 Januari 2026 | D62: =A62 -> 0 | E62: Tunai | F62: 97.01.10 | G62: B. Pegawai Bag. Umum | I62: 50.01.00 | J62: Utang Usaha | K62: =H62 -> 0
D63: =A63 -> 0 | E63: Tunai | F63: 93.01.10 | G63: B. Pegawai Operasi Trandist | I63: 50.01.00 | J63: Utang Usaha | K63: =H63 -> 0
D64: =A64 -> 0 | E64: Tunai | F64: 92.01.10 | G64: B. Pegawai Operasi Pengolahan Air | I64: 50.01.00 | J64: Utang Usaha | K64: =H64 -> 0
B65: 51 | C65: Pemby. ATK dan Fotocopy | D65: =A65 -> 0 | E65: Tunai | F65: 97.02.10 | G65: B. ATK dan Fotocopy | I65: 50.01.00 | J65: Utang Usaha | K65: =H65 -> 0
B66: 52 | C66: Pemb. Pita Printer dan Tinta Epson 003 | D66: =A66 -> 0 | E66: Tunai | F66: 97.02.30 | G66: Perlengkapan Komputer | I66: 50.01.00 | J66: Utang Usaha | K66: =H66 -> 0
B67: 53 | C67: Pemb. Tisu, Super Pell, Stella Gantung dll | D67: =A67 -> 0 | E67: Tunai | F67: 97.02.80 | G67: Beban Cleaning Service | I67: 50.01.00 | J67: Utang Usaha | K67: =H67 -> 0
B68: 54 | C68: Pemb. Air Minum Pegawai | D68: =A68 -> 0 | E68: Tunai | F68: 97.02.90 | G68: Rupa-Rupa Beban Kantor | I68: 50.01.00 | J68: Utang Usaha | K68: =H68 -> 0
B69: 55 | C69: Pemb. Tabung Gas 12 Kg. | D69: =A69 -> 0 | E69: Tunai | F69: 97.07.90 | G69: Rupa-Rupa Beban Umum Lainnya | I69: 50.01.00 | J69: Utang Usaha | K69: =H69 -> 0
B70: 56 | C70: Pemb. Lampu | D70: =A70 -> 0 | E70: Tunai | F70: 97.06.40 | G70: Pemeliharaan Instalasi | I70: 50.01.00 | J70: Utang Usaha | K70: =H70 -> 0
B71: 57 | C71: Pemb. BBM Dexlite Untuk Operasional Mobil Tangki. | D71: =A71 -> 0 | E71: Tunai | F71: 93.01.70 | G71: Biaya Bahan Bakar | I71: 50.01.00 | J71: Utang Usaha | K71: =H71 -> 0
B72: 58 | C72: Pemb. BBM untuk Operasional Avanza KH 1252 PU dan KH 1407 PE Berdasarkan Surat Keputusan Direktur Perusahaan Umum Daerah Air Minum Daerah Air Minum Tirta Seruyan Nomor: 03 Tahun 2026 Tanggal 05 Hjanuari 2026 | D72: =A72 -> 0 | E72: Tunai | F72: 97.06.20 | G72: Pemeliharaan Kendaraan | I72: 50.01.00 | J72: Utang Usaha | K72: =H72 -> 0
B73: 59 | C73: Pemb. BBM untuk Operasional Kantor dan Bagian Lapangan Mobil Pick Up KH 8529 PH Berdasarkan Surat Keputusan Direktur Perusahaan Umum Daerah Air Minum Tirta Seruyan Nomor : 03 Tahun 2026 Tanggal 05 Januari 2026 | D73: =A73 -> 0 | E73: Tunai | F73: 93.01.70 | G73: Biaya Bahan Bakar | I73: 50.01.00 | J73: Utang Usaha | K73: =H73 -> 0
B74: 60 | C74: Pemb. BBM untuk Operasional Mobil Pick Up KH 8088 PW IKK Pembuang Hulu Berdasarkan Surat Keputusan Direktur Perusahaan Umum Daerah Air Munum Tirta Seruyan Nomor : 03 Tahun 2026 Tanggal 05 Januari 2026 | D74: =A74 -> 0 | E74: Tunai | F74: 93.01.70 | G74: Biaya Bahan Bakar | I74: 50.01.00 | J74: Utang Usaha | K74: =H74 -> 0
B75: 61 | C75: Pemb. Air Minum Pegawai IKK Hanau | D75: =A75 -> 0 | E75: Tunai | F75: 97.02.90 | G75: Rupa- Rupa Beban Kantor | I75: 50.01.00 | J75: Utang Usaha | K75: =H75 -> 0
B76: 62 | C76: Pemb. Air Munum Pegawai IKK Kartika Bhakti | D76: =A76 -> 0 | E76: Tunai | F76: 97.02.90 | G76: Rupa-Rupa Beban Kantor | I76: 50.01.00 | J76: Utang Usaha | K76: =H76 -> 0
... B79: 65 | C79: Pemb. Snack Box untuk Rapat Pembahasan Rancangan Peraturan Bupati di Tingkat Eksekutif, yaitu tentang Organ dan Kepegawaian Perusahaan Umum Daerah Air Minum Tirta Seruyan | D79: =A79 -> 0 | E79: Tunai | F79: 97.02.50 | G79: Beban Rapat dan Tamu | I79: 50.01.00 | J79: Utang Usaha | K79: =H79 -> 0
A80: 29 Jan | B80: 66 | C80: Pemby. Iuran DAPENMA PAMSI | D80: =A80 -> 29 Jan | E80: Tunai | F80: 97.01.20 | G80: Iuran Dapenma Umum & Adm | I80: 50.01.00 | J80: Utang Usaha | K80: =H80 -> 0
D81: =A81 -> 0 | E81: Tunai | F81: 93.01.20 | G81: Iuran Dapenma Trandist | I81: 50.01.00 | J81: Utang Usaha | K81: =H81 -> 0
D82: =A82 -> 0 | E82: Tunai | F82: 92.01.20 | G82: Iuran Dapenma Pengeloaan Air | I82: 50.01.00 | J82: Utang Usaha | K82: =H82 -> 0
B83: 67 | C83: Pemby. Iuran Anggota DPD PERPAMSI Provinsi Kaleng Berdasarkan Keputusan Dewan Pengawas Daerah PERPAMSI Nomor : 40/SKEP/DPD/III/2018 | D83: =A83 -> 0 | E83: Tunai | F83: 97.07.10 | G83: B. Iuran Berlangganan | I83: 50.01.00 | J83: Utang Usaha | K83: =H83 -> 0
B84: 68 | C84: Pemby. Iuran BPJS Ketenagakerjaan | D84: =A84 -> 0 | E84: Tunai | F84: 97.01.20 | G84: B. BPJS Ketenagakerjaan Umum & Adm | I84: 50.01.00 | J84: Utang Usaha | K84: =H84 -> 0
D85: =A85 -> 0 | E85: Tunai | F85: 93.01.20 | G85: B. BPJS Ketenagakerjaan Trandist | I85: 50.01.00 | J85: Utang Usaha | K85: =H85 -> 0
D86: =A86 -> 0 | E86: Tunai | F86: 92.01.20 | G86: B. BPJS Ketenagakerjaan Pengolhan Air | I86: 50.01.00 | J86: Utang Usaha | K86: =H86 -> 0
B87: 69 | C87: Pemby. Biaya Pembersihan Area Sekitar Intake Sungai Mitak | D87: =A87 -> 0 | E87: Tunai | F87: 91.03.90 | G87: Pemeliharaan Instalasi Sumber Lainnya | I87: 50.01.00 | J87: Utang Usaha | K87: =H87 -> 0
A88: 30 Jan | B88: 70 | C88: Pemby. Biaya Pembersihan Area Instalasi Pengolahan L:ainnya di IKK Kartika Bhakti | D88: =A88 -> 30 Jan | E88: Tunai | F88: 97.06.50 | G88: Pemeliharaan Taman dan Lapangan | I88: 50.01.00 | J88: Utang Usaha | K88: =H88 -> 0
B89: 71 | C89: Pemby. PPH Gaji Bulan Januari Tahun 2026 | D89: =A89 -> 0 | E89: Tunai | F89: 97.01.90 | G89: Rupa-rupa Biaya Pegawai | I89: 50.01.00 | J89: Utang Usaha | K89: =H89 -> 0
B90: 72 | C90: Pemb. Pulsa Listrik Bagian Kantor | D90: =A90 -> 0 | E90: Tunai | F90: 97.02.70 | G90: B. Listrik/Penerangan | I90: 50.01.00 | J90: Utang Usaha | K90: =H90 -> 0
B91: 73 | C91: Klaim Belanja Melalui Kas Kecil Bagian Administrasi Umum | D91: =A91 -> 0 | E91: Tunai | F91: 97.02.90 | G91: Rupa-Rupa Beban Kantor | I91: 50.01.05 | J91: Utang Usaha | K91: =H91 -> 0
A92: JUMLAH | H92: =SUM(H9:H91) -> 0 | I92: JUMLAH | K92: =SUM(K9:K91) -> 0
G94: BKU PENGELUARAN | H94: 481310562
H95: =H94-H92 -> 481310562
A97: DAFTAR VOUCHER UTANG YANG HARUS DIBAYAR
A98: BULAN FEBRUARI
A100: VOUCHER | C100: URAIAN | D100: DIBAYAR | F100: DEBET | I100: KREDIT
A101: TGL | B101: NO | D101: TGL | E101: CHEK/B. GIRO | F101: NO. PERK | G101: NAMA PERKIRAAN | H101: JUMLAH (Rp) | I101: NO. PERK | J101: NAMA PERKIRAAN | K101: JUMLAH (Rp)
A103: 02 Feb | B103: 74 | C103: Pembayaran SPPD a.n. Agus Purwanto dan Mahfud Sulistio ke Pembuang Hulu. | D103: =A103 -> 02 Feb | E103: Tunai | F103: 97.07.40 | G103: B. Perjalanan Dinas | I103: 50.01.00 | J103: Utang Usaha | K103: =H103 -> 0
B104: 75 | C104: Pembayaran Uang Pisah Pegawai Honorer dan Kontrak Perusahaan Umum Daerah Air Minum | D104: =A104 -> 0 | E104: Tunai | F104: 97.01.20 | G104: B. Kesejahteraan Karyawan Umum & Adm | I104: 50.01.00 | J104: Utang Usaha | K104: =H104 -> 0
C105: Pembayaran Uang Pisah Pegawai Honorer dan Kontrak Perusahaan Umum Daerah Air Minum | D105: =A105 -> 0 | E105: Tunai | F105: 92.01.20 | G105: B. Kesejahteraan Karyawan Produkai | I105: 50.01.00 | J105: Utang Usaha | K105: =H105 -> 0
A106: 04 Feb | B106: 76 | C106: Pembelian Pulsa Listrik Bagian Kantor | D106: =A106 -> 04 Feb | E106: Tunai | F106: 97.02.70 | G106: B. Listrik/Penerangan | I106: 50.01.00 | J106: Utang Usaha | K106: =H106 -> 0
A107: 06 Feb | B107: =B106+1 -> 77 | C107: Pembayaran Uang Pisah Penagihan Tunggakan Perumdam Tirta Seruyan. | D107: =A107 -> 06 Feb | E107: Tunai | F107: 97.07.90 | G107: Rupa-rupa Beban Umum Lainnya | I107: 50.01.00 | J107: Utang Usaha | K107: =H107 -> 0
B108: =B107+1 -> 78 | C108: Pembayaran Servis Speaker PERUMDAM Tirta Seruyan. | D108: =A108 -> 0 | E108: Tunai | F108: 97.06.10 | G108: Pemeliharaan Inventaris Kantor | I108: 50.01.00 | J108: Utang Usaha | K108: =H108 -> 0
...

Sheet JBK
A1: PERUSAHAAN DAERAH AIR MINUM
A2: KABUPATEN SERUYAN
A4: JOURNAL BAYAR KAS
A5: BULAN JANUARI
A6: Tgl | B6: Voucer | D6: Uraian | E6: Cek/Giro | G6: KREDIT | H6: DEBET
B7: No. | C7: Tgl | E7: No. | F7: Tgl | G7: Kas/Bank | H7: Utang Usaha | I7: Utang Non Usaha
G8: 11.01.00 | H8: 50.01.00 | I8: 50.02.00
A9: 05 Jan | B9: 01 | C9: =A9 -> 05 Jan | D9: Pemby. Service Mobil Avanza KH 1252 PU | G9: =H9 -> 0 | H9: =DVUD!K9 -> 0
B10: 02 | C10: =A10 -> 0 | D10: Pembuatan Spanduk untuk Pemberitahuan Operasional Pelayanan Air 24 Jam di Unit IKK Pembuang Hulu | G10: =H10 -> 0 | H10: =DVUD!K10 -> 0
B11: 03 | C11: =A11 -> 0 | D11: Pemby. Biaya Perpanjangan STNK Mobil PICK UP KH 8088 PW | G11: =H11 -> 0 | H11: =DVUD!K11 -> 0
B12: 04 | C12: =A12 -> 0 | D12: Pembelian Pulsa Listrik Bagian Kantor dan Loket Pembayaran | G12: =H12 -> 0 | H12: =DVUD!K12 -> 0
B13: 05 | C13: =A13 -> 0 | D13: Pembelian Paket Internet Kantor, IKK Kartika Bhakti, IKK Hanau, Tanjung Paring, Mulyono | G13: =H13 -> 0 | H13: =DVUD!K13 -> 0
B14: 06 | C14: =A14 -> 0 | D14: Pemby. Rekening Telepon/HP/Fax | G14: =H14 -> 0 | H14: =DVUD!K14 -> 0
B15: 07 | C15: =A15 -> 0 | D15: Klaim Belanja melalui Kas Kecil IKK PEMBUANG HULU | G15: =H15 -> 0 | H15: =DVUD!K15 -> 0
A16: 08 Jan | B16: 08 | C16: =A16 -> 08 Jan | D16: Pembelian Pulsa Listrik Bagian Kantor | G16: =H16 -> 0 | H16: =DVUD!K16 -> 0
B17: 09 | C17: =A17 -> 0 | D17: Pembay. Pembuatan Spanduk dan Brosur Kenaikan Tarif | G17: =H17 -> 0 | H17: =DVUD!K17 -> 0
A18: 12 Jan | B18: 10 | C18: =A18 -> 12 Jan | D18: Klaim Belanja Melalui Kas Kecil IKK Pembuang Hulu. | G18: =H18 -> 0 | H18: =DVUD!K18 -> 0
A19: 13 Jan | B19: 11 | C19: =A19 -> 13 Jan | D19: Pembelian Materai @10.000 | G19: =H19 -> 0 | H19: =DVUD!K19 -> 0
B20: 12 | C20: =A20 -> 0 | D20: Pembayaran Pajak Air Permukaan & Biaya Kirim Periode Bulan Desember 2025 | G20: =H20 -> 0 | H20: =DVUD!K20 -> 0
B21: 13 | C21: =A21 -> 0 | D21: Pembayaran PPH 21 Gaji Bulan Desember dan Uang Cuti Tahun 2025 | G21: =H21 -> 0 | H21: =DVUD!K21 -> 0
A22: 14 Jan | B22: 14 | C22: =A22 -> 14 Jan | D22: Pembayaran Listrik Sumber Air | G22: =H22 -> 0 | H22: =DVUD!K22 -> 0
B23: 15 | C23: =A23 -> 0 | D23: Pembayaran Listrik Sumber Air IKK Pembuang Hulu (Hanau) | G23: =H23 -> 0 | H23: =DVUD!K23 -> 0
B24: 16 | C24: =A24 -> 0 | D24: Pembayaran Listrik PLN Sumber Air IKK Kartika Bhakti (Kartika Bhakti) | G24: =H24 -> 0 | H24: =DVUD!K24 -> 0
B25: 17 | C25: =A25 -> 0 | D25: Pemby. Iuran BPJS Kesehatan | G25: =H25 -> 0 | H25: =DVUD!K25 -> 0
C26: =A26 -> 0 | G26: =H26 -> 0 | H26: =DVUD!K26 -> 0
C27: =A27 -> 0 | G27: =H27 -> 0 | H27: =DVUD!K27 -> 0
B28: 18 | C28: =A28 -> 0 | D28: Pembay. Iuan Anggota Biasa PERPAMSI Bulan Januari 2026 | G28: =H28 -> 0 | H28: =DVUD!K28 -> 0
B29: 19 | C29: =A29 -> 0 | D29: Pemb. Pulsa Listrik Bagian Kantor | G29: =H29 -> 0 | H29: =DVUD!K29 -> 0
A30: 15 Jan | B30: 20 | C30: =A30 -> 15 Jan | D30: Pemby. Biaya Perpanjangan STNK Motor KH 2251 PI, KH 4995 Pg, dan Mobil Avanza KH 1252 PU | G30: =H30 -> 0 | H30: =DVUD!K30 -> 0
B31: 21 | C31: =A31 -> 0 | D31: Pemby. ATK IKK Pembuang Hulu | G31: =H31 -> 0 | H31: =DVUD!K31 -> 0
B32: 22 | C32: =A32 -> 0 | D32: Pemby. SPPD a.n Hariono dn Hengky Muklis Samitra ke Kuala Pembuang | G32: =H32 -> 0 | H32: =DVUD!K32 -> 0
B33: 23 | C33: =A33 -> 0 | D33: Klaim Belanja melalui Kas Kecil Bag. Administrasi Umum | G33: =H33 -> 0 | H33: =DVUD!K33 -> 0
A34: 19 Jan | B34: 24 | C34: =A34 -> 19 Jan | D34: Pemby. Perbaikan Pompa Intake 7,5 KW / 10 HP IKK Kartika Bhakti | G34: =H34 -> 0 | H34: =DVUD!K34 -> 0
B35: 25 | C35: =A35 -> 0 | D35: Pemby. Biaya Pengantaran Pompa Intake Kota Kuala Pembuang dan IKK Kartika Bhakti | G35: =H35 -> 0 | H35: =DVUD!K35 -> 0
B36: 26 | C36: =A36 -> 0 | D36: Pemby. Service Mobil Pick Up KH 8088 PW (IKK Pembuang Hulu) | G36: =H36 -> 0 | H36: =DVUD!K36 -> 0
B37: 27 | C37: =A37 -> 0 | D37: Pemby. SPPD a.n. Agus Saputra dan Khusnul Siti Hatimah ke Kuala Pembuang | G37: =H37 -> 0 | H37: =DVUD!K37 -> 0
B38: 28 | C38: =A38 -> 0 | D38: Pemby. Service Mobil Avanza KH 1252 PU | G38: =H38 -> 0 | H38: =DVUD!K38 -> 0
B39: 29 | C39: =A39 -> 0 | D39: Pemb. Pulsa Listrik Bagian Kantor | G39: =H39 -> 0 | H39: =DVUD!K39 -> 0
A40: 20 Jan | B40: 30 | C40: =A40 -> 20 Jan | D40: Pemby. Pembuatan Karangan Bunga | G40: =H40 -> 0 | H40: =DVUD!K40 -> 0
B41: 31 | C41: =A41 -> 0 | D41: Pemby. Honorarium Tim Penguji dan Sekretariat Pelaksanaan Job Fit di Lingkungan Perusahaan Umum Daerah Air Minum Tirta Seruyan Berdasarkan Keputusan Direktur 71 Tahun 2025 Tanggal 29 Desember 2025 | G41: =H41 -> 0 | H41: =DVUD!K41 -> 0
B42: 32 | C42: =A42 -> 0 | D42: Pemby. Biaya Konsumsi dan Perlengkapan untuk Kegiatan Pelaksanaan Job Fit di Lingkungan Perusahaan Umm Daerah Air Minum Tirta Seruyan | G42: =H42 -> 0 | H42: =DVUD!K42 -> 0
A43: 21 Jan | B43: 33 | C43: =A43 -> 21 Jan | D43: Klaim Belanja Melalui Kas Kecil Bagian Produksi | G43: =H43 -> 0 | H43: =DVUD!K43 -> 0
B44: 34 | C44: =A44 -> 0 | D44: Pemb. Cangkul untuk Perbaikan Distribusi | G44: =H44 -> 0 | H44: =DVUD!K44 -> 0
A45: 22 Jan | B45: 35 | C45: =A45 -> 22 Jan | D45: Pemb. Pulsa Listrik Bagian Kantor | G45: =H45 -> 0 | H45: =DVUD!K45 -> 0
A46: 23 Jan | B46: 36 | C46: =A46 -> 23 Jan | D46: Pemby. SPPD a.n. Afirus Febian, Tri Murtiani, dan Siti Maisyarah ke Sampit | G46: =H46 -> 0 | H46: =DVUD!K46 -> 0
B47: 37 | C47: =A47 -> 0 | D47: Pemby. SPPD a.n. M. Shobirin, Hendri Setiawan, dan Ayu Widya W. Ke Sampit | G47: =H47 -> 0 | H47: =DVUD!K47 -> 0
A48: 28 Jan | B48: 38 | C48: =A48 -> 28 Jan | D48: Pemby. Gaji Direktur dan Pegawai Bagian Umum | G48: =H48 -> 0 | H48: =DVUD!K48 -> 0
B49: 39 | C49: =A49 -> 0 | D49: Pemby. Gaji Bagian Transdist | G49: =H49 -> 0 | H49: =DVUD!K49 -> 0
B50: 40 | C50: =A50 -> 0 | D50: Pemby. Gaji Bagian Produksi | G50: =H50 -> 0 | H50: =DVUD!K50 -> 0
B51: 41 | C51: =A51 -> 0 | D51: Pemby. Gaji Pegawai IKK Kartika Bhakti | G51: =H51 -> 0 | H51: =DVUD!K51 -> 0
B52: 42 | C52: =A52 -> 0 | D52: Pemby. Gaji Pegawai IKK Pembuang Hulu | G52: =H52 -> 0 | H52: =DVUD!K52 -> 0
B53: 43 | C53: =A53 -> 0 | D53: Pemby. Biaya Konsumsi Berdasarkan Keputusan Direktur Perusahaan Daerah Air Minum Kabupaten Seruyan Nomor: 76 Tahun 2024 Tanggal 23 Desember 2024 | G53: =H53 -> 0 | H53: =DVUD!K53 -> 0
C54: =A54 -> 0 | G54: =H54 -> 0 | H54: =DVUD!K54 -> 0
C55: =A55 -> 0 | G55: =H55 -> 0 | H55: =DVUD!K55 -> 0
B56: 44 | C56: =A56 -> 0 | D56: Pemby. Honorarium Dewan Pengawas Perusahaan Umum Daerah Air Minum Tirta Seruyan Berdasarkan Keputusan Bupati Nomor : 100.3.3.2/388/2025 Tanggal 17 September 2025 | G56: =H56 -> 0 | H56: =DVUD!K56 -> 0
B57: 45 | C57: =A57 -> 0 | D57: Pemby. Dana Representatif Direktur Berdasarkan Keputusan Bupati Seruyan Nomor: 100.3.3.2/704/2024 Tanggal 10 Desember 2024 | G57: =H57 -> 0 | H57: =DVUD!K57 -> 0
B58: 46 | C58: =A58 -> 0 | D58: Pemby. Biaya Cleaning Service | G58: =H58 -> 0 | H58: =DVUD!K58 -> 0
B59: 47 | C59: =A59 -> 0 | D59: Pemby. Biaya Penagihan Tunggakan | G59: =H59 -> 0 | H59: =DVUD!K59 -> 0
B60: 48 | C60: =A60 -> 0 | D60: Pemby. Biaya Keamanan Penjaga Malam Kantor Induk, Penjaga Malam IKK Kartika Bhakti dan Penjaga Tanjung Paring | G60: =H60 -> 0 | H60: =DVUD!K60 -> 0
B61: 49 | C61: =A61 -> 0 | D61: Pemby. Biaya Taman dan Lapangan | G61: =H61 -> 0 | H61: =DVUD!K61 -> 0
B62: 50 | C62: =A62 -> 0 | D62: Pemby. Insentif Khusus Hari Raya Natal, Cuti Bersama Natal, Tahun Baru Masehi, dan Isra Miraj pada Perusahaan Umum DaerahAir Minum Tirta Seruyan Nomor : 32 Tahun 2025 Tanggal 19 Maret 2025 dan Nomor : 04 Tahun 2026 Tanggal 05 Januari 2026 | G62: =H62 -> 0 | H62: =DVUD!K62 -> 0
C63: =A63 -> 0 | G63: =H63 -> 0 | H63: =DVUD!K63 -> 0
C64: =A64 -> 0 | G64: =H64 -> 0 | H64: =DVUD!K64 -> 0
B65: 51 | C65: =A65 -> 0 | D65: Pemby. ATK dan Fotocopy | G65: =H65 -> 0 | H65: =DVUD!K65 -> 0
B66: 52 | C66: =A66 -> 0 | D66: Pemb. Pita Printer dan Tinta Epson 003 | G66: =H66 -> 0 | H66: =DVUD!K66 -> 0
B67: 53 | C67: =A67 -> 0 | D67: Pemb. Tisu, Super Pell, Stella Gantung dll | G67: =H67 -> 0 | H67: =DVUD!K67 -> 0
B68: 54 | C68: =A68 -> 0 | D68: Pemb. Air Minum Pegawai | G68: =H68 -> 0 | H68: =DVUD!K68 -> 0
B69: 55 | C69: =A69 -> 0 | D69: Pemb. Tabung Gas 12 Kg. | G69: =H69 -> 0 | H69: =DVUD!K69 -> 0
B70: 56 | C70: =A70 -> 0 | D70: Pemb. Lampu | G70: =H70 -> 0 | H70: =DVUD!K70 -> 0
B71: 57 | C71: =A71 -> 0 | D71: Pemb. BBM Dexlite Untuk Operasional Mobil Tangki. | G71: =H71 -> 0 | H71: =DVUD!K71 -> 0
B72: 58 | C72: =A72 -> 0 | D72: Pemb. BBM untuk Operasional Avanza KH 1252 PU dan KH 1407 PE Berdasarkan Surat Keputusan Direktur Perusahaan Umum Daerah Air Minum Daerah Air Minum Tirta Seruyan Nomor: 03 Tahun 2026 Tanggal 05 Hjanuari 2026 | G72: =H72 -> 0 | H72: =DVUD!K72 -> 0
B73: 59 | C73: =A73 -> 0 | D73: Pemb. BBM untuk Operasional Kantor dan Bagian Lapangan Mobil Pick Up KH 8529 PH Berdasarkan Surat Keputusan Direktur Perusahaan Umum Daerah Air Minum Tirta Seruyan Nomor : 03 Tahun 2026 Tanggal 05 Januari 2026 | G73: =H73 -> 0 | H73: =DVUD!K73 -> 0
B74: 60 | C74: =A74 -> 0 | D74: Pemb. BBM untuk Operasional Mobil Pick Up KH 8088 PW IKK Pembuang Hulu Berdasarkan Surat Keputusan Direktur Perusahaan Umum Daerah Air Munum Tirta Seruyan Nomor : 03 Tahun 2026 Tanggal 05 Januari 2026 | G74: =H74 -> 0 | H74: =DVUD!K74 -> 0
B75: 61 | C75: =A75 -> 0 | D75: Pemb. Air Minum Pegawai IKK Hanau | G75: =H75 -> 0 | H75: =DVUD!K75 -> 0
B76: 62 | C76: =A76 -> 0 | D76: Pemb. Air Munum Pegawai IKK Kartika Bhakti | G76: =H76 -> 0 | H76: =DVUD!K76 -> 0
... B79: 65 | C79: =A79 -> 0 | D79: Pemb. Snack Box untuk Rapat Pembahasan Rancangan Peraturan Bupati di Tingkat Eksekutif, yaitu tentang Organ dan Kepegawaian Perusahaan Umum Daerah Air Minum Tirta Seruyan | G79: =H79 -> 0 | H79: =DVUD!K79 -> 0
A80: 29 Jan | B80: 66 | C80: =A80 -> 29 Jan | D80: Pemby. Iuran DAPENMA PAMSI | G80: =H80 -> 0 | H80: =DVUD!K80 -> 0
C81: =A81 -> 0 | G81: =H81 -> 0 | H81: =DVUD!K81 -> 0
C82: =A82 -> 0 | G82: =H82 -> 0 | H82: =DVUD!K82 -> 0
B83: 67 | C83: =A83 -> 0 | D83: Pemby. Iuran Anggota DPD PERPAMSI Provinsi Kaleng Berdasarkan Keputusan Dewan Pengawas Daerah PERPAMSI Nomor : 40/SKEP/DPD/III/2018 | G83: =H83 -> 0 | H83: =DVUD!K83 -> 0
B84: 68 | C84: =A84 -> 0 | D84: Pemby. Iuran BPJS Ketenagakerjaan | G84: =H84 -> 0 | H84: =DVUD!K84 -> 0
C85: =A85 -> 0 | G85: =H85 -> 0 | H85: =DVUD!K85 -> 0
C86: =A86 -> 0 | G86: =H86 -> 0 | H86: =DVUD!K86 -> 0
B87: 69 | C87: =A87 -> 0 | D87: Pemby. Biaya Pembersihan Area Sekitar Intake Sungai Mitak | G87: =H87 -> 0 | H87: =DVUD!K87 -> 0
B88: 70 | C88: =A88 -> 0 | D88: Pemby. Biaya Pembersihan Area Instalasi Pengolahan L:ainnya di IKK Kartika Bhakti | G88: =H88 -> 0 | H88: =DVUD!K88 -> 0
B89: 71 | C89: =A89 -> 0 | D89: Pemby. PPH Gaji Bulan Januari Tahun 2026 | G89: =H89 -> 0 | H89: =DVUD!K89 -> 0
B90: 72 | C90: =A90 -> 0 | D90: Pemb. Pulsa Listrik Bagian Kantor | G90: =H90 -> 0 | H90: =DVUD!K90 -> 0
B91: 73 | C91: =A91 -> 0 | D91: Klaim Belanja Melalui Kas Kecil Bagian Administrasi Umum | G91: =H91 -> 0 | H91: =DVUD!K91 -> 0
A92: JUMLAH | G92: =SUM(G9:G91) -> 0 | H92: =SUM(H9:H91) -> 0 | I92: =SUM(I35:I91) -> 0
G94: Dibuat Oleh,
G95: Kabag. Adm. Keuangan
G99: TRI MURTIANI, S.E
A117: PERUSAHAAN DAERAH AIR MINUM
A118: KABUPATEN SERUYAN
A120: JOURNAL BAYAR KAS
A121: BULAN FEBRUARI
A122: Tgl | B122: Voucer | D122: Uraian | E122: Cek/Giro | G122: KREDIT | H122: DEBET
B123: No. | C123: Tgl | E123: No. | F123: Tgl | G123: Kas/Bank | H123: Utang Usaha | I123: Utang Non Usaha
G124: 11.01.00 | H124: 50.01.00 | I124: 50.02.00
A125: 02 Feb | B125: 74 | C125: =A125 -> 02 Feb | D125: Pembayaran SPPD a.n. Agus Purwanto dan Mahfud Sulistio ke Pembuang Hulu. | H125: =DVUD!K103 -> 0
...

Sheet JPBIK
A1: PERUSAHAAN DAERAH AIR MINUM
A2: KABUPATEN SERUYAN
A3: Jalan : Soekarno-Hatta No. Telp (0538) 2706777 Fax (0538) 21815
A4: JURNAL PEMAKAIAN BAHAN INSTALASI DAN BAHAN KIMIA
A5: BULAN JANUARI
A7: Tgl | B7: Kode Perkiraan | C7: Uraian | E7: Debet | F7: Kredit
A9: 31 Jan | B9: 93.02.30 | C9: B. Pemeliharaan Tran dist
B10: 93.02.30 | C10: B. Pemeliharaan Tran dist (HANAU)
B11: 93.02.30 | C11: B. Pemeliharaan Tran dist (KARTIKA BHAKTI)
B12: 93.02.60 | C12: B. Pemeliharaan Water Meter 12
B13: 93.02.60 | C13: B. Pemeliharaan Water Meter 4 (HANAU)
B14: 93.02.60 | C14: B. Pemeliharaan Water Meter 0 (K. BHAKTI)
B15: 96.00.00 | C15: B. Harga Pokok Sambungan Baru 17 SR
B16: 15.03.00 | D16: Persediaan Bahan Instalasi | F16: =SUM(E9:E15) -> 0
A18: =A9 -> 31 Jan | B18: 92.02.10 | C18: Pemakaian Bahan Kimia -Tawas
B19: 92.02.10 | C19: Pemakaian Bahan Kimia - Soda Ash
B20: 92.02.10 | C20: Pemakaian Bahan Kimia - Kaporit
B21: 92.02.10 | C21: Pemakaian Bahan Kimia - Magnoflog
B22: 15.01.00 | D22: Persediaan Bahan Kimia | F22: =SUM(E18:E21) -> 0
A24: =A18 -> 31 Jan | B24: 92.02.10 | C24: Pemakaian Bahan Kimia -Tawas
B25: 92.02.10 | C25: Pemakaian Bahan Kimia - Soda Ash
B26: 92.02.10 | C26: Pemakaian Bahan Kimia - Kaporit
B27: 92.02.10 | C27: Pemakaian Bahan Kimia - Magnoflog
B28: 15.01.00 | D28: Persediaan Bahan Kimia - (P. HULU) | F28: =SUM(E24:E27) -> 0
A30: =A24 -> 31 Jan | B30: 92.02.10 | C30: Pemakaian Bahan Kimia -Tawas
B31: 92.02.10 | C31: Pemakaian Bahan Kimia - Soda Ash
B32: 92.02.10 | C32: Pemakaian Bahan Kimia - Kaporit
B33: 92.02.10 | C33: Pemakaian Bahan Kimia - Magnoflog
B34: 15.01.00 | D34: Persediaan Bahan Kimia (IKK K. BHAKTI) | F34: =SUM(E30:E33) -> 0
A36: =A18 -> 31 Jan | B36: 91.01.20 | C36: Pemakaian Bahan Bakar Sumber Air
B37: 15.02.20 | D37: Persediaan Bahan Bakar dan Minyak Pelumas | F37: =E36 -> 0
E40: =SUM(E8:E38) -> 0 | F40: =SUM(F8:F38) -> 0
A51: PERUSAHAAN DAERAH AIR MINUM
A52: KABUPATEN SERUYAN
A53: Jalan : Soekarno-Hatta No. Telp (0538) 2706777 Fax (0538) 21815
A54: JURNAL PEMAKAIAN BAHAN INSTALASI DAN BAHAN KIMIA
A55: BULAN FEBRUARI
A57: Tgl | B57: Kode Perkiraan | C57: Uraian | E57: Debet | F57: Kredit
A59: 28 Feb | B59: 93.02.30 | C59: B. Pemeliharaan Tran dist
B60: 93.02.30 | C60: B. Pemeliharaan Tran dist (HANAU)
B61: 93.02.30 | C61: B. Pemeliharaan Tran dist (KARTIKA BHAKTI)
B62: 93.02.60 | C62: B. Pemeliharaan Water Meter 76
B63: 93.02.60 | C63: B. Pemeliharaan Water Meter 5 (HANAU)
B64: 93.02.60 | C64: B. Pemeliharaan Water Meter 0 (K. BHAKTI)
B65: 96.00.00 | C65: B. Harga Pokok Sambungan Baru 16 SR
B66: 15.03.00 | D66: Persediaan Bahan Instalasi | F66: =SUM(E59:E65) -> 0
A68: =A59 -> 28 Feb | B68: 92.02.10 | C68: Pemakaian Bahan Kimia -Tawas
B69: 92.02.10 | C69: Pemakaian Bahan Kimia - Soda Ash
B70: 92.02.10 | C70: Pemakaian Bahan Kimia - Kaporit
B71: 92.02.10 | C71: Pemakaian Bahan Kimia - Magnoflog
B72: 15.01.00 | D72: Persediaan Bahan Kimia | F72: =SUM(E68:E71) -> 0
A74: =A68 -> 28 Feb | B74: 92.02.10 | C74: Pemakaian Bahan Kimia -Tawas
B75: 92.02.10 | C75: Pemakaian Bahan Kimia - Soda Ash
B76: 92.02.10 | C76: Pemakaian Bahan Kimia - Kaporit
B77: 92.02.10 | C77: Pemakaian Bahan Kimia - Magnoflog
B78: 15.01.00 | D78: Persediaan Bahan Kimia (IKK HANAU) | F78: =SUM(E74:E77) -> 0
A80: =A74 -> 28 Feb | B80: 92.02.10 | C80: Pemakaian Bahan Kimia -Tawas
B81: 92.02.10 | C81: Pemakaian Bahan Kimia - Soda Ash
B82: 92.02.10 | C82: Pemakaian Bahan Kimia - Kaporit
B83: 92.02.10 | C83: Pemakaian Bahan Kimia - Magnoflog
B84: 15.01.00 | D84: Persediaan Bahan Kimia (IKK K. BHAKTI) | F84: =SUM(E80:E83) -> 0
A86: =A68 -> 28 Feb | B86: 91.01.20 | C86: Pemakaian Bahan Bakar Sumber Air
B87: 15.02.20 | D87: Persediaan Bahan Bakar dan Minyak Pelumas | F87: =E86 -> 0
E90: =SUM(E58:E88) -> 0 | F90: =SUM(F58:F88) -> 0
A101: PERUSAHAAN DAERAH AIR MINUM
A102: KABUPATEN SERUYAN
A103: Jalan : Soekarno-Hatta No. Telp (0538) 2706777 Fax (0538) 21815
A104: JURNAL PEMAKAIAN BAHAN INSTALASI DAN BAHAN KIMIA
A105: BULAN MARET
A107: Tgl | B107: Kode Perkiraan | C107: Uraian | E107: Debet | F107: Kredit
A109: 31 Mar | B109: 93.02.30 | C109: B. Pemeliharaan Tran dist
B110: 93.02.30 | C110: B. Pemeliharaan Tran dist (HANAU)
B111: 93.02.30 | C111: B. Pemeliharaan Tran dist (KARTIKA BHAKTI)
B112: 93.02.60 | C112: B. Pemeliharaan Water Meter 6
B113: 93.02.60 | C113: B. Pemeliharaan Water Meter 8 (HANAU)
B114: 93.02.60 | C114: B. Pemeliharaan Water Meter 0 (K. BHAKTI)
B115: 96.00.00 | C115: B. Harga Pokok Sambungan Baru 7 SR
B116: 15.03.00 | D116: Persediaan Bahan Instalasi | F116: =SUM(E109:E115) -> 0
A118: =A109 -> 31 Mar | B118: 92.02.10 | C118: Pemakaian Bahan Kimia -Tawas
B119: 92.02.10 | C119: Pemakaian Bahan Kimia - Soda Ash
B120: 92.02.10 | C120: Pemakaian Bahan Kimia - Kaporit
B121: 92.02.10 | C121: Pemakaian Bahan Kimia - Magnoflog
B122: 15.01.00 | D122: Persediaan Bahan Kimia | F122: =SUM(E118:E121) -> 0
A124: =A118 -> 31 Mar | B124: 92.02.10 | C124: Pemakaian Bahan Kimia -Tawas
B125: 92.02.10 | C125: Pemakaian Bahan Kimia - Soda Ash
B126: 92.02.10 | C126: Pemakaian Bahan Kimia - Kaporit
B127: 92.02.10 | C127: Pemakaian Bahan Kimia - Magnoflog
B128: 15.01.00 | D128: Persediaan Bahan Kimia (IKK HANAU) | F128: =SUM(E124:E127) -> 0
A130: =A124 -> 31 Mar | B130: 92.02.10 | C130: Pemakaian Bahan Kimia -Tawas
B131: 92.02.10 | C131: Pemakaian Bahan Kimia - Soda Ash
B132: 92.02.10 | C132: Pemakaian Bahan Kimia - Kaporit
B133: 92.02.10 | C133: Pemakaian Bahan Kimia - Magnoflog
B134: 15.01.00 | D134: Persediaan Bahan Kimia (IKK K. BHAKTI) | F134: =SUM(E130:E133) -> 0
A136: =A118 -> 31 Mar | B136: 91.01.20 | C136: Pemakaian Bahan Bakar Sumber Air
B137: 15.02.20 | D137: Persediaan Bahan Bakar dan Minyak Pelumas | F137: =E136 -> 0
E140: =SUM(E108:E138) -> 0 | F140: =SUM(F108:F138) -> 0
A151: PERUSAHAAN DAERAH AIR MINUM
A152: KABUPATEN SERUYAN
A153: Jalan : Soekarno-Hatta No. Telp (0538) 2706777 Fax (0538) 21815
A154: JURNAL PEMAKAIAN BAHAN INSTALASI DAN BAHAN KIMIA
...

Sheet JP
A1: PERUSAHAAN DAERAH AIR MINUM
A2: KABUPATEN SERUYAN
A3: Jalan : Soekarno-Hatta No. Telp (0538) 2706777 Fax (0538) 21815
A5: JOURNAL PENYESUAIAN (JP)
A6: BULAN : JANUARI 2026
A8: TGL | B8: NO. PERK | C8: NAMA PERKIRAAN | F8: DEBET | G8: KREDIT
A10: 46081 | B10: 50.03.00 | C10: Beban Yang Masih Harus Dibayar
B11: 96.01.50 | D11: Beban Air Baku (Pajak Air Permukaan)
C12: ( Koreksi atas Utang Pajak Air Permukaan Des 25 pada saat transaksi pemby tgl 13 Feb diakui sebagai beban kembali )
A14: 28 Feb | B14: 50.03.00 | C14: Beban Yang Masih Harus Dibayar
B15: 97.01.90 | D15: Rupa-rupa Beban Pegawai
C16: (Koreksi atas Utang PPH 21 Pegawai Des 25 pada saat transaksi pembay tgl 13 Feb diakui sebagai beban kembali)
A18: JUMLAH | F18: =SUM(F10:F15) -> 0 | G18: =SUM(G10:G15) -> 0
A64: PERUSAHAAN DAERAH AIR MINUM
A65: KABUPATEN SERUYAN
A66: Jalan : Soekarno-Hatta No. Telp (0538) 2706777 Fax (0538) 21815
A68: JOURNAL PENYESUAIAN (JP)
A69: BULAN : DESEMBER 2025
A71: TGL | B71: NO. PERK | C71: NAMA PERKIRAAN | F71: DEBET | G71: KREDIT
A73: 31 Des | B73: 97.01.90 | C73: Rupa-rupa Biaya Pegawai
B74: 97.01.20 | D74: Beban Kesejahteraan Karyawan | G74: =F73 -> 0
C75: ( Koreksi atas biaya tersebut karena insentif dipot pph 21 sehingga atas potongan pajak tsb seharusnya masuk beban PPh 21 )
A79: JUMLAH | F79: =SUM(F73:F78) -> 0 | G79: =SUM(G73:G78) -> 0

Sheet J. Pemblk
A1: PERUSAHAAN DAERAH AIR MINUM
A2: KABUPATEN SERUYAN
A3: Jalan : Soekarno-Hatta No. Telp (0538) 2706777 Fax (0538) 21815
A5: JOURNAL PEMBALIK
A6: BULAN : JANUARI 2019
A8: No | B8: Tgl | C8: Uraian | E8: Ref. | F8: Debet | G8: Kredit
A10: 1 | B10: 1 Jan | C10: Beban Operasi Pengolahan Air (Tawas) | E10: JP '18 | F10: 107317500
C11: Beban Operasi Pengolahan Air (Kaporit) | E11: =E10 -> JP '18 | F11: 7112000
C12: Beban Operasi Pengolahan Air (Soda Ash) | E12: =E11 -> JP '18 | F12: 44280000
D13: Persediaan Bahan Kimia | E13: =E12 -> JP '18 | G13: =SUM(F10:F12) -> 158709500
B15: 1 Jan | C15: Beban ATK & Barang Cetakkan | E15: =E13 -> JP '18 | F15: 681000
D16: Persediaan ATK | E16: =E15 -> JP '18 | G16: =F15 -> 681000
A18: JUMLAH | F18: =SUM(F10:F17) -> 159390500 | G18: =SUM(G10:G17) -> 159390500
A50: PERUSAHAAN DAERAH AIR MINUM
A51: KABUPATEN SERUYAN
A52: Jalan : Soekarno-Hatta No. Telp (0538) 2706777 Fax (0538) 21815
A54: JOURNAL PEMBALIK
A55: BULAN : FEBRUARI 2019
A57: No | B57: Tgl | C57: Uraian | E57: Ref. | F57: Debet | G57: Kredit
A59: 1 | B59: 1 Feb | C59: Beban Operasi Pengolahan Air (Tawas) | E59: JP 'Jan | F59: =JP!#REF! -> #REF!
C60: Beban Operasi Pengolahan Air (Kaporit) | E60: JP 'Jan | F60: =JP!#REF! -> #REF!
C61: Beban Operasi Pengolahan Air (Soda Ash) | E61: JP 'Jan | F61: =JP!#REF! -> #REF!
D62: Persediaan Bahan Kimia | E62: JP 'Jan | G62: =JP!#REF! -> #REF!
A66: JUMLAH | F66: =SUM(F59:F65) -> #REF! | G66: =SUM(G59:G65) -> #REF!
A100: PERUSAHAAN DAERAH AIR MINUM
A101: KABUPATEN SERUYAN
A102: Jalan : Soekarno-Hatta No. Telp (0538) 2706777 Fax (0538) 21815
A104: JOURNAL PEMBALIK
A105: BULAN : MARET 2019
A107: No | B107: Tgl | C107: Uraian | E107: Ref. | F107: Debet | G107: Kredit
A109: 1 | B109: 1 Maret | C109: Beban Operasi Pengolahan Air (Tawas) | E109: JP 'FEB | F109: =JP!#REF! -> #REF!
C110: Beban Operasi Pengolahan Air (Kaporit) | E110: JP 'FEB | F110: =JP!#REF! -> #REF!
C111: Beban Operasi Pengolahan Air (Soda Ash) | E111: JP 'FEB | F111: =JP!#REF! -> #REF!
D112: Persediaan Bahan Kimia | E112: JP 'FEB | G112: =JP!#REF! -> #REF!
A117: JUMLAH | F117: =SUM(F109:F116) -> #REF! | G117: =SUM(G109:G116) -> #REF!
A150: PERUSAHAAN DAERAH AIR MINUM
A151: KABUPATEN SERUYAN
A152: Jalan : Soekarno-Hatta No. Telp (0538) 2706777 Fax (0538) 21815
A154: JOURNAL PEMBALIK
A155: BULAN : APRIL 2019
A157: No | B157: Tgl | C157: Uraian | E157: Ref. | F157: Debet | G157: Kredit
A159: 1 | B159: 1 April | C159: Beban Operasi Pengolahan Air (Tawas) | E159: JP 'MAR | F159: =JP!#REF! -> #REF!
C160: Beban Operasi Pengolahan Air (Kaporit) | E160: JP 'MAR | F160: =JP!#REF! -> #REF!
C161: Beban Operasi Pengolahan Air (Soda Ash) | E161: JP 'MAR | F161: =JP!#REF! -> #REF!
D162: Persediaan Bahan Kimia | E162: JP 'MAR | G162: =SUM(F159:F161) -> #REF!
A166: JUMLAH | F166: =SUM(F159:F165) -> #REF! | G166: =SUM(G159:G165) -> #REF!
A200: PERUSAHAAN DAERAH AIR MINUM
A201: KABUPATEN SERUYAN
A202: Jalan : Soekarno-Hatta No. Telp (0538) 2706777 Fax (0538) 21815
A204: JOURNAL PEMBALIK
A205: BULAN : MEI 2019
A207: No | B207: Tgl | C207: Uraian | E207: Ref. | F207: Debet | G207: Kredit
A209: 1 | B209: 1 Mei 19 | C209: Beban Operasi Pengolahan Air (Tawas) | E209: JP 'APRIL | F209: =JP!#REF! -> #REF!
C210: Beban Operasi Pengolahan Air (Kaporit) | E210: JP 'APRIL | F210: =JP!#REF! -> #REF!
C211: Beban Operasi Pengolahan Air (Soda Ash) | E211: JP 'APRIL | F211: =JP!#REF! -> #REF!
D212: Persediaan Bahan Kimia | E212: JP 'APRIL | G212: =SUM(F209:F211) -> #REF!
A216: JUMLAH | F216: =SUM(F209:F215) -> #REF! | G216: =SUM(G209:G215) -> #REF!
A250: PERUSAHAAN DAERAH AIR MINUM
A251: KABUPATEN SERUYAN
A252: Jalan : Soekarno-Hatta No. Telp (0538) 2706777 Fax (0538) 21815
A254: JOURNAL PEMBALIK
A255: BULAN : JUNI 2019
A257: No | B257: Tgl | C257: Uraian | E257: Ref. | F257: Debet | G257: Kredit
A259: 1 | B259: 1 Juni 19 | C259: Beban Operasi Pengolahan Air (Tawas) | E259: JP 'MEI | F259: =JP!#REF! -> #REF!
C260: Beban Operasi Pengolahan Air (Kaporit) | E260: JP 'MEI | F260: =JP!#REF! -> #REF!
C261: Beban Operasi Pengolahan Air (Soda Ash) | E261: JP 'MEI | F261: =JP!#REF! -> #REF!
D262: Persediaan Bahan Kimia | E262: JP 'MEI | G262: =SUM(F259:F261) -> #REF!
A266: JUMLAH | F266: =SUM(F259:F265) -> #REF! | G266: =SUM(G259:G265) -> #REF!
A300: PERUSAHAAN DAERAH AIR MINUM
A301: KABUPATEN SERUYAN
A302: Jalan : Soekarno-Hatta No. Telp (0538) 2706777 Fax (0538) 21815
A304: JOURNAL PEMBALIK
A305: BULAN : JULI 2019
A307: No | B307: Tgl | C307: Uraian | E307: Ref. | F307: Debet | G307: Kredit
A309: 1 | B309: 1 Juli 15 | C309: Beban Operasi Pengolahan Air (Tawas) | E309: JP 'JUNI | F309: =JP!#REF! -> #REF!
C310: Beban Operasi Pengolahan Air (Kaporit) | E310: JP 'JUNI | F310: =JP!#REF! -> #REF!
C311: Beban Operasi Pengolahan Air (Soda Ash) | E311: JP 'JUNI | F311: =JP!#REF! -> #REF!
D312: Persediaan Bahan Kimia | E312: JP 'JUNI | G312: =SUM(F309:F311) -> #REF!
A316: JUMLAH | F316: =SUM(F309:F315) -> #REF! | G316: =SUM(G309:G315) -> #REF!
A350: PERUSAHAAN DAERAH AIR MINUM
A351: KABUPATEN SERUYAN
A352: Jalan : Soekarno-Hatta No. Telp (0538) 2706777 Fax (0538) 21815
A354: JOURNAL PEMBALIK
A355: BULAN : AGUSTUS 2019
A357: No | B357: Tgl | C357: Uraian | E357: Ref. | F357: Debet | G357: Kredit
A359: 1 | B359: 1 Agustus 15 | C359: Beban Operasi Pengolahan Air (Tawas) | E359: JP ' juli | F359: =JP!#REF! -> #REF!
C360: Beban Operasi Pengolahan Air (Kaporit) | E360: JP ' juli | F360: =JP!#REF! -> #REF!
C361: Beban Operasi Pengolahan Air (Soda Ash) | E361: JP ' juli | F361: =JP!#REF! -> #REF!
D362: Persediaan Bahan Kimia | E362: JP ' juli | G362: =SUM(F359:F361) -> #REF!
A365: JUMLAH | F365: =SUM(F359:F364) -> #REF! | G365: =SUM(G359:G364) -> #REF!
A400: PERUSAHAAN DAERAH AIR MINUM
A401: KABUPATEN SERUYAN
A402: Jalan : Soekarno-Hatta No. Telp (0538) 2706777 Fax (0538) 21815
A404: JOURNAL PEMBALIK
A405: BULAN : SEPTEMBER 2019
A407: No | B407: Tgl | C407: Uraian | E407: Ref. | F407: Debet | G407: Kredit
A409: 1 | B409: 1 Sep 15 | C409: Beban Operasi Pengolahan Air (Tawas) | E409: JP ' Agust | F409: =JP!#REF! -> #REF!
C410: Beban Operasi Pengolahan Air (Kaporit) | E410: JP ' Agust | F410: =JP!#REF! -> #REF!
C411: Beban Operasi Pengolahan Air (Soda Ash) | E411: JP ' Agust | F411: =JP!#REF! -> #REF!
D412: Persediaan Bahan Kimia | E412: JP ' Agust | G412: =SUM(F409:F411) -> #REF!
...

Sheet DUVHD
A1: PERUSAHAAN DAERAH AIR MINUM
A3: DAFTAR UTANG VOUCER YANG HARUS DIBAYAR (DUVHD)
A4: BULAN JANUARI 2012
A6: VOUCER | C6: URAIAN | D6: DIBAYAR | F6: PERKIRAAN DI KREDIT | H6: PERKIRAAN DI DEBET
A7: TGL | B7: NO | D7: TGL | E7: CEK/GIRO NO. | F7: UTANG | H7: PERSEDIAN | I7: BAHAN | J7: UANG MUKA | K7: BOP | L7: BOP | M7: BOP | N7: BIAYA UMUM & ADM | P7: RUPA-RUPA
F8: USAHA | G8: NON USAHA | H8: BHN. KIMIA | I8: INSTALASI | J8: KERJA | K8: SUMBER | L8: PENGOLAHAN | M8: DISTRIBUSI | N8: B. KANTOR | O8: B. HUB.PEL | P8: KD. PERKIRAAN | Q8: JUMLAH
F9: (50.01.00) | G9: (50.02.00) | H9: (15.00.01) | I9: (41.02.00) | J9: (16.02.00) | K9: (91.01.00) | L9: (92.01.00) | M9: (93.01.00) | N9: (96.02.00) | O9: (96.03.00)

Sheet J.Koreksi
A1: PERUSAHAAN DAERAH AIR MINUM
A2: KABUPATEN SERUYAN
A3: Jalan : Soekarno-Hatta No. Telp (0538) 2706777 Fax (0538) 21815
A4: JOURNAL KOREKSI
A5: BULAN : JANUARI 2020
A7: No | B7: Tgl | C7: Uraian | E7: Ref. | F7: Debet | G7: Kredit
B9: 81.01.10 | C9: Pendapatan Air-Harga Air
B10: 13.01.11 | D10: Piutang Rek Air - Tempat Ibadah (TI)
A21: JUMLAH | F21: =SUM(F8:F19) -> 0 | G21: =SUM(G8:G19) -> 0

Sheet BKU

Sheet BKU PM

Sheet JRNA
A1: PERUSAHAAN DAERAH AIR MINUM
A2: KABUPATEN SERUYAN
A3: Jalan : Soekarno-Hatta No. Telp (0538) 2706777 Fax (0538) 21815
A4: JOURNAL REKENING NON AIR (JRNA)
A5: BULAN : JANUARI 2020
A7: TGL | B7: NO. PERK | C7: NAMA PERKIRAAN | E7: LEMBAR | F7: Debet | G7: Kredit
A9: 31 Jan | C9: Piutang Non Air
B10: 81.02.10 | D10: Pendapatan Non Air - Samb. Baru
B11: 81.02.70 | D11: Pendapatan Non Air - Penggantian Meter Rusak
B12: 81.02.80 | D12: Pendapatan Non Air- Penggantian Pipa Persil
G26: =F25 -> 0
A29: JUMLAH | F29: =SUM(F9:F27) -> 0 | G29: =SUM(G9:G27) -> 0
